date,shortname,redcode,spread5y,lambda,R,T,L,S,sigma_stock,r,D
2001-01-02,BOEING CO,09G725,0.303333333333333,0.30000001,0.5,5,0.75,62.0,0.4216614548863157,0.047600001,8.7489548
2001-01-03,BOEING CO,09G725,0.27625,0.30000001,0.5,5,0.75,62.5625,0.4215204942609416,0.049400002,8.7489548
2001-01-04,BOEING CO,09G725,0.27625,0.30000001,0.5,5,0.75,61.0,0.4180391978344932,0.0482,8.7489548
2001-01-05,BOEING CO,09G725,0.27625,0.30000001,0.5,5,0.75,58.75,0.4197407624115365,0.046599999,8.7489548
2001-01-08,BOEING CO,09G725,0.27625,0.30000001,0.5,5,0.75,59.0,0.418846033080302,0.046500001,8.7489548
2001-01-09,BOEING CO,09G725,0.27875,0.30000001,0.5,5,0.75,58.9375,0.4185610375200653,0.0473,8.7489548
2001-01-10,BOEING CO,09G725,0.27875,0.30000001,0.5,5,0.75,60.375,0.4186867544784346,0.048300002,8.7489548
2001-01-11,BOEING CO,09G725,0.27875,0.30000001,0.5,5,0.75,59.125,0.4192813949291527,0.048500001,8.7489548
2001-01-12,BOEING CO,09G725,0.27875,0.30000001,0.5,5,0.75,60.625,0.4195738841950082,0.049699999,8.7489548
2001-01-16,BOEING CO,09G725,0.27875,0.30000001,0.5,5,0.75,61.0,0.4179902801189002,0.049600001,8.7489548
2001-01-17,BOEING CO,09G725,0.27875,0.30000001,0.5,5,0.75,58.75,0.4192290972287252,0.048700001,8.7489548
2001-01-18,BOEING CO,09G725,0.27875,0.30000001,0.5,5,0.75,57.375,0.4160504993732441,0.047400001,8.7489548
2001-01-19,BOEING CO,09G725,0.27875,0.30000001,0.5,5,0.75,55.6875,0.4164398315217793,0.0484,8.7489548
2001-01-22,BOEING CO,09G725,0.27875,0.30000001,0.5,5,0.75,56.0,0.4160459789480118,0.048700001,8.7489548
2001-01-23,BOEING CO,09G725,0.25875,0.30000001,0.5,5,0.75,57.5,0.4156382565412241,0.049600001,8.7489548
2001-01-24,BOEING CO,09G725,0.27125,0.30000001,0.5,5,0.75,57.4375,0.414579741742339,0.049800001,8.7489548
2001-01-25,BOEING CO,09G725,0.27125,0.30000001,0.5,5,0.75,59.25,0.4155698594915899,0.049400002,8.7489548
2001-01-26,BOEING CO,09G725,0.27125,0.30000001,0.5,5,0.75,58.0625,0.4153267025004339,0.0493,8.7489548
2001-01-29,BOEING CO,09G725,0.27125,0.30000001,0.5,5,0.75,56.459999,0.4161939884411274,0.049699999,8.7489548
2001-01-30,BOEING CO,09G725,0.291666666666667,0.30000001,0.5,5,0.75,56.150002,0.4162301302916291,0.0491,8.7489548
2001-01-31,BOEING CO,09G725,0.291666666666667,0.30000001,0.5,5,0.75,58.5,0.4177922259445268,0.048500001,8.7489548
2001-02-01,BOEING CO,09G725,0.291666666666667,0.30000001,0.5,5,0.75,56.52,0.418869875026695,0.047800001,8.7489548
2001-02-02,BOEING CO,09G725,0.291666666666667,0.30000001,0.5,5,0.75,56.849998,0.4179534379879072,0.048599999,8.7489548
2001-02-05,BOEING CO,09G725,0.291666666666667,0.30000001,0.5,5,0.75,57.93,0.4181650276694383,0.048799999,8.7489548
2001-02-06,BOEING CO,09G725,0.245,0.30000001,0.5,5,0.75,56.73,0.4155973129757788,0.049199998,8.7489548
2001-02-07,BOEING CO,09G725,0.245,0.30000001,0.5,5,0.75,57.450001,0.4152982299205409,0.0491,8.7489548
2001-02-08,BOEING CO,09G725,0.245,0.30000001,0.5,5,0.75,57.509998,0.4125986406749471,0.0493,8.7489548
2001-02-09,BOEING CO,09G725,0.245,0.30000001,0.5,5,0.75,57.34,0.4122599101285108,0.048500001,8.7489548
2001-02-12,BOEING CO,09G725,0.288333333333333,0.30000001,0.5,5,0.75,59.07,0.4132327939479938,0.048599999,8.7489548
2001-02-13,BOEING CO,09G725,0.288333333333333,0.30000001,0.5,5,0.75,60.720001,0.4118166068909053,0.048999999,8.7489548
2001-02-14,BOEING CO,09G725,0.288333333333333,0.30000001,0.5,5,0.75,60.59,0.4118162142530243,0.049899999,8.7489548
2001-02-15,BOEING CO,09G725,0.288333333333333,0.30000001,0.5,5,0.75,60.150002,0.4104562965528078,0.0506,8.7489548
2001-02-16,BOEING CO,09G725,0.288333333333333,0.30000001,0.5,5,0.75,59.990002,0.410461272636431,0.049400002,8.7489548
2001-02-20,BOEING CO,09G725,0.28625,0.30000001,0.5,5,0.75,61.849998,0.4092672398328596,0.049400002,8.7489548
2001-02-21,BOEING CO,09G725,0.288333333333333,0.30000001,0.5,5,0.75,60.200001,0.4028684186598373,0.049600001,8.7489548
2001-02-22,BOEING CO,09G725,0.288333333333333,0.30000001,0.5,5,0.75,61.279999,0.4003894585498001,0.049400002,8.7489548
2001-02-23,BOEING CO,09G725,0.288333333333333,0.30000001,0.5,5,0.75,61.610001,0.4000151755926831,0.048599999,8.7489548
2001-02-26,BOEING CO,09G725,0.3,0.30000001,0.5,5,0.75,62.759998,0.3990786254280677,0.048099998,8.7489548
2001-02-27,BOEING CO,09G725,0.3,0.30000001,0.5,5,0.75,63.700001,0.3985568235033187,0.047499999,8.7489548
2001-02-28,BOEING CO,09G725,0.2922,0.30000001,0.5,5,0.75,62.200001,0.3993852130862768,0.046999998,8.7489548
2001-03-01,BOEING CO,09G725,0.3,0.30000001,0.5,5,0.75,59.650002,0.4012748157748256,0.046700001,9.9037762
2001-03-02,BOEING CO,09G725,0.2975,0.30000001,0.5,5,0.75,60.099998,0.4011079783721057,0.047499999,9.9037762
2001-03-05,BOEING CO,09G725,0.295,0.30000001,0.5,5,0.75,61.91,0.4020589521318492,0.047800001,9.9037762
2001-03-06,BOEING CO,09G725,0.295,0.30000001,0.5,5,0.75,62.130001,0.40126924940332,0.047800001,9.9037762
2001-03-07,BOEING CO,09G725,0.295,0.30000001,0.5,5,0.75,64.099998,0.4020995408207707,0.047200002,9.9037762
2001-03-08,BOEING CO,09G725,0.295,0.30000001,0.5,5,0.75,64.75,0.3999116161947426,0.046999998,9.9037762
2001-03-09,BOEING CO,09G725,0.295,0.30000001,0.5,5,0.75,65.5,0.399919188386352,0.047499999,9.9037762
2001-03-12,BOEING CO,09G725,0.295,0.30000001,0.5,5,0.75,61.0,0.4039428426433373,0.047200002,9.9037762
2001-03-13,BOEING CO,09G725,0.295,0.30000001,0.5,5,0.75,60.57,0.4040340438600434,0.047499999,9.9037762
2001-03-14,BOEING CO,09G725,0.295,0.30000001,0.5,5,0.75,58.02,0.4063756445724671,0.0462,9.9037762
2001-03-15,BOEING CO,09G725,0.295,0.30000001,0.5,5,0.75,56.099998,0.4045329946792056,0.045499999,9.9037762
2001-03-16,BOEING CO,09G725,0.295,0.30000001,0.5,5,0.75,53.75,0.4064618165004796,0.045400001,9.9037762
2001-03-19,BOEING CO,09G725,0.295,0.30000001,0.5,5,0.75,56.02,0.4062977112657328,0.0458,9.9037762
2001-03-20,BOEING CO,09G725,0.295,0.30000001,0.5,5,0.75,55.0,0.406738453173158,0.045200001,9.9037762
2001-03-21,BOEING CO,09G725,0.295,0.30000001,0.5,5,0.75,53.849998,0.4071473335670549,0.0449,9.9037762
2001-03-22,BOEING CO,09G725,0.295,0.30000001,0.5,5,0.75,52.0,0.4086254453443264,0.044399999,9.9037762
2001-03-23,BOEING CO,09G725,0.295,0.30000001,0.5,5,0.75,53.0,0.407663625834955,0.045200001,9.9037762
2001-03-26,BOEING CO,09G725,0.26,0.30000001,0.5,5,0.75,55.439999,0.4094015367851524,0.045600001,9.9037762
2001-03-27,BOEING CO,09G725,0.26,0.30000001,0.5,5,0.75,55.200001,0.4083996428082781,0.0473,9.9037762
2001-03-28,BOEING CO,09G725,0.25,0.30000001,0.5,5,0.75,55.0,0.4078574171452354,0.046799999,9.9037762
2001-03-29,BOEING CO,09G725,0.25,0.30000001,0.5,5,0.75,55.950001,0.4081176676350513,0.046700001,9.9037762
2001-03-30,BOEING CO,09G725,0.25,0.30000001,0.5,5,0.75,55.709999,0.4077672619340305,0.0462,10.066769
2001-04-02,BOEING CO,09G725,0.2425,0.30000001,0.5,5,0.75,55.02,0.4073724488708071,0.046599999,10.066769
2001-04-03,BOEING CO,09G725,0.24875,0.30000001,0.5,5,0.75,54.610001,0.4070608164751913,0.046,10.066769
2001-04-04,BOEING CO,09G725,0.257,0.30000001,0.5,5,0.75,54.630001,0.407060976378572,0.0458,10.066769
2001-04-05,BOEING CO,09G725,0.257,0.30000001,0.5,5,0.75,56.810001,0.4072740222077972,0.046300001,10.066769
2001-04-06,BOEING CO,09G725,0.257,0.30000001,0.5,5,0.75,55.98,0.407618602529465,0.045200001,10.066769
2001-04-09,BOEING CO,09G725,0.257,0.30000001,0.5,5,0.75,56.869999,0.407600060683368,0.045600001,10.066769
2001-04-10,BOEING CO,09G725,0.257,0.30000001,0.5,5,0.75,59.82,0.410127251139238,0.046999998,10.066769
2001-04-11,BOEING CO,09G725,0.257,0.30000001,0.5,5,0.75,59.119999,0.4100820009936376,0.047499999,10.066769
2001-04-12,BOEING CO,09G725,0.257,0.30000001,0.5,5,0.75,60.5,0.4073105187982635,0.048300002,10.066769
2001-04-16,BOEING CO,09G725,0.257,0.30000001,0.5,5,0.75,59.75,0.4071346501344367,0.049400002,10.066769
2001-04-17,BOEING CO,09G725,0.257,0.30000001,0.5,5,0.75,60.599998,0.4046545221466906,0.048700001,10.066769
2001-04-18,BOEING CO,09G725,0.257,0.30000001,0.5,5,0.75,61.299999,0.4047328677477892,0.047499999,10.066769
2001-04-19,BOEING CO,09G725,0.257,0.30000001,0.5,5,0.75,60.630001,0.4045328808710774,0.048599999,10.066769
2001-04-20,BOEING CO,09G725,0.288333333333333,0.30000001,0.5,5,0.75,61.700001,0.3987926199933377,0.048799999,10.066769
2001-04-23,BOEING CO,09G725,0.281,0.30000001,0.5,5,0.75,60.139999,0.3929284188980288,0.047800001,10.066769
2001-04-24,BOEING CO,09G725,0.281,0.30000001,0.5,5,0.75,60.799999,0.3889001241085432,0.047800001,10.066769
2001-04-25,BOEING CO,09G725,0.276,0.30000001,0.5,5,0.75,60.34,0.3880416264032287,0.048799999,10.066769
2001-04-26,BOEING CO,09G725,0.276,0.30000001,0.5,5,0.75,60.98,0.3875119328892694,0.047899999,10.066769
2001-04-27,BOEING CO,09G725,0.254166666666667,0.30000001,0.5,5,0.75,61.610001,0.3875663198221779,0.049400002,10.066769
2001-04-30,BOEING CO,09G725,0.260833333333333,0.30000001,0.5,5,0.75,61.799999,0.3875320350942321,0.049699999,10.066769
2001-05-01,BOEING CO,09G725,0.260833333333333,0.30000001,0.5,5,0.75,63.43,0.3878776655428234,0.049400002,10.177745
2001-05-02,BOEING CO,09G725,0.254166666666667,0.30000001,0.5,5,0.75,64.0,0.3866783970675687,0.0495,10.177745
2001-05-03,BOEING CO,09G725,0.254166666666667,0.30000001,0.5,5,0.75,64.0,0.3862201372657282,0.048700001,10.177745
2001-05-04,BOEING CO,09G725,0.254166666666667,0.30000001,0.5,5,0.75,64.5,0.3856854452940502,0.048300002,10.177745
2001-05-07,BOEING CO,09G725,0.254166666666667,0.30000001,0.5,5,0.75,64.690002,0.3843506564089988,0.0482,10.177745
2001-05-08,BOEING CO,09G725,0.254166666666667,0.30000001,0.5,5,0.75,64.629997,0.3828503767795192,0.046799999,10.177745
2001-05-09,BOEING CO,09G725,0.254166666666667,0.30000001,0.5,5,0.75,65.0,0.3828966437633533,0.046500001,10.177745
2001-05-10,BOEING CO,09G725,0.254166666666667,0.30000001,0.5,5,0.75,65.949997,0.3813482469670657,0.047600001,10.177745
2001-05-11,BOEING CO,09G725,0.254166666666667,0.30000001,0.5,5,0.75,66.010002,0.3812393788396071,0.049899999,10.177745
2001-05-14,BOEING CO,09G725,0.254166666666667,0.30000001,0.5,5,0.75,66.739998,0.381287535769588,0.049400002,10.177745
2001-05-15,BOEING CO,09G725,0.254166666666667,0.30000001,0.5,5,0.75,66.589996,0.3813088835922835,0.0495,10.177745
2001-05-16,BOEING CO,09G725,0.25,0.30000001,0.5,5,0.75,66.75,0.3813013693410076,0.0495,10.177745
2001-05-17,BOEING CO,09G725,0.25,0.30000001,0.5,5,0.75,68.790001,0.3823180428992558,0.049899999,10.177745
2001-05-18,BOEING CO,09G725,0.25,0.30000001,0.5,5,0.75,68.349998,0.3824051787234799,0.049899999,10.177745
2001-05-21,BOEING CO,09G725,0.246,0.30000001,0.5,5,0.75,68.690002,0.3818310520713619,0.049899999,10.177745
2001-05-22,BOEING CO,09G725,0.246,0.30000001,0.5,5,0.75,68.0,0.3818247228857591,0.049899999,10.177745
2001-05-23,BOEING CO,09G725,0.246,0.30000001,0.5,5,0.75,66.0,0.3829624089599088,0.049600001,10.177745
2001-05-24,BOEING CO,09G725,0.246,0.30000001,0.5,5,0.75,65.199997,0.3806222108787375,0.050500002,10.177745
2001-05-25,BOEING CO,09G725,0.246,0.30000001,0.5,5,0.75,63.330002,0.3815797461780756,0.0504,10.177745
2001-05-29,BOEING CO,09G725,0.242,0.30000001,0.5,5,0.75,63.529999,0.3815395259499649,0.0506,10.177745
2001-05-30,BOEING CO,09G725,0.224,0.30000001,0.5,5,0.75,63.049999,0.3803119443112064,0.050700001,10.177745
2001-05-31,BOEING CO,09G725,0.227,0.30000001,0.5,5,0.75,62.889999,0.3800495784782849,0.049400002,10.197403
2001-06-01,BOEING CO,09G725,0.227,0.30000001,0.5,5,0.75,65.0,0.3810982108971321,0.049400002,10.197403
2001-06-04,BOEING CO,09G725,0.227,0.30000001,0.5,5,0.75,66.029999,0.3813346819748706,0.0493,10.197403
2001-06-05,BOEING CO,09G725,0.227,0.30000001,0.5,5,0.75,66.93,0.3806207374711173,0.0484,10.197403
2001-06-06,BOEING CO,09G725,0.227,0.30000001,0.5,5,0.75,66.099998,0.3802850088338929,0.048300002,10.197403
2001-06-07,BOEING CO,09G725,0.227,0.30000001,0.5,5,0.75,65.650002,0.3787497320042442,0.048799999,10.197403
2001-06-08,BOEING CO,09G725,0.227,0.30000001,0.5,5,0.75,64.589996,0.3790080639928828,0.0493,10.197403
2001-06-11,BOEING CO,09G725,0.256428571428571,0.30000001,0.5,5,0.75,64.5,0.3782708351215464,0.048700001,10.197403
2001-06-12,BOEING CO,09G725,0.256428571428571,0.30000001,0.5,5,0.75,65.709999,0.3774764661226264,0.0482,10.197403
2001-06-13,BOEING CO,09G725,0.256428571428571,0.30000001,0.5,5,0.75,65.489998,0.3771949664834084,0.048099998,10.197403
2001-06-14,BOEING CO,09G725,0.256428571428571,0.30000001,0.5,5,0.75,63.560001,0.3785251720607083,0.047600001,10.197403
2001-06-15,BOEING CO,09G725,0.256428571428571,0.30000001,0.5,5,0.75,64.25,0.3772982313146679,0.047400001,10.197403
2001-06-18,BOEING CO,09G725,0.256428571428571,0.30000001,0.5,5,0.75,64.879997,0.3766070588709239,0.0473,10.197403
2001-06-19,BOEING CO,09G725,0.256428571428571,0.30000001,0.5,5,0.75,61.799999,0.3797781777678759,0.047200002,10.197403
2001-06-20,BOEING CO,09G725,0.256428571428571,0.30000001,0.5,5,0.75,61.110001,0.3798062311063473,0.047200002,10.197403
2001-06-21,BOEING CO,09G725,0.21125,0.30000001,0.5,5,0.75,57.75,0.3840256257632087,0.046999998,10.197403
2001-06-22,BOEING CO,09G725,0.21125,0.30000001,0.5,5,0.75,57.0,0.3835703223602482,0.046300001,10.197403
2001-06-25,BOEING CO,09G725,0.207,0.30000001,0.5,5,0.75,56.959999,0.3829257480457913,0.046500001,10.197403
2001-06-26,BOEING CO,09G725,0.207,0.30000001,0.5,5,0.75,57.02,0.3828953255893691,0.047400001,10.197403
2001-06-27,BOEING CO,09G725,0.191,0.30000001,0.5,5,0.75,57.700001,0.3830055069393358,0.0482,10.197403
2001-06-28,BOEING CO,09G725,0.191,0.30000001,0.5,5,0.75,57.240002,0.3829746473873232,0.049199998,10.197403
2001-06-29,BOEING CO,09G725,0.191,0.30000001,0.5,5,0.75,55.599998,0.384057050142776,0.049699999,10.197403
2001-07-02,BOEING CO,09G725,0.191,0.30000001,0.5,5,0.75,56.360001,0.3837354921685632,0.048799999,10.197403
2001-07-03,BOEING CO,09G725,0.209285714285714,0.30000001,0.5,5,0.75,56.330002,0.3837374831431677,0.0491,10.197403
2001-07-05,BOEING CO,09G725,0.209285714285714,0.30000001,0.5,5,0.75,55.23,0.3834600815909479,0.0495,10.197403
2001-07-06,BOEING CO,09G725,0.209285714285714,0.30000001,0.5,5,0.75,54.299999,0.3838869071048135,0.048999999,10.197403
2001-07-09,BOEING CO,09G725,0.209285714285714,0.30000001,0.5,5,0.75,52.830002,0.3845790576641831,0.048799999,10.197403
2001-07-10,BOEING CO,09G725,0.209285714285714,0.30000001,0.5,5,0.75,54.150002,0.384885030986684,0.0482,10.197403
2001-07-11,BOEING CO,09G725,0.209285714285714,0.30000001,0.5,5,0.75,52.900002,0.3848326954011373,0.048099998,10.197403
2001-07-12,BOEING CO,09G725,0.209285714285714,0.30000001,0.5,5,0.75,54.5,0.3858820807143435,0.048,10.197403
2001-07-13,BOEING CO,09G725,0.209285714285714,0.30000001,0.5,5,0.75,55.07,0.3857238418715375,0.0482,10.197403
2001-07-16,BOEING CO,09G725,0.209285714285714,0.30000001,0.5,5,0.75,55.279999,0.385712204391915,0.047600001,10.197403
2001-07-17,BOEING CO,09G725,0.209285714285714,0.30000001,0.5,5,0.75,56.299999,0.3859386012156894,0.047800001,10.197403
2001-07-18,BOEING CO,09G725,0.209285714285714,0.30000001,0.5,5,0.75,57.130001,0.3854114254803616,0.046599999,10.197403
2001-07-19,BOEING CO,09G725,0.2,0.30000001,0.5,5,0.75,56.389999,0.3853623473688248,0.0469,10.197403
2001-07-20,BOEING CO,09G725,0.2,0.30000001,0.5,5,0.75,56.790001,0.3853983430317614,0.046999998,10.197403
2001-07-23,BOEING CO,09G725,0.21375,0.30000001,0.5,5,0.75,56.25,0.385062285574356,0.046799999,10.197403
2001-07-24,BOEING CO,09G725,0.20875,0.30000001,0.5,5,0.75,55.259998,0.3848223725744369,0.046700001,10.197403
2001-07-25,BOEING CO,09G725,0.185833333333333,0.30000001,0.5,5,0.75,56.669998,0.3844239356034324,0.047400001,10.197403
2001-07-26,BOEING CO,09G725,0.199375,0.30000001,0.5,5,0.75,58.110001,0.3837193019787364,0.0471,10.197403
2001-07-27,BOEING CO,09G725,0.185833333333333,0.30000001,0.5,5,0.75,58.139999,0.383697718202468,0.046399999,10.197403
2001-07-30,BOEING CO,09G725,0.185833333333333,0.30000001,0.5,5,0.75,57.400002,0.3837957930483167,0.046300001,10.197403
2001-07-31,BOEING CO,09G725,0.185833333333333,0.30000001,0.5,5,0.75,58.529999,0.3842448333994498,0.045699999,10.197403
2001-08-01,BOEING CO,09G725,0.185833333333333,0.30000001,0.5,5,0.75,59.0,0.3842924990347402,0.0462,12.139219
2001-08-02,BOEING CO,09G725,0.185833333333333,0.30000001,0.5,5,0.75,58.82,0.3838210442846553,0.0469,12.139219
2001-08-03,BOEING CO,09G725,0.201875,0.30000001,0.5,5,0.75,59.209999,0.383410621063278,0.047200002,12.139219
2001-08-06,BOEING CO,09G725,0.201875,0.30000001,0.5,5,0.75,58.400002,0.3836904950932257,0.0471,12.139219
2001-08-07,BOEING CO,09G725,0.201875,0.30000001,0.5,5,0.75,57.5,0.3839908409293756,0.047200002,12.139219
2001-08-08,BOEING CO,09G725,0.201875,0.30000001,0.5,5,0.75,56.610001,0.384310571771275,0.046100002,12.139219
2001-08-09,BOEING CO,09G725,0.201875,0.30000001,0.5,5,0.75,56.360001,0.3838906810592625,0.046599999,12.139219
2001-08-10,BOEING CO,09G725,0.201875,0.30000001,0.5,5,0.75,56.849998,0.383444905036727,0.046100002,12.139219
2001-08-13,BOEING CO,09G725,0.2225,0.30000001,0.5,5,0.75,56.450001,0.3829494776244149,0.045699999,12.139219
2001-08-14,BOEING CO,09G725,0.2225,0.30000001,0.5,5,0.75,55.889999,0.3830838128502583,0.045899998,12.139219
2001-08-15,BOEING CO,09G725,0.22,0.30000001,0.5,5,0.75,54.439999,0.3813012740934013,0.0462,12.139219
2001-08-16,BOEING CO,09G725,0.22,0.30000001,0.5,5,0.75,55.130001,0.3809173465264145,0.0458,12.139219
2001-08-17,BOEING CO,09G725,0.22,0.30000001,0.5,5,0.75,54.0,0.38129475165286,0.0449,12.139219
2001-08-20,BOEING CO,09G725,0.22,0.30000001,0.5,5,0.75,53.34,0.3814666961307823,0.045499999,12.139219
2001-08-21,BOEING CO,09G725,0.22,0.30000001,0.5,5,0.75,51.939999,0.3796661706924371,0.045000002,12.139219
2001-08-22,BOEING CO,09G725,0.22,0.30000001,0.5,5,0.75,52.299999,0.3783561670550654,0.045299999,12.139219
2001-08-23,BOEING CO,09G725,0.22,0.30000001,0.5,5,0.75,52.169998,0.3775489969936317,0.045200001,12.139219
2001-08-24,BOEING CO,09G725,0.225,0.30000001,0.5,5,0.75,53.630001,0.3737349994574327,0.045499999,12.139219
2001-08-27,BOEING CO,09G725,0.222,0.30000001,0.5,5,0.75,53.060001,0.3737193698103017,0.045699999,12.139219
2001-08-28,BOEING CO,09G725,0.222,0.30000001,0.5,5,0.75,51.650002,0.3743667218690358,0.044799998,12.139219
2001-08-29,BOEING CO,09G725,0.22,0.30000001,0.5,5,0.75,50.700001,0.3742200279532517,0.044300001,12.139219
2001-08-30,BOEING CO,09G725,0.219166666666667,0.30000001,0.5,5,0.75,50.5,0.3742267716971293,0.044199999,12.139219
2001-08-31,BOEING CO,09G725,0.2225,0.30000001,0.5,5,0.75,51.200001,0.3738752176785844,0.044599999,13.137425
2001-09-04,BOEING CO,09G725,0.225833333333333,0.30000001,0.5,5,0.75,49.950001,0.3740918908545272,0.046300001,13.137425
2001-09-05,BOEING CO,09G725,0.225833333333333,0.30000001,0.5,5,0.75,50.610001,0.3741170495661277,0.046100002,13.137425
2001-09-06,BOEING CO,09G725,0.229166666666667,0.30000001,0.5,5,0.75,48.84,0.3731256233865654,0.044799998,13.137425
2001-09-07,BOEING CO,09G725,0.230833333333333,0.30000001,0.5,5,0.75,45.18,0.3794937583411114,0.043900002,13.137425
2001-09-10,BOEING CO,09G725,0.230833333333333,0.30000001,0.5,5,0.75,43.459999,0.3807257937628751,0.044100001,13.137425
2001-09-17,BOEING CO,09G725,0.6033333333333329,0.30000001,0.5,5,0.75,35.799999,0.4189450715774596,0.039900001,13.137425
2001-09-18,BOEING CO,09G725,0.593333333333333,0.30000001,0.5,5,0.75,33.139999,0.4251290746715553,0.040100001,13.137425
2001-09-19,BOEING CO,09G725,0.92,0.30000001,0.5,5,0.75,32.610001,0.4253432835436539,0.039000001,13.137425
2001-09-20,BOEING CO,09G725,1.025,0.30000001,0.5,5,0.75,29.76,0.4335875687240097,0.039700001,13.137425
2001-09-21,BOEING CO,09G725,1.025,0.30000001,0.5,5,0.75,30.1,0.4331581731058408,0.0394,13.137425
2001-09-24,BOEING CO,09G725,0.8999999999999999,0.30000001,0.5,5,0.75,32.799999,0.4427732601012372,0.039999999,13.137425
2001-09-25,BOEING CO,09G725,0.894,0.30000001,0.5,5,0.75,34.330002,0.4454079577762611,0.039700001,13.137425
2001-09-26,BOEING CO,09G725,0.878,0.30000001,0.5,5,0.75,34.290001,0.4423199197066254,0.039099999,13.137425
2001-09-27,BOEING CO,09G725,0.8771428571428571,0.30000001,0.5,5,0.75,34.400002,0.4422324934426797,0.038699999,13.137425
2001-09-28,BOEING CO,09G725,0.882777777777778,0.30000001,0.5,5,0.75,33.5,0.4378787838294442,0.039299998,13.137425
2001-10-01,BOEING CO,09G725,0.8574999999999999,0.30000001,0.5,5,0.75,32.400002,0.4389471956941716,0.039000001,13.137425
2001-10-02,BOEING CO,09G725,0.8535714285714291,0.30000001,0.5,5,0.75,34.25,0.4413781897366541,0.038699999,13.137425
2001-10-03,BOEING CO,09G725,0.8418749999999999,0.30000001,0.5,5,0.75,36.59,0.4464503738907368,0.038600001,13.137425
2001-10-04,BOEING CO,09G725,0.817222222222222,0.30000001,0.5,5,0.75,36.380001,0.4464584968250936,0.038800001,13.137425
2001-10-05,BOEING CO,09G725,0.817222222222222,0.30000001,0.5,5,0.75,36.259998,0.4458438299519674,0.038699999,13.137425
2001-10-08,BOEING CO,09G725,0.817222222222222,0.30000001,0.5,5,0.75,36.619999,0.4403011971079942,0.038699999,13.137425
2001-10-09,BOEING CO,09G725,0.817222222222222,0.30000001,0.5,5,0.75,36.0,0.4397961723058669,0.0396,13.137425
2001-10-10,BOEING CO,09G725,0.823181818181818,0.30000001,0.5,5,0.75,35.759998,0.4392482302238859,0.0396,13.137425
2001-10-11,BOEING CO,09G725,0.823181818181818,0.30000001,0.5,5,0.75,36.18,0.4394560880152255,0.0403,13.137425
2001-10-12,BOEING CO,09G725,0.8250000000000001,0.30000001,0.5,5,0.75,35.900002,0.4394967880196191,0.040100001,13.137425
2001-10-15,BOEING CO,09G725,0.829090909090909,0.30000001,0.5,5,0.75,35.27,0.4391228108020462,0.039700001,13.137425
2001-10-16,BOEING CO,09G725,0.831818181818182,0.30000001,0.5,5,0.75,35.119999,0.4391145023400268,0.039299998,13.137425
2001-10-17,BOEING CO,09G725,0.831818181818182,0.30000001,0.5,5,0.75,33.700001,0.440643831866696,0.039299998,13.137425
2001-10-18,BOEING CO,09G725,0.833636363636364,0.30000001,0.5,5,0.75,32.860001,0.4362984099150958,0.039299998,13.137425
2001-10-19,BOEING CO,09G725,0.844,0.30000001,0.5,5,0.75,33.450001,0.4340416001628536,0.0396,13.137425
2001-10-22,BOEING CO,09G725,0.844,0.30000001,0.5,5,0.75,33.700001,0.4333466183043782,0.039799999,13.137425
2001-10-23,BOEING CO,09G725,0.831818181818182,0.30000001,0.5,5,0.75,33.889999,0.4333566942828726,0.040100001,13.137425
2001-10-24,BOEING CO,09G725,0.831818181818182,0.30000001,0.5,5,0.75,34.240002,0.4334904548733557,0.0396,13.137425
2001-10-25,BOEING CO,09G725,0.863333333333333,0.30000001,0.5,5,0.75,35.900002,0.4348724369083874,0.038899999,13.137425
2001-10-26,BOEING CO,09G725,0.874444444444445,0.30000001,0.5,5,0.75,37.68,0.4369710892068321,0.038800001,13.137425
2001-10-29,BOEING CO,09G725,0.88,0.30000001,0.5,5,0.75,33.75,0.448327858375644,0.038199998,13.137425
2001-10-30,BOEING CO,09G725,0.8888888888888891,0.30000001,0.5,5,0.75,33.029999,0.4487395622583423,0.037599999,13.137425
2001-10-31,BOEING CO,09G725,0.945,0.30000001,0.5,5,0.75,32.599998,0.4480191122107358,0.036600001,13.137425
2001-11-01,BOEING CO,09G725,1.0,0.30000001,0.5,5,0.75,33.189999,0.4483684016467495,0.036600001,14.45613
2001-11-02,BOEING CO,09G725,1.085,0.30000001,0.5,5,0.75,34.349998,0.4497213618623698,0.037700001,14.45613
2001-11-05,BOEING CO,09G725,1.164,0.30000001,0.5,5,0.75,35.049999,0.4499761931311379,0.037099998,14.45613
2001-11-06,BOEING CO,09G725,1.20125,0.30000001,0.5,5,0.75,35.52,0.447418207084312,0.035399999,14.45613
2001-11-07,BOEING CO,09G725,1.22375,0.30000001,0.5,5,0.75,34.889999,0.4467848603286125,0.034699999,14.45613
2001-11-08,BOEING CO,09G725,1.143,0.30000001,0.5,5,0.75,34.900002,0.446724773132822,0.035799999,14.45613
2001-11-09,BOEING CO,09G725,1.143,0.30000001,0.5,5,0.75,33.240002,0.4490223340510932,0.036200002,14.45613
2001-11-12,BOEING CO,09G725,1.143,0.30000001,0.5,5,0.75,33.060001,0.4490271639797697,0.036200002,14.45613
2001-11-13,BOEING CO,09G725,1.158,0.30000001,0.5,5,0.75,33.610001,0.4492919391897001,0.036899999,14.45613
2001-11-14,BOEING CO,09G725,1.07272727272727,0.30000001,0.5,5,0.75,34.099998,0.4498237277923856,0.0383,14.45613
2001-11-15,BOEING CO,09G725,1.06363636363636,0.30000001,0.5,5,0.75,34.240002,0.4496904489942301,0.041000001,14.45613
2001-11-16,BOEING CO,09G725,1.075,0.30000001,0.5,5,0.75,34.990002,0.4492356767772993,0.042399999,14.45613
2001-11-19,BOEING CO,09G725,0.9275,0.30000001,0.5,5,0.75,35.099998,0.4491738408846875,0.041200001,14.45613
2001-11-20,BOEING CO,09G725,0.91875,0.30000001,0.5,5,0.75,34.970001,0.448379241921698,0.041700002,14.45613
2001-11-21,BOEING CO,09G725,0.916666666666667,0.30000001,0.5,5,0.75,34.700001,0.4482861722314486,0.043099999,14.45613
2001-11-23,BOEING CO,09G725,0.9055555555555548,0.30000001,0.5,5,0.75,35.630001,0.4476609556334968,0.044,14.45613
2001-11-26,BOEING CO,09G725,0.922727272727273,0.30000001,0.5,5,0.75,35.889999,0.4477330266092966,0.044100001,14.45613
2001-11-27,BOEING CO,09G725,0.9090909090909092,0.30000001,0.5,5,0.75,35.5,0.4477953170614504,0.043200001,14.45613
2001-11-28,BOEING CO,09G725,0.8999999999999999,0.30000001,0.5,5,0.75,34.169998,0.4465183349143357,0.043299999,14.45613
2001-11-29,BOEING CO,09G725,0.905,0.30000001,0.5,5,0.75,35.150002,0.4448985833712623,0.041000001,14.45613
2001-11-30,BOEING CO,09G725,0.895,0.30000001,0.5,5,0.75,35.099998,0.4447729412819776,0.040800001,14.45613
2001-12-03,BOEING CO,09G725,0.8999999999999999,0.30000001,0.5,5,0.75,35.0,0.4439065002195002,0.040399998,14.45613
2001-12-04,BOEING CO,09G725,0.895,0.30000001,0.5,5,0.75,35.380001,0.4440826050014493,0.039900001,14.45613
2001-12-05,BOEING CO,09G725,0.895,0.30000001,0.5,5,0.75,35.889999,0.4427460399058402,0.042399999,14.45613
2001-12-06,BOEING CO,09G725,0.8625,0.30000001,0.5,5,0.75,37.110001,0.4441040217818223,0.0438,14.45613
2001-12-07,BOEING CO,09G725,0.8625,0.30000001,0.5,5,0.75,37.299999,0.4418420075299577,0.045000002,14.45613
2001-12-10,BOEING CO,09G725,0.8625,0.30000001,0.5,5,0.75,36.900002,0.4417240060321965,0.044599999,14.45613
2001-12-11,BOEING CO,09G725,0.895,0.30000001,0.5,5,0.75,37.07,0.4368776278270533,0.0438,14.45613
2001-12-12,BOEING CO,09G725,0.89,0.30000001,0.5,5,0.75,36.799999,0.4364129601536276,0.0429,14.45613
2001-12-13,BOEING CO,09G725,0.83125,0.30000001,0.5,5,0.75,37.0,0.4364281463393371,0.044,14.45613
2001-12-14,BOEING CO,09G725,0.8250000000000001,0.30000001,0.5,5,0.75,37.549999,0.4340287125878879,0.045200001,14.45613
2001-12-17,BOEING CO,09G725,0.824375,0.30000001,0.5,5,0.75,37.060001,0.4336848808877181,0.045400001,14.45613
2001-12-18,BOEING CO,09G725,0.821875,0.30000001,0.5,5,0.75,37.25,0.4335531338574226,0.044599999,14.45613
2001-12-19,BOEING CO,09G725,0.8095,0.30000001,0.5,5,0.75,37.509998,0.4333432894908909,0.0438,14.45613
2001-12-20,BOEING CO,09G725,0.8194999999999999,0.30000001,0.5,5,0.75,38.139999,0.4336861689954246,0.044199999,14.45613
2001-12-21,BOEING CO,09G725,0.7368750000000001,0.30000001,0.5,5,0.75,38.639999,0.4326281973244235,0.044500001,14.45613
2001-12-24,BOEING CO,09G725,0.7368750000000001,0.30000001,0.5,5,0.75,38.419998,0.4287889065546863,0.0449,14.45613
2001-12-26,BOEING CO,09G725,0.7368750000000001,0.30000001,0.5,5,0.75,38.599998,0.4278315964719626,0.045499999,14.45613
2001-12-27,BOEING CO,09G725,0.7318749999999999,0.30000001,0.5,5,0.75,38.689999,0.427421452084619,0.044599999,14.45613
2001-12-28,BOEING CO,09G725,0.7454999999999999,0.30000001,0.5,5,0.75,39.099998,0.4275771205741293,0.044599999,14.45613
2001-12-31,BOEING CO,09G725,0.7454999999999999,0.30000001,0.5,5,0.75,38.779999,0.4272911056199753,0.0438,14.60327
2002-01-02,BOEING CO,09G725,0.7505000000000001,0.30000001,0.5,5,0.75,38.099998,0.4275533901037369,0.045200001,14.60327
2002-01-03,BOEING CO,09G725,0.755,0.30000001,0.5,5,0.75,38.75,0.4275697137623232,0.044799998,14.60327
2002-01-04,BOEING CO,09G725,0.755,0.30000001,0.5,5,0.75,40.360001,0.4291382600408187,0.045000002,14.60327
2002-01-07,BOEING CO,09G725,0.750454545454546,0.30000001,0.5,5,0.75,41.0,0.4293765171332141,0.043900002,14.60327
2002-01-08,BOEING CO,09G725,0.732272727272727,0.30000001,0.5,5,0.75,40.330002,0.4255006931717426,0.043900002,14.60327
2002-01-09,BOEING CO,09G725,0.723181818181818,0.30000001,0.5,5,0.75,39.900002,0.4254771367282425,0.0438,14.60327
2002-01-10,BOEING CO,09G725,0.727727272727273,0.30000001,0.5,5,0.75,39.84,0.4248098575299774,0.0427,14.60327
2002-01-11,BOEING CO,09G725,0.7035,0.30000001,0.5,5,0.75,38.689999,0.4241954877484778,0.0414,14.60327
2002-01-14,BOEING CO,09G725,0.7035,0.30000001,0.5,5,0.75,38.25,0.424279885151049,0.041499998,14.60327
2002-01-15,BOEING CO,09G725,0.679444444444444,0.30000001,0.5,5,0.75,39.349998,0.4253485465611523,0.0414,14.60327
2002-01-16,BOEING CO,09G725,0.6793750000000001,0.30000001,0.5,5,0.75,38.02,0.4258177722974502,0.0416,14.60327
2002-01-17,BOEING CO,09G725,0.6793750000000001,0.30000001,0.5,5,0.75,38.330002,0.4254791293918524,0.042800002,14.60327
2002-01-18,BOEING CO,09G725,0.66875,0.30000001,0.5,5,0.75,39.150002,0.4252586848231519,0.042300001,14.60327
2002-01-22,BOEING CO,09G725,0.645,0.30000001,0.5,5,0.75,39.779999,0.4255543561445712,0.0427,14.60327
2002-01-23,BOEING CO,09G725,0.636363636363636,0.30000001,0.5,5,0.75,39.330002,0.4241601838999625,0.0436,14.60327
2002-01-24,BOEING CO,09G725,0.6318181818181821,0.30000001,0.5,5,0.75,40.0,0.4239564988029308,0.044,14.60327
2002-01-25,BOEING CO,09G725,0.6318181818181821,0.30000001,0.5,5,0.75,40.48,0.4231871577029333,0.044599999,14.60327
2002-01-28,BOEING CO,09G725,0.6,0.30000001,0.5,5,0.75,40.900002,0.4232906290288287,0.044799998,14.60327
2002-01-29,BOEING CO,09G725,0.6,0.30000001,0.5,5,0.75,40.23,0.4226694816171058,0.043499999,14.60327
2002-01-30,BOEING CO,09G725,0.6,0.30000001,0.5,5,0.75,40.0,0.4226950151155179,0.043699998,14.60327
2002-01-31,BOEING CO,09G725,0.6,0.30000001,0.5,5,0.75,40.950001,0.4221762870611179,0.044199999,14.60327
2002-02-01,BOEING CO,09G725,0.6,0.30000001,0.5,5,0.75,41.459999,0.4219555622499702,0.043699998,14.60327
2002-02-04,BOEING CO,09G725,0.6,0.30000001,0.5,5,0.75,41.099998,0.4211688537219269,0.0429,14.60327
2002-02-05,BOEING CO,09G725,0.654166666666667,0.30000001,0.5,5,0.75,40.900002,0.4211603780429635,0.0429,14.60327
2002-02-06,BOEING CO,09G725,0.670833333333333,0.30000001,0.5,5,0.75,40.98,0.4190479640123198,0.043000001,14.60327
2002-02-07,BOEING CO,09G725,0.670833333333333,0.30000001,0.5,5,0.75,41.060001,0.4177516742238302,0.043299999,14.60327
2002-02-08,BOEING CO,09G725,0.6649999999999999,0.30000001,0.5,5,0.75,41.700001,0.4180253838602112,0.042800002,14.60327
2002-02-11,BOEING CO,09G725,0.6649999999999999,0.30000001,0.5,5,0.75,43.0,0.4187891689103485,0.0429,14.60327
2002-02-12,BOEING CO,09G725,0.661111111111111,0.30000001,0.5,5,0.75,43.150002,0.4183275048503765,0.0436,14.60327
2002-02-13,BOEING CO,09G725,0.661111111111111,0.30000001,0.5,5,0.75,44.900002,0.4200474877100044,0.044,14.60327
2002-02-14,BOEING CO,09G725,0.661111111111111,0.30000001,0.5,5,0.75,44.77,0.4200507836060429,0.043499999,14.60327
2002-02-15,BOEING CO,09G725,0.661111111111111,0.30000001,0.5,5,0.75,44.900002,0.4200584156930234,0.0427,14.60327
2002-02-19,BOEING CO,09G725,0.642857142857143,0.30000001,0.5,5,0.75,43.709999,0.4197213214870998,0.042800002,14.60327
2002-02-20,BOEING CO,09G725,0.642857142857143,0.30000001,0.5,5,0.75,43.310001,0.4188155347718624,0.042800002,14.60327
2002-02-21,BOEING CO,09G725,0.6625,0.30000001,0.5,5,0.75,44.209999,0.4193783702427442,0.0427,14.60327
2002-02-22,BOEING CO,09G725,0.671428571428571,0.30000001,0.5,5,0.75,44.759998,0.4195386697588653,0.042300001,14.60327
2002-02-25,BOEING CO,09G725,0.668571428571428,0.30000001,0.5,5,0.75,44.939999,0.4195617404285837,0.042599998,14.60327
2002-02-26,BOEING CO,09G725,0.668571428571428,0.30000001,0.5,5,0.75,45.150002,0.4183931282383532,0.043299999,14.60327
2002-02-27,BOEING CO,09G725,0.6437499999999999,0.30000001,0.5,5,0.75,45.900002,0.4179454965006194,0.042199999,14.60327
2002-02-28,BOEING CO,09G725,0.6312500000000001,0.30000001,0.5,5,0.75,45.959999,0.4175366035430246,0.0427,14.60327
2002-03-01,BOEING CO,09G725,0.633333333333333,0.30000001,0.5,5,0.75,47.84,0.4195712062879077,0.044300001,15.370214
2002-03-04,BOEING CO,09G725,0.616666666666667,0.30000001,0.5,5,0.75,49.130001,0.4200424231170295,0.044300001,15.370214
2002-03-05,BOEING CO,09G725,0.616666666666667,0.30000001,0.5,5,0.75,48.209999,0.4201438475313817,0.044399999,15.370214
2002-03-06,BOEING CO,09G725,0.6,0.30000001,0.5,5,0.75,49.860001,0.420959481851906,0.044500001,15.370214
2002-03-07,BOEING CO,09G725,0.605714285714286,0.30000001,0.5,5,0.75,48.48,0.4198711127476376,0.046500001,15.370214
2002-03-08,BOEING CO,09G725,0.598571428571428,0.30000001,0.5,5,0.75,49.400002,0.4202476422486524,0.047699999,15.370214
2002-03-11,BOEING CO,09G725,0.593333333333333,0.30000001,0.5,5,0.75,50.880001,0.4202449563812148,0.047699999,15.370214
2002-03-12,BOEING CO,09G725,0.593333333333333,0.30000001,0.5,5,0.75,50.279999,0.4203808495868372,0.047499999,15.370214
2002-03-13,BOEING CO,09G725,0.584,0.30000001,0.5,5,0.75,49.220001,0.4196467762455805,0.0469,15.370214
2002-03-14,BOEING CO,09G725,0.562857142857143,0.30000001,0.5,5,0.75,47.610001,0.420726775903931,0.048300002,15.370214
2002-03-15,BOEING CO,09G725,0.56125,0.30000001,0.5,5,0.75,47.98,0.4206344772498563,0.048,15.370214
2002-03-18,BOEING CO,09G725,0.562857142857143,0.30000001,0.5,5,0.75,47.630001,0.4151185092492716,0.047899999,15.370214
2002-03-19,BOEING CO,09G725,0.5499999999999999,0.30000001,0.5,5,0.75,48.040001,0.4151685095298999,0.047800001,15.370214
2002-03-20,BOEING CO,09G725,0.554545454545454,0.30000001,0.5,5,0.75,47.029999,0.4135711150795094,0.048700001,15.370214
2002-03-21,BOEING CO,09G725,0.554545454545454,0.30000001,0.5,5,0.75,47.669998,0.4124991327985651,0.048799999,15.370214
2002-03-22,BOEING CO,09G725,0.554545454545454,0.30000001,0.5,5,0.75,46.389999,0.4112365212195996,0.048999999,15.370214
2002-03-25,BOEING CO,09G725,0.5499999999999999,0.30000001,0.5,5,0.75,45.720001,0.4092744108282856,0.049199998,15.370214
2002-03-26,BOEING CO,09G725,0.5499999999999999,0.30000001,0.5,5,0.75,45.790001,0.4088852971640153,0.048500001,15.370214
2002-03-27,BOEING CO,09G725,0.5499999999999999,0.30000001,0.5,5,0.75,47.330002,0.4097658982845712,0.048500001,15.370214
2002-03-28,BOEING CO,09G725,0.5145000000000001,0.30000001,0.5,5,0.75,48.25,0.4087783715999772,0.0491,15.364014
2002-04-01,BOEING CO,09G725,0.521666666666667,0.30000001,0.5,5,0.75,47.919998,0.4083873863607289,0.0493,15.364014
2002-04-02,BOEING CO,09G725,0.5157,0.30000001,0.5,5,0.75,49.09,0.4065194159037005,0.0484,15.364014
2002-04-03,BOEING CO,09G725,0.508916666666667,0.30000001,0.5,5,0.75,48.73,0.4065603960724947,0.047600001,15.364014
2002-04-04,BOEING CO,09G725,0.508916666666667,0.30000001,0.5,5,0.75,49.080002,0.4066100948357079,0.047600001,15.364014
2002-04-05,BOEING CO,09G725,0.508916666666667,0.30000001,0.5,5,0.75,48.290001,0.4065530281511406,0.046799999,15.364014
2002-04-08,BOEING CO,09G725,0.5107,0.30000001,0.5,5,0.75,49.0,0.4068050568581201,0.046999998,15.364014
2002-04-09,BOEING CO,09G725,0.5107,0.30000001,0.5,5,0.75,48.57,0.4067081639096388,0.046700001,15.364014
2002-04-10,BOEING CO,09G725,0.5107,0.30000001,0.5,5,0.75,49.580002,0.4071766815972246,0.046799999,15.364014
2002-04-11,BOEING CO,09G725,0.5107,0.30000001,0.5,5,0.75,48.82,0.4074638832020203,0.046599999,15.364014
2002-04-12,BOEING CO,09G725,0.5107,0.30000001,0.5,5,0.75,48.549999,0.4055276910509593,0.046,15.364014
2002-04-15,BOEING CO,09G725,0.5174444444444439,0.30000001,0.5,5,0.75,47.650002,0.4056814718486343,0.045699999,15.364014
2002-04-16,BOEING CO,09G725,0.5174444444444439,0.30000001,0.5,5,0.75,48.700001,0.4059787780239741,0.0462,15.364014
2002-04-17,BOEING CO,09G725,0.5063333333333331,0.30000001,0.5,5,0.75,45.369999,0.4082945773694203,0.046399999,15.364014
2002-04-18,BOEING CO,09G725,0.482454545454545,0.30000001,0.5,5,0.75,43.700001,0.4097373290533617,0.046399999,15.364014
2002-04-19,BOEING CO,09G725,0.477909090909091,0.30000001,0.5,5,0.75,42.75,0.4095541382957894,0.0462,15.364014
2002-04-22,BOEING CO,09G725,0.449375,0.30000001,0.5,5,0.75,43.139999,0.4095154192586733,0.0462,15.364014
2002-04-23,BOEING CO,09G725,0.4595,0.30000001,0.5,5,0.75,42.5,0.4094716445446314,0.0462,15.364014
2002-04-24,BOEING CO,09G725,0.4595,0.30000001,0.5,5,0.75,42.400002,0.4092822800698344,0.045299999,15.364014
2002-04-25,BOEING CO,09G725,0.4575,0.30000001,0.5,5,0.75,41.900002,0.4093008367059606,0.045200001,15.364014
2002-04-26,BOEING CO,09G725,0.4575,0.30000001,0.5,5,0.75,41.509998,0.4089545643113217,0.0449,15.364014
2002-04-29,BOEING CO,09G725,0.461363636363636,0.30000001,0.5,5,0.75,43.630001,0.4115536706813745,0.045499999,15.364014
2002-04-30,BOEING CO,09G725,0.461363636363636,0.30000001,0.5,5,0.75,44.599998,0.4120373449863022,0.045299999,15.364014
2002-05-01,BOEING CO,09G725,0.4531249999999999,0.30000001,0.5,5,0.75,45.5,0.4125156496774425,0.0449,16.129396
2002-05-02,BOEING CO,09G725,0.4405,0.30000001,0.5,5,0.75,44.869999,0.4125681882610439,0.045400001,16.129396
2002-05-03,BOEING CO,09G725,0.4405,0.30000001,0.5,5,0.75,44.630001,0.4124431953535256,0.044799998,16.129396
2002-05-06,BOEING CO,09G725,0.4485,0.30000001,0.5,5,0.75,43.380001,0.4133134232186997,0.045000002,16.129396
2002-05-07,BOEING CO,09G725,0.4485,0.30000001,0.5,5,0.75,43.139999,0.4124253216617693,0.044300001,16.129396
2002-05-08,BOEING CO,09G725,0.463125,0.30000001,0.5,5,0.75,44.41,0.4134381630928633,0.0458,16.129396
2002-05-09,BOEING CO,09G725,0.459375,0.30000001,0.5,5,0.75,44.98,0.4136710172884186,0.045299999,16.129396
2002-05-10,BOEING CO,09G725,0.459375,0.30000001,0.5,5,0.75,43.630001,0.4145899275943363,0.044599999,16.129396
2002-05-13,BOEING CO,09G725,0.459375,0.30000001,0.5,5,0.75,44.279999,0.4148821149135847,0.045400001,16.129396
2002-05-14,BOEING CO,09G725,0.459375,0.30000001,0.5,5,0.75,45.48,0.4158411797761238,0.046399999,16.129396
2002-05-15,BOEING CO,09G725,0.460714285714286,0.30000001,0.5,5,0.75,44.549999,0.4160313982661788,0.045899998,16.129396
2002-05-16,BOEING CO,09G725,0.4775,0.30000001,0.5,5,0.75,45.0,0.4158875483241775,0.045200001,16.129396
2002-05-17,BOEING CO,09G725,0.4975000000000001,0.30000001,0.5,5,0.75,45.419998,0.4160147114708727,0.046,16.129396
2002-05-20,BOEING CO,09G725,0.4930000000000001,0.30000001,0.5,5,0.75,45.130001,0.4158710121689585,0.045299999,16.129396
2002-05-21,BOEING CO,09G725,0.488333333333333,0.30000001,0.5,5,0.75,44.349998,0.4161817622750265,0.0449,16.129396
2002-05-22,BOEING CO,09G725,0.488333333333333,0.30000001,0.5,5,0.75,44.41,0.4161745903520203,0.044300001,16.129396
2002-05-23,BOEING CO,09G725,0.4706,0.30000001,0.5,5,0.75,44.150002,0.4149794097385572,0.044599999,16.129396
2002-05-24,BOEING CO,09G725,0.458833333333333,0.30000001,0.5,5,0.75,43.349998,0.4152864022704615,0.0447,16.129396
2002-05-28,BOEING CO,09G725,0.448833333333333,0.30000001,0.5,5,0.75,43.0,0.4152909261769351,0.044599999,16.129396
2002-05-29,BOEING CO,09G725,0.443833333333333,0.30000001,0.5,5,0.75,43.0,0.4152025125380227,0.044100001,16.129396
2002-05-30,BOEING CO,09G725,0.444666666666667,0.30000001,0.5,5,0.75,43.66,0.4145808116957981,0.0436,16.129396
2002-05-31,BOEING CO,09G725,0.444666666666667,0.30000001,0.5,5,0.75,42.650002,0.4150145601950958,0.043699998,16.114801
2002-06-03,BOEING CO,09G725,0.444666666666667,0.30000001,0.5,5,0.75,41.860001,0.4144598288442068,0.0436,16.114801
2002-06-04,BOEING CO,09G725,0.4405,0.30000001,0.5,5,0.75,41.849998,0.4144383051018873,0.043099999,16.114801
2002-06-05,BOEING CO,09G725,0.449714285714286,0.30000001,0.5,5,0.75,42.540001,0.4147686012895905,0.043499999,16.114801
2002-06-06,BOEING CO,09G725,0.449714285714286,0.30000001,0.5,5,0.75,41.959999,0.4149530879853479,0.043000001,16.114801
2002-06-07,BOEING CO,09G725,0.469666666666667,0.30000001,0.5,5,0.75,42.759998,0.4139918616103715,0.0436,16.114801
2002-06-10,BOEING CO,09G725,0.469666666666667,0.30000001,0.5,5,0.75,42.919998,0.4136687537447495,0.043400001,16.114801
2002-06-11,BOEING CO,09G725,0.464,0.30000001,0.5,5,0.75,42.5,0.413483697824975,0.0429,16.114801
2002-06-12,BOEING CO,09G725,0.491666666666667,0.30000001,0.5,5,0.75,43.830002,0.414624390908901,0.042399999,16.114801
2002-06-13,BOEING CO,09G725,0.498333333333333,0.30000001,0.5,5,0.75,42.5,0.415607059149437,0.041999999,16.114801
2002-06-14,BOEING CO,09G725,0.5058333333333329,0.30000001,0.5,5,0.75,42.529999,0.4153435097325947,0.041000001,16.114801
2002-06-17,BOEING CO,09G725,0.50125,0.30000001,0.5,5,0.75,44.0,0.4168868953028671,0.0414,16.114801
2002-06-18,BOEING CO,09G725,0.493333333333333,0.30000001,0.5,5,0.75,43.779999,0.4164287762449517,0.041299999,16.114801
2002-06-19,BOEING CO,09G725,0.483333333333333,0.30000001,0.5,5,0.75,43.130001,0.4166459061015749,0.040100001,16.114801
2002-06-20,BOEING CO,09G725,0.481111111111111,0.30000001,0.5,5,0.75,43.77,0.4159860334633413,0.041099999,16.114801
2002-06-21,BOEING CO,09G725,0.481111111111111,0.30000001,0.5,5,0.75,42.970001,0.4161677485953892,0.040600002,16.114801
2002-06-24,BOEING CO,09G725,0.481111111111111,0.30000001,0.5,5,0.75,42.740002,0.4160427502438076,0.041299999,16.114801
2002-06-25,BOEING CO,09G725,0.464444444444444,0.30000001,0.5,5,0.75,42.869999,0.4134617338453592,0.041299999,16.114801
2002-06-26,BOEING CO,09G725,0.4775,0.30000001,0.5,5,0.75,42.720001,0.4133431650383975,0.039900001,16.114801
2002-06-27,BOEING CO,09G725,0.4775,0.30000001,0.5,5,0.75,44.799999,0.4127513342446365,0.040800001,16.114801
2002-06-28,BOEING CO,09G725,0.4655555555555561,0.30000001,0.5,5,0.75,45.0,0.4125935233924137,0.040899999,16.114801
2002-07-01,BOEING CO,09G725,0.448333333333333,0.30000001,0.5,5,0.75,44.599998,0.4126777561787017,0.040800001,16.114801
2002-07-02,BOEING CO,09G725,0.4874,0.30000001,0.5,5,0.75,44.540001,0.4126754208698923,0.039900001,16.114801
2002-07-03,BOEING CO,09G725,0.4874,0.30000001,0.5,5,0.75,43.77,0.4128216623194549,0.039999999,16.114801
2002-07-05,BOEING CO,09G725,0.4874,0.30000001,0.5,5,0.75,45.0,0.4137582151665154,0.041299999,16.114801
2002-07-08,BOEING CO,09G725,0.4942,0.30000001,0.5,5,0.75,44.099998,0.4132546201768756,0.0407,16.114801
2002-07-09,BOEING CO,09G725,0.4992,0.30000001,0.5,5,0.75,43.220001,0.4134650781824438,0.039799999,16.114801
2002-07-10,BOEING CO,09G725,0.4992,0.30000001,0.5,5,0.75,40.799999,0.4171508505408855,0.0385,16.114801
2002-07-11,BOEING CO,09G725,0.4992,0.30000001,0.5,5,0.75,41.169998,0.4168444221917949,0.038600001,16.114801
2002-07-12,BOEING CO,09G725,0.504272727272727,0.30000001,0.5,5,0.75,40.150002,0.4172242933046622,0.038199998,16.114801
2002-07-15,BOEING CO,09G725,0.507,0.30000001,0.5,5,0.75,39.759998,0.4164828778926299,0.0385,16.114801
2002-07-16,BOEING CO,09G725,0.507,0.30000001,0.5,5,0.75,40.869999,0.4166792225624671,0.039299998,16.114801
2002-07-17,BOEING CO,09G725,0.502454545454545,0.30000001,0.5,5,0.75,42.939999,0.4192177536550121,0.038899999,16.114801
2002-07-18,BOEING CO,09G725,0.5417,0.30000001,0.5,5,0.75,41.290001,0.4198028264472928,0.038199998,16.114801
2002-07-19,BOEING CO,09G725,0.5537000000000001,0.30000001,0.5,5,0.75,39.919998,0.4209070897927252,0.037599999,16.114801
2002-07-22,BOEING CO,09G725,0.581545454545455,0.30000001,0.5,5,0.75,38.529999,0.422247117809001,0.036499999,16.114801
2002-07-23,BOEING CO,09G725,0.581545454545455,0.30000001,0.5,5,0.75,38.849998,0.4219022905368438,0.0359,16.114801
2002-07-24,BOEING CO,09G725,0.587,0.30000001,0.5,5,0.75,41.189999,0.4260477888951907,0.035999998,16.114801
2002-07-25,BOEING CO,09G725,0.587,0.30000001,0.5,5,0.75,42.939999,0.428071017570882,0.035100002,16.114801
2002-07-26,BOEING CO,09G725,0.587,0.30000001,0.5,5,0.75,42.0,0.4285260917689083,0.034600001,16.114801
2002-07-29,BOEING CO,09G725,0.587,0.30000001,0.5,5,0.75,42.029999,0.4284374440437328,0.036800001,16.114801
2002-07-30,BOEING CO,09G725,0.60225,0.30000001,0.5,5,0.75,41.650002,0.4281818487912731,0.037099998,16.114801
2002-07-31,BOEING CO,09G725,0.5997692307692309,0.30000001,0.5,5,0.75,41.52,0.4273826099927194,0.035300002,16.114801
2002-08-01,BOEING CO,09G725,0.624769230769231,0.30000001,0.5,5,0.75,40.630001,0.4270676877168765,0.034600001,16.465231
2002-08-02,BOEING CO,09G725,0.636735042735043,0.30000001,0.5,5,0.75,39.849998,0.4274520436135511,0.032699998,16.465231
2002-08-05,BOEING CO,09G725,0.6735,0.30000001,0.5,5,0.75,38.610001,0.4283471650413922,0.032099999,16.465231
2002-08-06,BOEING CO,09G725,0.6709999999999999,0.30000001,0.5,5,0.75,39.41,0.4284028173518859,0.033599999,16.465231
2002-08-07,BOEING CO,09G725,0.6935,0.30000001,0.5,5,0.75,41.099998,0.4305669145166988,0.032400001,16.465231
2002-08-08,BOEING CO,09G725,0.6985,0.30000001,0.5,5,0.75,41.5,0.4306957315808827,0.033500001,16.465231
2002-08-09,BOEING CO,09G725,0.731818181818182,0.30000001,0.5,5,0.75,41.0,0.4307711824942869,0.0328,16.465231
2002-08-12,BOEING CO,09G725,0.761818181818182,0.30000001,0.5,5,0.75,40.5,0.4307279289693609,0.032400001,16.465231
2002-08-13,BOEING CO,09G725,0.9366666666666672,0.30000001,0.5,5,0.75,37.23,0.437810878288625,0.031500001,16.465231
2002-08-14,BOEING CO,09G725,0.985,0.30000001,0.5,5,0.75,36.349998,0.4379401682296529,0.0319,16.465231
2002-08-15,BOEING CO,09G725,1.05863636363636,0.30000001,0.5,5,0.75,37.490002,0.4391445162388099,0.0328,16.465231
2002-08-16,BOEING CO,09G725,1.14361538461538,0.30000001,0.5,5,0.75,37.5,0.4390369739482345,0.0341,16.465231
2002-08-19,BOEING CO,09G725,1.06335714285714,0.30000001,0.5,5,0.75,38.5,0.4398789329838562,0.034000002,16.465231
2002-08-20,BOEING CO,09G725,1.00945238095238,0.30000001,0.5,5,0.75,37.880001,0.4400459265017592,0.032499999,16.465231
2002-08-21,BOEING CO,09G725,0.913714285714286,0.30000001,0.5,5,0.75,37.57,0.4395558089039049,0.0328,16.465231
2002-08-22,BOEING CO,09G725,0.911142857142857,0.30000001,0.5,5,0.75,38.5,0.4401017445022055,0.0337,16.465231
2002-08-23,BOEING CO,09G725,0.913923076923077,0.30000001,0.5,5,0.75,37.130001,0.4410279257608222,0.033100002,16.465231
2002-08-26,BOEING CO,09G725,0.8922121212121209,0.30000001,0.5,5,0.75,36.889999,0.4409171538063235,0.032900002,16.465231
2002-08-27,BOEING CO,09G725,0.938153846153846,0.30000001,0.5,5,0.75,37.029999,0.440210237016993,0.0337,16.465231
2002-08-28,BOEING CO,09G725,1.01583333333333,0.30000001,0.5,5,0.75,37.529999,0.4403778531278569,0.033100002,16.465231
2002-08-29,BOEING CO,09G725,1.01307692307692,0.30000001,0.5,5,0.75,37.169998,0.440461058748058,0.032400001,16.465231
2002-08-30,BOEING CO,09G725,1.01307692307692,0.30000001,0.5,5,0.75,37.07,0.4395130678720968,0.032200001,16.459875
2002-09-03,BOEING CO,09G725,1.01923076923077,0.30000001,0.5,5,0.75,35.459999,0.4414521616715033,0.030400001,16.459875
2002-09-04,BOEING CO,09G725,1.01535714285714,0.30000001,0.5,5,0.75,36.849998,0.4425429337627798,0.030200001,16.459875
2002-09-05,BOEING CO,09G725,1.00433333333333,0.30000001,0.5,5,0.75,36.029999,0.4427106716662366,0.0295,16.459875
2002-09-06,BOEING CO,09G725,1.01923076923077,0.30000001,0.5,5,0.75,37.209999,0.4439755132682974,0.030999999,16.459875
2002-09-09,BOEING CO,09G725,1.00821428571429,0.30000001,0.5,5,0.75,37.349998,0.443758612774277,0.031099999,16.459875
2002-09-10,BOEING CO,09G725,1.01538461538462,0.30000001,0.5,5,0.75,37.18,0.4431351655477217,0.0308,16.459875
2002-09-11,BOEING CO,09G725,1.00966145833333,0.30000001,0.5,5,0.75,37.080002,0.4429222562046216,0.031500001,16.459875
2002-09-12,BOEING CO,09G725,0.9895,0.30000001,0.5,5,0.75,36.450001,0.4418834669276878,0.0307,16.459875
2002-09-13,BOEING CO,09G725,0.981363636363636,0.30000001,0.5,5,0.75,35.580002,0.4361650030523473,0.029999999,16.459875
2002-09-16,BOEING CO,09G725,0.965,0.30000001,0.5,5,0.75,37.23,0.4370259751687369,0.029999999,16.459875
2002-09-17,BOEING CO,09G725,0.9170833333333328,0.30000001,0.5,5,0.75,36.290001,0.4004522782248044,0.0297,16.459875
2002-09-18,BOEING CO,09G725,0.8333,0.30000001,0.5,5,0.75,36.77,0.3935366326515936,0.0296,16.459875
2002-09-19,BOEING CO,09G725,0.851,0.30000001,0.5,5,0.75,35.52,0.3947124615050924,0.0287,16.459875
2002-09-20,BOEING CO,09G725,0.8663846153846151,0.30000001,0.5,5,0.75,36.48,0.3855218173082263,0.0286,16.459875
2002-09-23,BOEING CO,09G725,0.9134285714285708,0.30000001,0.5,5,0.75,35.400002,0.3866106410209696,0.0276,16.459875
2002-09-24,BOEING CO,09G725,1.21081818181818,0.30000001,0.5,5,0.75,34.959999,0.3764689762617479,0.0276,16.459875
2002-09-25,BOEING CO,09G725,1.20763636363636,0.30000001,0.5,5,0.75,35.41,0.3738409511164372,0.0283,16.459875
2002-09-26,BOEING CO,09G725,1.10207142857143,0.30000001,0.5,5,0.75,36.549999,0.375180186671907,0.0286,16.459875
2002-09-27,BOEING CO,09G725,1.10992857142857,0.30000001,0.5,5,0.75,34.700001,0.3786500812295698,0.0274,16.459875
2002-09-30,BOEING CO,09G725,1.1535,0.30000001,0.5,5,0.75,34.130001,0.3780816641986283,0.0263,16.459875
2002-10-01,BOEING CO,09G725,1.13365873015873,0.30000001,0.5,5,0.75,36.0,0.3804875349464591,0.0275,16.459875
2002-10-02,BOEING CO,09G725,1.11461111111111,0.30000001,0.5,5,0.75,34.380001,0.3790120935482634,0.0274,16.459875
2002-10-03,BOEING CO,09G725,1.09735714285714,0.30000001,0.5,5,0.75,34.310001,0.3728329141251954,0.0274,16.459875
2002-10-04,BOEING CO,09G725,1.14264285714286,0.30000001,0.5,5,0.75,32.009998,0.3787841309808977,0.0273,16.459875
2002-10-07,BOEING CO,09G725,1.23607692307692,0.30000001,0.5,5,0.75,32.380001,0.3789516774935353,0.026699999,16.459875
2002-10-08,BOEING CO,09G725,1.26686538461538,0.30000001,0.5,5,0.75,32.009998,0.3789868404300327,0.027000001,16.459875
2002-10-09,BOEING CO,09G725,1.27726785714286,0.30000001,0.5,5,0.75,30.440001,0.3817601518147352,0.0265,16.459875
2002-10-10,BOEING CO,09G725,1.27353846153846,0.30000001,0.5,5,0.75,31.35,0.382897921341561,0.026799999,16.459875
2002-10-11,BOEING CO,09G725,1.22781818181818,0.30000001,0.5,5,0.75,32.0,0.3832853184952678,0.0283,16.459875
2002-10-14,BOEING CO,09G725,1.22781818181818,0.30000001,0.5,5,0.75,31.059999,0.3843247237575096,0.0283,16.459875
2002-10-15,BOEING CO,09G725,1.19507142857143,0.30000001,0.5,5,0.75,32.150002,0.3855433199176366,0.031099999,16.459875
2002-10-16,BOEING CO,09G725,1.21064705882353,0.30000001,0.5,5,0.75,30.5,0.3889211569688605,0.031099999,16.459875
2002-10-17,BOEING CO,09G725,1.216,0.30000001,0.5,5,0.75,29.98,0.3871873887376752,0.032000002,16.459875
2002-10-18,BOEING CO,09G725,1.23270588235294,0.30000001,0.5,5,0.75,29.0,0.3877618052770624,0.0317,16.459875
2002-10-21,BOEING CO,09G725,1.2254,0.30000001,0.5,5,0.75,30.360001,0.3901917676444747,0.0328,16.459875
2002-10-22,BOEING CO,09G725,1.20938888888889,0.30000001,0.5,5,0.75,30.139999,0.3901863321256917,0.032900002,16.459875
2002-10-23,BOEING CO,09G725,1.033,0.30000001,0.5,5,0.75,30.700001,0.3905917306451363,0.032600001,16.459875
2002-10-24,BOEING CO,09G725,1.02585714285714,0.30000001,0.5,5,0.75,29.950001,0.3912136308745879,0.031800002,16.459875
2002-10-25,BOEING CO,09G725,1.01026984126984,0.30000001,0.5,5,0.75,30.32,0.388366112555748,0.030999999,16.459875
2002-10-28,BOEING CO,09G725,0.963428571428572,0.30000001,0.5,5,0.75,28.98,0.3875976190205483,0.030300001,16.459875
2002-10-29,BOEING CO,09G725,0.9342,0.30000001,0.5,5,0.75,29.700001,0.3742080337244459,0.028899999,16.459875
2002-10-30,BOEING CO,09G725,0.926506493506493,0.30000001,0.5,5,0.75,30.200001,0.3739848121024943,0.0287,16.459875
2002-10-31,BOEING CO,09G725,0.8627142857142859,0.30000001,0.5,5,0.75,29.75,0.3740538424043149,0.028100001,16.459875
2002-11-01,BOEING CO,09G725,0.847452991452991,0.30000001,0.5,5,0.75,30.4,0.3742559915166044,0.029200001,17.021633
2002-11-04,BOEING CO,09G725,0.791,0.30000001,0.5,5,0.75,29.67,0.3733719355225362,0.029999999,17.021633
2002-11-05,BOEING CO,09G725,0.783339284660667,0.30000001,0.5,5,0.75,31.52,0.3780307612012008,0.029999999,17.021633
2002-11-06,BOEING CO,09G725,0.771714285714286,0.30000001,0.5,5,0.75,33.580002,0.3834224673282919,0.030099999,17.021633
2002-11-07,BOEING CO,09G725,0.776266666666667,0.30000001,0.5,5,0.75,32.290001,0.3849436128277645,0.0286,17.021633
2002-11-08,BOEING CO,09G725,0.7950055793693751,0.30000001,0.5,5,0.75,33.18,0.3859256865367889,0.0287,17.021633
2002-11-11,BOEING CO,09G725,0.786713333333334,0.30000001,0.5,5,0.75,31.23,0.387473955031478,0.0287,17.021633
2002-11-12,BOEING CO,09G725,0.7696,0.30000001,0.5,5,0.75,31.66,0.3876737701656244,0.0283,17.021633
2002-11-13,BOEING CO,09G725,0.7686000000000001,0.30000001,0.5,5,0.75,31.42,0.3873297830694387,0.028200001,17.021633
2002-11-14,BOEING CO,09G725,0.7639333333333329,0.30000001,0.5,5,0.75,31.35,0.3868411382308081,0.030099999,17.021633
2002-11-15,BOEING CO,09G725,0.753420634920635,0.30000001,0.5,5,0.75,31.5,0.3868491330272972,0.0305,17.021633
2002-11-18,BOEING CO,09G725,0.742230769230769,0.30000001,0.5,5,0.75,30.92,0.3866622984332958,0.030400001,17.021633
2002-11-19,BOEING CO,09G725,0.7394999999999999,0.30000001,0.5,5,0.75,31.4,0.3869657863005633,0.030200001,17.021633
2002-11-20,BOEING CO,09G725,0.746166666666667,0.30000001,0.5,5,0.75,31.73,0.387093011001712,0.031300001,17.021633
2002-11-21,BOEING CO,09G725,0.734923076923077,0.30000001,0.5,5,0.75,32.439999,0.3876614542274298,0.032000002,17.021633
2002-11-22,BOEING CO,09G725,0.722636363636364,0.30000001,0.5,5,0.75,34.0,0.3897142442496699,0.032600001,17.021633
2002-11-25,BOEING CO,09G725,0.7260769230769231,0.30000001,0.5,5,0.75,33.490002,0.3899435483172549,0.032600001,17.021633
2002-11-26,BOEING CO,09G725,0.725692307692308,0.30000001,0.5,5,0.75,33.669998,0.3898229806320522,0.031399999,17.021633
2002-11-27,BOEING CO,09G725,0.732428571428571,0.30000001,0.5,5,0.75,35.02,0.3900218535501316,0.033399999,17.021633
2002-11-29,BOEING CO,09G725,0.7343125,0.30000001,0.5,5,0.75,34.049999,0.3900031077419388,0.0328,17.020271
2002-12-02,BOEING CO,09G725,0.727916666666667,0.30000001,0.5,5,0.75,34.099998,0.3900013954984224,0.033100002,17.020271
2002-12-03,BOEING CO,09G725,0.726666666666667,0.30000001,0.5,5,0.75,34.240002,0.390007914641184,0.033300001,17.020271
2002-12-04,BOEING CO,09G725,0.725833333333333,0.30000001,0.5,5,0.75,33.93,0.3899740126257004,0.032499999,17.020271
2002-12-05,BOEING CO,09G725,0.736666666666667,0.30000001,0.5,5,0.75,32.959999,0.390770127548296,0.0319,17.020271
2002-12-06,BOEING CO,09G725,0.734333333333334,0.30000001,0.5,5,0.75,33.400002,0.3895132638895497,0.031300001,17.020271
2002-12-09,BOEING CO,09G725,0.737333333333333,0.30000001,0.5,5,0.75,32.400002,0.3906215329508035,0.0308,17.020271
2002-12-10,BOEING CO,09G725,0.727333333333334,0.30000001,0.5,5,0.75,32.25,0.3905036932085148,0.0307,17.020271
2002-12-11,BOEING CO,09G725,0.726,0.30000001,0.5,5,0.75,32.529999,0.3905753174517035,0.030200001,17.020271
2002-12-12,BOEING CO,09G725,0.7134375000000001,0.30000001,0.5,5,0.75,32.049999,0.3907831785882623,0.030300001,17.020271
2002-12-13,BOEING CO,09G725,0.711875,0.30000001,0.5,5,0.75,31.4,0.3912576566087968,0.0308,17.020271
2002-12-16,BOEING CO,09G725,0.7232142857142859,0.30000001,0.5,5,0.75,31.92,0.3913280534076287,0.031399999,17.020271
2002-12-17,BOEING CO,09G725,0.7162499999999999,0.30000001,0.5,5,0.75,31.85,0.3911224267216862,0.031099999,17.020271
2002-12-18,BOEING CO,09G725,0.708666666666667,0.30000001,0.5,5,0.75,32.02,0.391125662990504,0.030300001,17.020271
2002-12-19,BOEING CO,09G725,0.711153846153846,0.30000001,0.5,5,0.75,32.25,0.3911298520257573,0.029100001,17.020271
2002-12-20,BOEING CO,09G725,0.7084615384615389,0.30000001,0.5,5,0.75,32.709999,0.391028185074072,0.029300001,17.020271
2002-12-23,BOEING CO,09G725,0.709166666666667,0.30000001,0.5,5,0.75,32.790001,0.390808420824346,0.0295,17.020271
2002-12-24,BOEING CO,09G725,0.709166666666667,0.30000001,0.5,5,0.75,32.650002,0.3907909783748256,0.029200001,17.020271
2002-12-26,BOEING CO,09G725,0.706153846153846,0.30000001,0.5,5,0.75,32.630001,0.39075947000139,0.028899999,17.020271
2002-12-27,BOEING CO,09G725,0.711818181818182,0.30000001,0.5,5,0.75,32.330002,0.3908514069567611,0.027899999,17.020271
2002-12-30,BOEING CO,09G725,0.705,0.30000001,0.5,5,0.75,32.900002,0.3911130167485922,0.0276,17.020271
2002-12-31,BOEING CO,09G725,0.709583333333333,0.30000001,0.5,5,0.75,32.990002,0.3910447609263068,0.027799999,17.020271
2003-01-02,BOEING CO,09G725,0.675769230769231,0.30000001,0.5,5,0.75,33.880001,0.3916052146380208,0.0305,17.020271
2003-01-03,BOEING CO,09G725,0.642142857142857,0.30000001,0.5,5,0.75,34.18,0.3913308446082258,0.030300001,17.020271
2003-01-06,BOEING CO,09G725,0.6105,0.30000001,0.5,5,0.75,34.130001,0.3890902527249924,0.030999999,17.020271
2003-01-07,BOEING CO,09G725,0.5369999999999999,0.30000001,0.5,5,0.75,33.299999,0.3894892329586102,0.030400001,17.020271
2003-01-08,BOEING CO,09G725,0.542307692307692,0.30000001,0.5,5,0.75,33.5,0.3892150293074292,0.030099999,17.020271
2003-01-09,BOEING CO,09G725,0.553928571428571,0.30000001,0.5,5,0.75,33.900002,0.389271246014643,0.032299999,17.020271
2003-01-10,BOEING CO,09G725,0.5572619047619051,0.30000001,0.5,5,0.75,33.849998,0.3892710937786644,0.032000002,17.020271
2003-01-13,BOEING CO,09G725,0.560714285714286,0.30000001,0.5,5,0.75,34.299999,0.388444497757163,0.0317,17.020271
2003-01-14,BOEING CO,09G725,0.587111111111111,0.30000001,0.5,5,0.75,34.150002,0.3883034184113963,0.030999999,17.020271
2003-01-15,BOEING CO,09G725,0.611477777777778,0.30000001,0.5,5,0.75,33.349998,0.3879183691992726,0.030999999,17.020271
2003-01-16,BOEING CO,09G725,0.6275000000000001,0.30000001,0.5,5,0.75,33.459999,0.3864715153220907,0.031099999,17.020271
2003-01-17,BOEING CO,09G725,0.629880952380953,0.30000001,0.5,5,0.75,33.290001,0.3864129330551449,0.0305,17.020271
2003-01-21,BOEING CO,09G725,0.64125,0.30000001,0.5,5,0.75,32.400002,0.3867102086422862,0.029999999,17.020271
2003-01-22,BOEING CO,09G725,0.634,0.30000001,0.5,5,0.75,31.780001,0.3868075533445872,0.0294,17.020271
2003-01-23,BOEING CO,09G725,0.625666666666667,0.30000001,0.5,5,0.75,31.85,0.3866650778195848,0.0297,17.020271
2003-01-24,BOEING CO,09G725,0.625,0.30000001,0.5,5,0.75,31.01,0.3871278406533583,0.029300001,17.020271
2003-01-27,BOEING CO,09G725,0.642307692307692,0.30000001,0.5,5,0.75,30.620001,0.3871020066610493,0.0297,17.020271
2003-01-28,BOEING CO,09G725,0.641538461538462,0.30000001,0.5,5,0.75,31.450001,0.3879461102675579,0.029899999,17.020271
2003-01-29,BOEING CO,09G725,0.6446153846153849,0.30000001,0.5,5,0.75,30.610001,0.3885018605359537,0.0307,17.020271
2003-01-30,BOEING CO,09G725,0.6649999999999999,0.30000001,0.5,5,0.75,30.66,0.3884763480169617,0.030200001,17.020271
2003-01-31,BOEING CO,09G725,0.673333333333333,0.30000001,0.5,5,0.75,31.59,0.3889490091257448,0.030200001,17.020271
2003-02-03,BOEING CO,09G725,0.675,0.30000001,0.5,5,0.75,31.110001,0.3889956335644491,0.0305,17.020271
2003-02-04,BOEING CO,09G725,0.667272727272727,0.30000001,0.5,5,0.75,31.24,0.3889455436622875,0.029899999,17.020271
2003-02-05,BOEING CO,09G725,0.6665,0.30000001,0.5,5,0.75,30.67,0.3891110459744927,0.0307,17.020271
2003-02-06,BOEING CO,09G725,0.67625,0.30000001,0.5,5,0.75,30.549999,0.3890627349429037,0.030200001,17.020271
2003-02-07,BOEING CO,09G725,0.67,0.30000001,0.5,5,0.75,30.0,0.389432681545181,0.0297,17.020271
2003-02-10,BOEING CO,09G725,0.676538461538462,0.30000001,0.5,5,0.75,30.27,0.389209533510273,0.030300001,17.020271
2003-02-11,BOEING CO,09G725,0.693461538461539,0.30000001,0.5,5,0.75,29.84,0.3880997277113422,0.029999999,17.020271
2003-02-12,BOEING CO,09G725,0.717272727272727,0.30000001,0.5,5,0.75,29.629999,0.3881181347287573,0.029200001,17.020271
2003-02-13,BOEING CO,09G725,0.7975,0.30000001,0.5,5,0.75,29.5,0.3858697692428676,0.0285,17.020271
2003-02-14,BOEING CO,09G725,0.793333333333333,0.30000001,0.5,5,0.75,30.15,0.3865712604015129,0.029100001,17.020271
2003-02-18,BOEING CO,09G725,0.8,0.30000001,0.5,5,0.75,30.0,0.3865676413010667,0.029200001,17.020271
2003-02-19,BOEING CO,09G725,0.798214285714286,0.30000001,0.5,5,0.75,30.18,0.3857992541058457,0.0287,17.020271
2003-02-20,BOEING CO,09G725,0.806428571428572,0.30000001,0.5,5,0.75,29.17,0.3870717872523624,0.028200001,17.020271
2003-02-21,BOEING CO,09G725,0.796428571428571,0.30000001,0.5,5,0.75,29.639999,0.3868347994364091,0.0286,17.020271
2003-02-24,BOEING CO,09G725,0.774444444444444,0.30000001,0.5,5,0.75,28.49,0.3884086163324763,0.028200001,17.020271
2003-02-25,BOEING CO,09G725,0.8387500000000001,0.30000001,0.5,5,0.75,28.190001,0.3884765148122465,0.0277,17.020271
2003-02-26,BOEING CO,09G725,0.8433333333333329,0.30000001,0.5,5,0.75,27.84,0.3885807056014642,0.0275,17.020271
2003-02-27,BOEING CO,09G725,0.8322222222222221,0.30000001,0.5,5,0.75,27.950001,0.3881935305091019,0.0275,17.020271
2003-02-28,BOEING CO,09G725,0.831538461538462,0.30000001,0.5,5,0.75,27.559999,0.3883787369336682,0.026900001,17.006718
2003-03-03,BOEING CO,09G725,0.830480769230769,0.30000001,0.5,5,0.75,27.110001,0.3862942992889212,0.0266,18.004246
2003-03-04,BOEING CO,09G725,0.85275,0.30000001,0.5,5,0.75,27.450001,0.3854825193757671,0.0262,18.004246
2003-03-05,BOEING CO,09G725,0.848076923076923,0.30000001,0.5,5,0.75,26.74,0.3858595520493901,0.025800001,18.004246
2003-03-06,BOEING CO,09G725,0.873684210526316,0.30000001,0.5,5,0.75,26.16,0.3846440388245465,0.0263,18.004246
2003-03-07,BOEING CO,09G725,0.88775,0.30000001,0.5,5,0.75,25.84,0.3839249348658368,0.025599999,18.004246
2003-03-10,BOEING CO,09G725,0.907296650717704,0.30000001,0.5,5,0.75,25.52,0.383475111255578,0.0251,18.004246
2003-03-11,BOEING CO,09G725,0.918,0.30000001,0.5,5,0.75,25.219999,0.3822247294107329,0.0254,18.004246
2003-03-12,BOEING CO,09G725,0.93325,0.30000001,0.5,5,0.75,25.15,0.3821087416734559,0.025699999,18.004246
2003-03-13,BOEING CO,09G725,0.902894736842105,0.30000001,0.5,5,0.75,25.35,0.381784778198942,0.0275,18.004246
2003-03-14,BOEING CO,09G725,0.905294117647059,0.30000001,0.5,5,0.75,25.549999,0.3806909106959373,0.0272,18.004246
2003-03-17,BOEING CO,09G725,0.9355,0.30000001,0.5,5,0.75,26.9,0.3845145852537138,0.028200001,18.004246
2003-03-18,BOEING CO,09G725,0.90875,0.30000001,0.5,5,0.75,27.83,0.3862040094843628,0.029300001,18.004246
2003-03-19,BOEING CO,09G725,0.9708333333333328,0.30000001,0.5,5,0.75,27.950001,0.3861125416192026,0.0298,18.004246
2003-03-20,BOEING CO,09G725,0.974375,0.30000001,0.5,5,0.75,27.82,0.3856393473644781,0.030200001,18.004246
2003-03-21,BOEING CO,09G725,0.9652631578947368,0.30000001,0.5,5,0.75,28.1,0.3855149876991943,0.031199999,18.004246
2003-03-24,BOEING CO,09G725,0.9785763888888892,0.30000001,0.5,5,0.75,27.030001,0.386410479160539,0.0298,18.004246
2003-03-25,BOEING CO,09G725,1.00274801587302,0.30000001,0.5,5,0.75,27.370001,0.3864655278397726,0.0297,18.004246
2003-03-26,BOEING CO,09G725,0.9996428571428568,0.30000001,0.5,5,0.75,26.4,0.3879237512810187,0.0294,18.004246
2003-03-27,BOEING CO,09G725,0.9625,0.30000001,0.5,5,0.75,26.52,0.3863441712604093,0.029200001,18.004246
2003-03-28,BOEING CO,09G725,0.9625,0.30000001,0.5,5,0.75,26.1,0.3859963936564122,0.0286,18.004246
2003-03-31,BOEING CO,09G725,0.965934065934066,0.30000001,0.5,5,0.75,25.059999,0.3878122835006779,0.027799999,18.00285
2003-04-01,BOEING CO,09G725,0.964166666666667,0.30000001,0.5,5,0.75,25.67,0.3878085596627091,0.027799999,18.00285
2003-04-02,BOEING CO,09G725,0.883214285714286,0.30000001,0.5,5,0.75,26.66,0.389909466106142,0.028899999,18.00285
2003-04-03,BOEING CO,09G725,0.8430555555555559,0.30000001,0.5,5,0.75,26.549999,0.3898058766067497,0.0287,18.00285
2003-04-04,BOEING CO,09G725,0.8330000000000001,0.30000001,0.5,5,0.75,26.5,0.3895506350236722,0.0288,18.00285
2003-04-07,BOEING CO,09G725,0.8072727272727269,0.30000001,0.5,5,0.75,27.4,0.3908550302845952,0.029899999,18.00285
2003-04-08,BOEING CO,09G725,0.8138124999999999,0.30000001,0.5,5,0.75,27.360001,0.3907945829051307,0.029100001,18.00285
2003-04-09,BOEING CO,09G725,0.807954545454546,0.30000001,0.5,5,0.75,27.48,0.3901828209669186,0.0287,18.00285
2003-04-10,BOEING CO,09G725,0.8106818181818191,0.30000001,0.5,5,0.75,27.09,0.3901447158515637,0.028899999,18.00285
2003-04-11,BOEING CO,09G725,0.8375,0.30000001,0.5,5,0.75,26.469999,0.3906894237552263,0.0295,18.00285
2003-04-14,BOEING CO,09G725,0.84,0.30000001,0.5,5,0.75,27.25,0.3916009126636862,0.030200001,18.00285
2003-04-15,BOEING CO,09G725,0.791333333333333,0.30000001,0.5,5,0.75,27.290001,0.3908823990338056,0.0296,18.00285
2003-04-16,BOEING CO,09G725,0.789705882352941,0.30000001,0.5,5,0.75,26.639999,0.3857799502016699,0.0295,18.00285
2003-04-17,BOEING CO,09G725,0.7696875,0.30000001,0.5,5,0.75,26.65,0.3841740461841766,0.029899999,18.00285
2003-04-21,BOEING CO,09G725,0.753888888888889,0.30000001,0.5,5,0.75,26.780001,0.3836939562158319,0.030300001,18.00285
2003-04-22,BOEING CO,09G725,0.72344298245614,0.30000001,0.5,5,0.75,27.799999,0.3855879004017403,0.030099999,18.00285
2003-04-23,BOEING CO,09G725,0.641,0.30000001,0.5,5,0.75,28.139999,0.385588890500841,0.030200001,18.00285
2003-04-24,BOEING CO,09G725,0.628625,0.30000001,0.5,5,0.75,27.629999,0.3859555278589998,0.029200001,18.00285
2003-04-25,BOEING CO,09G725,0.633181818181818,0.30000001,0.5,5,0.75,27.190001,0.3860894857672441,0.0288,18.00285
2003-04-28,BOEING CO,09G725,0.633856143856144,0.30000001,0.5,5,0.75,27.379999,0.3860958187854668,0.028999999,18.00285
2003-04-29,BOEING CO,09G725,0.632727272727273,0.30000001,0.5,5,0.75,27.76,0.3828120958062128,0.0294,18.00285
2003-04-30,BOEING CO,09G725,0.619368095238095,0.30000001,0.5,5,0.75,27.280001,0.3824002038177517,0.0285,18.00285
2003-05-01,BOEING CO,09G725,0.616162173913044,0.30000001,0.5,5,0.75,27.110001,0.3818032137957574,0.028200001,18.759062
2003-05-02,BOEING CO,09G725,0.610727391304348,0.30000001,0.5,5,0.75,28.620001,0.38589397316398,0.028999999,18.759062
2003-05-05,BOEING CO,09G725,0.625571428571429,0.30000001,0.5,5,0.75,27.620001,0.3873273375086177,0.0287,18.759062
2003-05-06,BOEING CO,09G725,0.650909090909091,0.30000001,0.5,5,0.75,28.139999,0.3869443187700355,0.0276,18.759062
2003-05-07,BOEING CO,09G725,0.663571428571429,0.30000001,0.5,5,0.75,28.379999,0.3870472756699866,0.0264,18.759062
2003-05-08,BOEING CO,09G725,0.684473684210527,0.30000001,0.5,5,0.75,28.139999,0.3858809413323742,0.0262,18.759062
2003-05-09,BOEING CO,09G725,0.673888888888889,0.30000001,0.5,5,0.75,29.1,0.387257582894518,0.0261,18.759062
2003-05-12,BOEING CO,09G725,0.675842105263158,0.30000001,0.5,5,0.75,29.82,0.3870603488259502,0.025800001,18.759062
2003-05-13,BOEING CO,09G725,0.69,0.30000001,0.5,5,0.75,29.549999,0.3868053694770348,0.025800001,18.759062
2003-05-14,BOEING CO,09G725,0.704736842105263,0.30000001,0.5,5,0.75,29.49,0.3857925399663068,0.024700001,18.759062
2003-05-15,BOEING CO,09G725,0.75,0.30000001,0.5,5,0.75,30.16,0.3862289652670273,0.0252,18.759062
2003-05-16,BOEING CO,09G725,0.751578947368421,0.30000001,0.5,5,0.75,30.42,0.3861892520700122,0.0243,18.759062
2003-05-19,BOEING CO,09G725,0.774117647058824,0.30000001,0.5,5,0.75,29.07,0.3884491908476369,0.0241,18.759062
2003-05-20,BOEING CO,09G725,0.796,0.30000001,0.5,5,0.75,28.93,0.3884317715769576,0.023399999,18.759062
2003-05-21,BOEING CO,09G725,0.804,0.30000001,0.5,5,0.75,28.799999,0.3881157946468745,0.023700001,18.759062
2003-05-22,BOEING CO,09G725,0.797142857142858,0.30000001,0.5,5,0.75,29.1,0.3882850801533401,0.0232,18.759062
2003-05-23,BOEING CO,09G725,0.796190476190476,0.30000001,0.5,5,0.75,29.99,0.3895642273296679,0.0233,18.759062
2003-05-27,BOEING CO,09G725,0.788235294117647,0.30000001,0.5,5,0.75,29.9,0.3891954814182633,0.023399999,18.759062
2003-05-28,BOEING CO,09G725,0.767058823529412,0.30000001,0.5,5,0.75,30.379999,0.3895089412693176,0.023499999,18.759062
2003-05-29,BOEING CO,09G725,0.742727272727273,0.30000001,0.5,5,0.75,29.950001,0.3897293017335765,0.022700001,18.759062
2003-05-30,BOEING CO,09G725,0.703157894736842,0.30000001,0.5,5,0.75,30.67,0.3901947036474094,0.023,18.756741
2003-06-02,BOEING CO,09G725,0.689523809523809,0.30000001,0.5,5,0.75,31.959999,0.3919267311988435,0.023700001,18.756741
2003-06-03,BOEING CO,09G725,0.665789473684211,0.30000001,0.5,5,0.75,32.110001,0.3915574412639781,0.022500001,18.756741
2003-06-04,BOEING CO,09G725,0.6520454545454549,0.30000001,0.5,5,0.75,33.549999,0.3941939546521471,0.0219,18.756741
2003-06-05,BOEING CO,09G725,0.647272727272727,0.30000001,0.5,5,0.75,33.68,0.3938506108303174,0.022500001,18.756741
2003-06-06,BOEING CO,09G725,0.6460869565217391,0.30000001,0.5,5,0.75,34.860001,0.3952305779650712,0.0229,18.756741
2003-06-09,BOEING CO,09G725,0.6437728937728939,0.30000001,0.5,5,0.75,33.169998,0.3976643866949193,0.022,18.756741
2003-06-10,BOEING CO,09G725,0.642380952380952,0.30000001,0.5,5,0.75,34.310001,0.3991779288333737,0.021199999,18.756741
2003-06-11,BOEING CO,09G725,0.6355000000000001,0.30000001,0.5,5,0.75,35.400002,0.4003677560944524,0.021600001,18.756741
2003-06-12,BOEING CO,09G725,0.6011500000000001,0.30000001,0.5,5,0.75,35.75,0.3992416769587125,0.021,18.756741
2003-06-13,BOEING CO,09G725,0.583952380952381,0.30000001,0.5,5,0.75,35.34,0.3982652132798645,0.0208,18.756741
2003-06-16,BOEING CO,09G725,0.579104166666667,0.30000001,0.5,5,0.75,36.41,0.3994392559622095,0.021400001,18.756741
2003-06-17,BOEING CO,09G725,0.549376152832675,0.30000001,0.5,5,0.75,36.150002,0.397968209491481,0.022600001,18.756741
2003-06-18,BOEING CO,09G725,0.543833333333333,0.30000001,0.5,5,0.75,35.830002,0.3980315558425122,0.023399999,18.756741
2003-06-19,BOEING CO,09G725,0.535040293040293,0.30000001,0.5,5,0.75,35.5,0.3978656989265026,0.0228,18.756741
2003-06-20,BOEING CO,09G725,0.5285,0.30000001,0.5,5,0.75,35.529999,0.3975746598033502,0.0231,18.756741
2003-06-23,BOEING CO,09G725,0.53165,0.30000001,0.5,5,0.75,34.459999,0.3982831896651436,0.022399999,18.756741
2003-06-24,BOEING CO,09G725,0.53125,0.30000001,0.5,5,0.75,34.5,0.3982563629477126,0.0221,18.756741
2003-06-25,BOEING CO,09G725,0.53125,0.30000001,0.5,5,0.75,34.41,0.3982467050442218,0.0232,18.756741
2003-06-26,BOEING CO,09G725,0.5339,0.30000001,0.5,5,0.75,34.400002,0.3982351258211118,0.024900001,18.756741
2003-06-27,BOEING CO,09G725,0.5256000000000001,0.30000001,0.5,5,0.75,34.220001,0.3951930697809069,0.0252,18.756741
2003-06-30,BOEING CO,09G725,0.5317500000000001,0.30000001,0.5,5,0.75,34.32,0.395176054751514,0.024599999,18.756741
2003-07-01,BOEING CO,09G725,0.5397500000000001,0.30000001,0.5,5,0.75,34.650002,0.3952237630689495,0.024800001,18.756741
2003-07-02,BOEING CO,09G725,0.537888888888889,0.30000001,0.5,5,0.75,34.799999,0.395254145260857,0.024700001,18.756741
2003-07-03,BOEING CO,09G725,0.5365925925925931,0.30000001,0.5,5,0.75,34.580002,0.3949398817869698,0.0255,18.756741
2003-07-07,BOEING CO,09G725,0.525555555555556,0.30000001,0.5,5,0.75,35.009998,0.3941109347213231,0.0263,18.756741
2003-07-08,BOEING CO,09G725,0.4914285714285709,0.30000001,0.5,5,0.75,34.990002,0.3936287653786624,0.0265,18.756741
2003-07-09,BOEING CO,09G725,0.493058823529412,0.30000001,0.5,5,0.75,35.23,0.3932127946063796,0.0263,18.756741
2003-07-10,BOEING CO,09G725,0.5035000000000001,0.30000001,0.5,5,0.75,34.689999,0.3895250225138143,0.025900001,18.756741
2003-07-11,BOEING CO,09G725,0.5035000000000001,0.30000001,0.5,5,0.75,35.18,0.3896806510181323,0.0252,18.756741
2003-07-14,BOEING CO,09G725,0.504545454545455,0.30000001,0.5,5,0.75,34.580002,0.3892668100140042,0.026000001,18.756741
2003-07-15,BOEING CO,09G725,0.504642857142857,0.30000001,0.5,5,0.75,33.439999,0.3905270037103845,0.028100001,18.756741
2003-07-16,BOEING CO,09G725,0.519,0.30000001,0.5,5,0.75,33.389999,0.3895006851368142,0.0287,18.756741
2003-07-17,BOEING CO,09G725,0.533973262032086,0.30000001,0.5,5,0.75,33.169998,0.386159707072654,0.0288,18.756741
2003-07-18,BOEING CO,09G725,0.54,0.30000001,0.5,5,0.75,33.349998,0.3843364977404989,0.029300001,18.756741
2003-07-21,BOEING CO,09G725,0.508468899521531,0.30000001,0.5,5,0.75,32.349998,0.3840734612638603,0.030999999,18.756741
2003-07-22,BOEING CO,09G725,0.490166666666667,0.30000001,0.5,5,0.75,32.57,0.3825860781983399,0.0307,18.756741
2003-07-23,BOEING CO,09G725,0.496213636363636,0.30000001,0.5,5,0.75,32.689999,0.3825103483171873,0.030400001,18.756741
2003-07-24,BOEING CO,09G725,0.487954545454545,0.30000001,0.5,5,0.75,32.200001,0.3779277917978645,0.0308,18.756741
2003-07-25,BOEING CO,09G725,0.505400641025641,0.30000001,0.5,5,0.75,32.68,0.3757734871777684,0.030999999,18.756741
2003-07-28,BOEING CO,09G725,0.498636363636364,0.30000001,0.5,5,0.75,32.77,0.3751862834600092,0.032099999,18.756741
2003-07-29,BOEING CO,09G725,0.498730769230769,0.30000001,0.5,5,0.75,32.049999,0.3757893949439879,0.033300001,18.756741
2003-07-30,BOEING CO,09G725,0.5012509157509161,0.30000001,0.5,5,0.75,32.52,0.3760099511156095,0.032699998,18.756741
2003-07-31,BOEING CO,09G725,0.51115367965368,0.30000001,0.5,5,0.75,33.119999,0.3764851523817397,0.033799998,18.756741
2003-08-01,BOEING CO,09G725,0.513842105263158,0.30000001,0.5,5,0.75,32.419998,0.3764668849971079,0.0337,18.231833
2003-08-04,BOEING CO,09G725,0.517857142857143,0.30000001,0.5,5,0.75,32.220001,0.3760427251579337,0.032400001,18.231833
2003-08-05,BOEING CO,09G725,0.511964285714286,0.30000001,0.5,5,0.75,31.219999,0.3760337443667844,0.0337,18.231833
2003-08-06,BOEING CO,09G725,0.5265625,0.30000001,0.5,5,0.75,31.91,0.3761162228667369,0.032499999,18.231833
2003-08-07,BOEING CO,09G725,0.518333333333333,0.30000001,0.5,5,0.75,31.93,0.3735922712389452,0.0319,18.231833
2003-08-08,BOEING CO,09G725,0.518961038961039,0.30000001,0.5,5,0.75,32.25,0.3736013066946306,0.0317,18.231833
2003-08-11,BOEING CO,09G725,0.5144444444444449,0.30000001,0.5,5,0.75,32.220001,0.3734255238530722,0.032600001,18.231833
2003-08-12,BOEING CO,09G725,0.5135,0.30000001,0.5,5,0.75,32.610001,0.3734586954229502,0.032299999,18.231833
2003-08-13,BOEING CO,09G725,0.52,0.30000001,0.5,5,0.75,32.380001,0.3646674834090499,0.034299999,18.231833
2003-08-14,BOEING CO,09G725,0.519416666666667,0.30000001,0.5,5,0.75,32.98,0.3646515322354891,0.034200002,18.231833
2003-08-15,BOEING CO,09G725,0.5195138888888889,0.30000001,0.5,5,0.75,32.939999,0.3632887174587458,0.034200002,18.231833
2003-08-18,BOEING CO,09G725,0.5208333333333329,0.30000001,0.5,5,0.75,33.580002,0.3638177247831447,0.0337,18.231833
2003-08-19,BOEING CO,09G725,0.5125378787878789,0.30000001,0.5,5,0.75,34.330002,0.3635255198295338,0.032699998,18.231833
2003-08-20,BOEING CO,09G725,0.51409632034632,0.30000001,0.5,5,0.75,34.360001,0.3631713228332973,0.033500001,18.231833
2003-08-21,BOEING CO,09G725,0.506818181818182,0.30000001,0.5,5,0.75,34.939999,0.3634724554445881,0.035100002,18.231833
2003-08-22,BOEING CO,09G725,0.507638888888894,0.30000001,0.5,5,0.75,35.68,0.3632479962541091,0.034699999,18.231833
2003-08-25,BOEING CO,09G725,0.505976190476195,0.30000001,0.5,5,0.75,35.299999,0.3616431291645222,0.0352,18.231833
2003-08-26,BOEING CO,09G725,0.5065694444444481,0.30000001,0.5,5,0.75,35.709999,0.3617637261029317,0.035,18.231833
2003-08-27,BOEING CO,09G725,0.502083333333333,0.30000001,0.5,5,0.75,36.139999,0.361940308630846,0.035500001,18.231833
2003-08-28,BOEING CO,09G725,0.477159090909091,0.30000001,0.5,5,0.75,36.98,0.3624307506462748,0.034200002,18.231833
2003-08-29,BOEING CO,09G725,0.477084848484849,0.30000001,0.5,5,0.75,37.389999,0.3624549902743341,0.034600001,18.231285
2003-09-02,BOEING CO,09G725,0.47873391101652,0.30000001,0.5,5,0.75,37.689999,0.3625226068390415,0.0363,18.231285
2003-09-03,BOEING CO,09G725,0.459578461538461,0.30000001,0.5,5,0.75,38.369999,0.360261198354757,0.0361,18.231285
2003-09-04,BOEING CO,09G725,0.458725714285714,0.30000001,0.5,5,0.75,37.889999,0.35841522944273,0.035,18.231285
2003-09-05,BOEING CO,09G725,0.448260869565247,0.30000001,0.5,5,0.75,37.16,0.3582358820715751,0.0328,18.231285
2003-09-08,BOEING CO,09G725,0.460555555555604,0.30000001,0.5,5,0.75,36.959999,0.356813845065277,0.033199999,18.231285
2003-09-09,BOEING CO,09G725,0.463055555555597,0.30000001,0.5,5,0.75,36.330002,0.3572180965226797,0.0328,18.231285
2003-09-10,BOEING CO,09G725,0.465166666666711,0.30000001,0.5,5,0.75,35.619999,0.3577329914490051,0.031800002,18.231285
2003-09-11,BOEING CO,09G725,0.4690625000000001,0.30000001,0.5,5,0.75,35.720001,0.3577309989195295,0.032400001,18.231285
2003-09-12,BOEING CO,09G725,0.467534722222222,0.30000001,0.5,5,0.75,35.66,0.3573190019021162,0.031500001,18.231285
2003-09-15,BOEING CO,09G725,0.466416666666667,0.30000001,0.5,5,0.75,35.5,0.3565286191143576,0.031199999,18.231285
2003-09-16,BOEING CO,09G725,0.449235294117647,0.30000001,0.5,5,0.75,35.810001,0.353626203374205,0.031199999,18.231285
2003-09-17,BOEING CO,09G725,0.441825,0.30000001,0.5,5,0.75,35.43,0.3528697759494422,0.0306,18.231285
2003-09-18,BOEING CO,09G725,0.441904761904762,0.30000001,0.5,5,0.75,36.139999,0.3531884219008358,0.0309,18.231285
2003-09-19,BOEING CO,09G725,0.432608695652174,0.30000001,0.5,5,0.75,35.790001,0.3516517670256649,0.031099999,18.231285
2003-09-22,BOEING CO,09G725,0.431702898550725,0.30000001,0.5,5,0.75,34.889999,0.3515513183070968,0.031599998,18.231285
2003-09-23,BOEING CO,09G725,0.43,0.30000001,0.5,5,0.75,35.150002,0.3503511220444132,0.031300001,18.231285
2003-09-24,BOEING CO,09G725,0.431923076923077,0.30000001,0.5,5,0.75,34.200001,0.3511853993201196,0.0307,18.231285
2003-09-25,BOEING CO,09G725,0.431456790123457,0.30000001,0.5,5,0.75,33.759998,0.3511998955088009,0.0305,18.231285
2003-09-26,BOEING CO,09G725,0.433401904761905,0.30000001,0.5,5,0.75,34.009998,0.3498028001147294,0.0295,18.231285
2003-09-29,BOEING CO,09G725,0.440932936507937,0.30000001,0.5,5,0.75,34.450001,0.3463150743997834,0.0298,18.231285
2003-09-30,BOEING CO,09G725,0.4373508771929821,0.30000001,0.5,5,0.75,34.330002,0.345928073500284,0.0285,18.231285
2003-10-01,BOEING CO,09G725,0.443699754901961,0.30000001,0.5,5,0.75,35.34,0.3428393305412859,0.0284,18.231285
2003-10-02,BOEING CO,09G725,0.440788690476191,0.30000001,0.5,5,0.75,35.330002,0.3398154242701403,0.028999999,18.231285
2003-10-03,BOEING CO,09G725,0.43421568627451,0.30000001,0.5,5,0.75,35.849998,0.3401071743191627,0.031199999,18.231285
2003-10-06,BOEING CO,09G725,0.430200000000001,0.30000001,0.5,5,0.75,35.810001,0.3332841743045843,0.0306,18.231285
2003-10-07,BOEING CO,09G725,0.423529411764706,0.30000001,0.5,5,0.75,36.169998,0.3332394474217894,0.031500001,18.231285
2003-10-08,BOEING CO,09G725,0.41075,0.30000001,0.5,5,0.75,36.279999,0.3330224619249879,0.031399999,18.231285
2003-10-09,BOEING CO,09G725,0.40675,0.30000001,0.5,5,0.75,36.790001,0.3294974318011248,0.0317,18.231285
2003-10-10,BOEING CO,09G725,0.396603174603175,0.30000001,0.5,5,0.75,36.950001,0.3282417461238399,0.031500001,18.231285
2003-10-13,BOEING CO,09G725,0.3965909090909091,0.30000001,0.5,5,0.75,37.299999,0.3277544617319131,0.031500001,18.231285
2003-10-14,BOEING CO,09G725,0.386739130434783,0.30000001,0.5,5,0.75,37.150002,0.3263787820403249,0.032299999,18.231285
2003-10-15,BOEING CO,09G725,0.384791666666667,0.30000001,0.5,5,0.75,37.0,0.324618174336584,0.033,18.231285
2003-10-16,BOEING CO,09G725,0.375958333333333,0.30000001,0.5,5,0.75,37.450001,0.320554348745686,0.034000002,18.231285
2003-10-17,BOEING CO,09G725,0.37450641025641,0.30000001,0.5,5,0.75,37.240002,0.3201065183214875,0.033300001,18.231285
2003-10-20,BOEING CO,09G725,0.360540404040404,0.30000001,0.5,5,0.75,37.27,0.3182973578054929,0.033300001,18.231285
2003-10-21,BOEING CO,09G725,0.360869565217296,0.30000001,0.5,5,0.75,36.599998,0.3155641970846524,0.033100002,18.231285
2003-10-22,BOEING CO,09G725,0.358799999999912,0.30000001,0.5,5,0.75,36.16,0.3157249501675873,0.032099999,18.231285
2003-10-23,BOEING CO,09G725,0.357399999999912,0.30000001,0.5,5,0.75,35.939999,0.3153102736862761,0.032400001,18.231285
2003-10-24,BOEING CO,09G725,0.356406985871194,0.30000001,0.5,5,0.75,36.279999,0.3143950996494625,0.031300001,18.231285
2003-10-27,BOEING CO,09G725,0.354453492935545,0.30000001,0.5,5,0.75,36.040001,0.3142823798320628,0.032099999,18.231285
2003-10-28,BOEING CO,09G725,0.354110916555887,0.30000001,0.5,5,0.75,36.040001,0.3109940440055292,0.031099999,18.231285
2003-10-29,BOEING CO,09G725,0.344890151515052,0.30000001,0.5,5,0.75,38.5,0.3172864993798056,0.032000002,18.231285
2003-10-30,BOEING CO,09G725,0.342795454545355,0.30000001,0.5,5,0.75,38.77,0.3169570478955697,0.032900002,18.231285
2003-10-31,BOEING CO,09G725,0.331914835164835,0.30000001,0.5,5,0.75,38.490002,0.3166552471321107,0.032699998,18.230078
2003-11-03,BOEING CO,09G725,0.31572,0.30000001,0.5,5,0.75,38.91,0.3161325428367304,0.033399999,18.582483
2003-11-04,BOEING CO,09G725,0.317375,0.30000001,0.5,5,0.75,38.73,0.3151678749876747,0.0328,18.582483
2003-11-05,BOEING CO,09G725,0.313064102564191,0.30000001,0.5,5,0.75,38.599998,0.3091931297521828,0.033500001,18.582483
2003-11-06,BOEING CO,09G725,0.31021739130444,0.30000001,0.5,5,0.75,38.889999,0.3024614884650632,0.034299999,18.582483
2003-11-07,BOEING CO,09G725,0.30387472527481,0.30000001,0.5,5,0.75,38.900002,0.2998801255077006,0.034699999,18.582483
2003-11-10,BOEING CO,09G725,0.301014993174005,0.30000001,0.5,5,0.75,38.830002,0.2987058948835482,0.034899998,18.582483
2003-11-11,BOEING CO,09G725,0.301014993174005,0.30000001,0.5,5,0.75,38.32,0.2929829607589091,0.034899998,18.582483
2003-11-12,BOEING CO,09G725,0.29778693798085,0.30000001,0.5,5,0.75,39.07,0.2936078571334059,0.034499999,18.582483
2003-11-13,BOEING CO,09G725,0.283045205126691,0.30000001,0.5,5,0.75,39.900002,0.294277715241321,0.032900002,18.582483
2003-11-14,BOEING CO,09G725,0.275908682206009,0.30000001,0.5,5,0.75,39.25,0.2947774782474425,0.0319,18.582483
2003-11-17,BOEING CO,09G725,0.254038601607143,0.30000001,0.5,5,0.75,39.740002,0.2949737096889185,0.031399999,18.582483
2003-11-18,BOEING CO,09G725,0.256360030178571,0.30000001,0.5,5,0.75,38.830002,0.2953053716844277,0.031399999,18.582483
2003-11-19,BOEING CO,09G725,0.254285714285714,0.30000001,0.5,5,0.75,39.400002,0.2952662978907857,0.032200001,18.582483
2003-11-20,BOEING CO,09G725,0.249399068851852,0.30000001,0.5,5,0.75,39.349998,0.295127087862702,0.031399999,18.582483
2003-11-21,BOEING CO,09G725,0.245545454545455,0.30000001,0.5,5,0.75,38.860001,0.2946631186183365,0.031500001,18.582483
2003-11-24,BOEING CO,09G725,0.25369496475,0.30000001,0.5,5,0.75,38.889999,0.2908438343928303,0.032400001,18.582483
2003-11-25,BOEING CO,09G725,0.253003141031746,0.30000001,0.5,5,0.75,38.259998,0.2909105567004547,0.032000002,18.582483
2003-11-26,BOEING CO,09G725,0.253394172246377,0.30000001,0.5,5,0.75,38.279999,0.2908743209744535,0.032699998,18.582483
2003-11-28,BOEING CO,09G725,0.253903625474308,0.30000001,0.5,5,0.75,38.389999,0.2881921712021526,0.033799998,18.582483
2003-12-01,BOEING CO,09G725,0.250357142857143,0.30000001,0.5,5,0.75,38.02,0.2869724922724599,0.034600001,18.582483
2003-12-02,BOEING CO,09G725,0.305544675,0.30000001,0.5,5,0.75,37.830002,0.287027529370284,0.034299999,18.582483
2003-12-03,BOEING CO,09G725,0.332619604347826,0.30000001,0.5,5,0.75,38.52,0.2875457729795853,0.034600001,18.582483
2003-12-04,BOEING CO,09G725,0.329146582758621,0.30000001,0.5,5,0.75,39.110001,0.2877472122395895,0.034200002,18.582483
2003-12-05,BOEING CO,09G725,0.3494895645,0.30000001,0.5,5,0.75,38.0,0.2877250489827855,0.032299999,18.582483
2003-12-08,BOEING CO,09G725,0.350886469261905,0.30000001,0.5,5,0.75,39.119999,0.2888805590492218,0.0328,18.582483
2003-12-09,BOEING CO,09G725,0.36656209171875,0.30000001,0.5,5,0.75,38.580002,0.2875993131262366,0.033300001,18.582483
2003-12-10,BOEING CO,09G725,0.388430088214286,0.30000001,0.5,5,0.75,38.869999,0.2876195896066179,0.0328,18.582483
2003-12-11,BOEING CO,09G725,0.3910923239719391,0.30000001,0.5,5,0.75,39.560001,0.2880062710063035,0.032099999,18.582483
2003-12-12,BOEING CO,09G725,0.462540135714286,0.30000001,0.5,5,0.75,39.369999,0.2876300791733341,0.032299999,18.582483
2003-12-15,BOEING CO,09G725,0.456697246071429,0.30000001,0.5,5,0.75,39.200001,0.2868822016647258,0.032600001,18.582483
2003-12-16,BOEING CO,09G725,0.454381202987528,0.30000001,0.5,5,0.75,39.93,0.2870015170717655,0.032099999,18.582483
2003-12-17,BOEING CO,09G725,0.404782423284493,0.30000001,0.5,5,0.75,40.860001,0.2878351632251398,0.031800002,18.582483
2003-12-18,BOEING CO,09G725,0.385154973518518,0.30000001,0.5,5,0.75,41.349998,0.2880074471169977,0.0317,18.582483
2003-12-19,BOEING CO,09G725,0.382192010555556,0.30000001,0.5,5,0.75,41.48,0.2879525697402893,0.031599998,18.582483
2003-12-22,BOEING CO,09G725,0.380074463296581,0.30000001,0.5,5,0.75,41.599998,0.2876612027402049,0.0319,18.582483
2003-12-23,BOEING CO,09G725,0.379170645491168,0.30000001,0.5,5,0.75,41.939999,0.2877431794080585,0.033,18.582483
2003-12-24,BOEING CO,09G725,0.376999081368618,0.30000001,0.5,5,0.75,41.360001,0.2880847364141026,0.032000002,18.582483
2003-12-26,BOEING CO,09G725,0.377079372521349,0.30000001,0.5,5,0.75,41.470001,0.2880827754324547,0.0317,18.582483
2003-12-29,BOEING CO,09G725,0.370358776785714,0.30000001,0.5,5,0.75,42.0,0.2881247645160192,0.032299999,18.582483
2003-12-30,BOEING CO,09G725,0.369001525,0.30000001,0.5,5,0.75,42.279999,0.2877091121825038,0.032600001,18.582483
2003-12-31,BOEING CO,09G725,0.37972349305507,0.30000001,0.5,5,0.75,42.139999,0.2877411535833035,0.032499999,18.582483
2004-01-02,BOEING CO,09G725,0.374999999999127,0.30000001,0.5,5,0.75,41.990002,0.2866152097388911,0.033599999,18.582483
2004-01-05,BOEING CO,09G725,0.358268974705369,0.30000001,0.5,5,0.75,42.07,0.286510849471334,0.0339,18.582483
2004-01-06,BOEING CO,09G725,0.3495286285,0.30000001,0.5,5,0.75,41.93,0.2865332131513269,0.032600001,18.582483
2004-01-07,BOEING CO,09G725,0.347170122380953,0.30000001,0.5,5,0.75,42.279999,0.285487833239335,0.032499999,18.582483
2004-01-08,BOEING CO,09G725,0.354824794310044,0.30000001,0.5,5,0.75,42.860001,0.2857231255386885,0.032400001,18.582483
2004-01-09,BOEING CO,09G725,0.353515519814492,0.30000001,0.5,5,0.75,42.639999,0.2855902606419101,0.0305,18.582483
2004-01-12,BOEING CO,09G725,0.35077838733913,0.30000001,0.5,5,0.75,42.41,0.285653028228426,0.030400001,18.582483
2004-01-13,BOEING CO,09G725,0.356120967708333,0.30000001,0.5,5,0.75,42.240002,0.2854379522291107,0.0298,18.582483
2004-01-14,BOEING CO,09G725,0.35988530462963,0.30000001,0.5,5,0.75,43.110001,0.2860519690736312,0.0296,18.582483
2004-01-15,BOEING CO,09G725,0.342123022152709,0.30000001,0.5,5,0.75,43.040001,0.2849979240105271,0.0297,18.582483
2004-01-16,BOEING CO,09G725,0.327866098824958,0.30000001,0.5,5,0.75,44.009998,0.2857855083219422,0.030300001,18.582483
2004-01-20,BOEING CO,09G725,0.318036302173913,0.30000001,0.5,5,0.75,43.18,0.2864263844626809,0.0305,18.582483
2004-01-21,BOEING CO,09G725,0.312032113461538,0.30000001,0.5,5,0.75,43.599998,0.2851636469828928,0.030200001,18.582483
2004-01-22,BOEING CO,09G725,0.315959825862069,0.30000001,0.5,5,0.75,42.900002,0.2849558931392926,0.0296,18.582483
2004-01-23,BOEING CO,09G725,0.319143733908046,0.30000001,0.5,5,0.75,41.849998,0.2861291599149601,0.0306,18.582483
2004-01-26,BOEING CO,09G725,0.335864773947368,0.30000001,0.5,5,0.75,42.439999,0.285055007461259,0.031300001,18.582483
2004-01-27,BOEING CO,09G725,0.343877652619048,0.30000001,0.5,5,0.75,41.939999,0.2850157565582919,0.0307,18.582483
2004-01-28,BOEING CO,09G725,0.346734795476191,0.30000001,0.5,5,0.75,41.540001,0.2840639602518692,0.032200001,18.582483
2004-01-29,BOEING CO,09G725,0.347274372826705,0.30000001,0.5,5,0.75,42.299999,0.2831646186351979,0.032200001,18.582483
2004-01-30,BOEING CO,09G725,0.350289011287287,0.30000001,0.5,5,0.75,41.75,0.2835364838335714,0.0317,18.582483
2004-02-02,BOEING CO,09G725,0.354192959114915,0.30000001,0.5,5,0.75,42.540001,0.2825999000206717,0.031800002,18.048878
2004-02-03,BOEING CO,09G725,0.349893751892197,0.30000001,0.5,5,0.75,43.099998,0.282348385726799,0.031199999,18.048878
2004-02-04,BOEING CO,09G725,0.350427287006292,0.30000001,0.5,5,0.75,43.560001,0.2824845155543792,0.031500001,18.048878
2004-02-05,BOEING CO,09G725,0.36630785011251,0.30000001,0.5,5,0.75,44.360001,0.2826128956301468,0.032099999,18.048878
2004-02-06,BOEING CO,09G725,0.367340575407626,0.30000001,0.5,5,0.75,44.349998,0.2825633652575142,0.031199999,18.048878
2004-02-09,BOEING CO,09G725,0.3640776675,0.30000001,0.5,5,0.75,43.959999,0.282067228593626,0.0308,18.048878
2004-02-10,BOEING CO,09G725,0.377700633311238,0.30000001,0.5,5,0.75,43.77,0.2820374054778645,0.031300001,18.048878
2004-02-11,BOEING CO,09G725,0.37338966468901,0.30000001,0.5,5,0.75,44.490002,0.2821988564473313,0.030300001,18.048878
2004-02-12,BOEING CO,09G725,0.367467178660301,0.30000001,0.5,5,0.75,44.369999,0.2820949656708321,0.0307,18.048878
2004-02-13,BOEING CO,09G725,0.365672306865429,0.30000001,0.5,5,0.75,44.450001,0.2820255159717527,0.030099999,18.048878
2004-02-17,BOEING CO,09G725,0.351423032255118,0.30000001,0.5,5,0.75,44.599998,0.281302695840341,0.030200001,18.048878
2004-02-18,BOEING CO,09G725,0.336894609041133,0.30000001,0.5,5,0.75,44.59,0.2812278157261957,0.030300001,18.048878
2004-02-19,BOEING CO,09G725,0.330691922838447,0.30000001,0.5,5,0.75,44.52,0.2812164068368189,0.030200001,18.048878
2004-02-20,BOEING CO,09G725,0.334740176150671,0.30000001,0.5,5,0.75,44.34,0.2790437241085629,0.0308,18.048878
2004-02-23,BOEING CO,09G725,0.345080607695707,0.30000001,0.5,5,0.75,43.619999,0.2792637674058903,0.030300001,18.048878
2004-02-24,BOEING CO,09G725,0.370223111296296,0.30000001,0.5,5,0.75,43.220001,0.2764991131445652,0.030099999,18.048878
2004-02-25,BOEING CO,09G725,0.369145798528134,0.30000001,0.5,5,0.75,43.82,0.2764764658083264,0.0298,18.048878
2004-02-26,BOEING CO,09G725,0.369638206971839,0.30000001,0.5,5,0.75,42.439999,0.2781252143868745,0.030099999,18.048878
2004-02-27,BOEING CO,09G725,0.373459947142857,0.30000001,0.5,5,0.75,43.369999,0.2788378318357596,0.030099999,18.048878
2004-03-01,BOEING CO,09G725,0.371320661428571,0.30000001,0.5,5,0.75,43.77,0.2784709241968429,0.0298,18.048878
2004-03-02,BOEING CO,09G725,0.3750210208,0.30000001,0.5,5,0.75,43.330002,0.2781245486961798,0.030400001,18.048878
2004-03-03,BOEING CO,09G725,0.373646973146071,0.30000001,0.5,5,0.75,43.060001,0.2780503947099905,0.0306,18.048878
2004-03-04,BOEING CO,09G725,0.370728826923077,0.30000001,0.5,5,0.75,42.630001,0.2769016950393273,0.030200001,18.048878
2004-03-05,BOEING CO,09G725,0.381278195869565,0.30000001,0.5,5,0.75,42.720001,0.2758703914447721,0.028100001,18.048878
2004-03-08,BOEING CO,09G725,0.399842116041667,0.30000001,0.5,5,0.75,42.419998,0.27564578481311,0.0274,18.048878
2004-03-09,BOEING CO,09G725,0.398605302698413,0.30000001,0.5,5,0.75,41.68,0.2759602814308595,0.026799999,18.048878
2004-03-10,BOEING CO,09G725,0.395217090909091,0.30000001,0.5,5,0.75,41.119999,0.2760500385850042,0.027100001,18.048878
2004-03-11,BOEING CO,09G725,0.405886195662338,0.30000001,0.5,5,0.75,40.150002,0.2772064702243544,0.0272,18.048878
2004-03-12,BOEING CO,09G725,0.405551678254546,0.30000001,0.5,5,0.75,40.299999,0.2771491784034912,0.0273,18.048878
2004-03-15,BOEING CO,09G725,0.402826086956522,0.30000001,0.5,5,0.75,39.779999,0.2774908559414194,0.0274,18.048878
2004-03-16,BOEING CO,09G725,0.420845427857143,0.30000001,0.5,5,0.75,39.41,0.2729813107145035,0.0265,18.048878
2004-03-17,BOEING CO,09G725,0.4279758175075279,0.30000001,0.5,5,0.75,39.799999,0.2711118282684895,0.0266,18.048878
2004-03-18,BOEING CO,09G725,0.425131975978793,0.30000001,0.5,5,0.75,39.720001,0.2711231682986842,0.0272,18.048878
2004-03-19,BOEING CO,09G725,0.4262565667920371,0.30000001,0.5,5,0.75,39.43,0.2711974007290658,0.0275,18.048878
2004-03-22,BOEING CO,09G725,0.4320019114505651,0.30000001,0.5,5,0.75,38.68,0.2718460790934955,0.026900001,18.048878
2004-03-23,BOEING CO,09G725,0.435131941930699,0.30000001,0.5,5,0.75,39.110001,0.2690924349153286,0.026900001,18.048878
2004-03-24,BOEING CO,09G725,0.437574207799464,0.30000001,0.5,5,0.75,39.029999,0.2688959334125868,0.026799999,18.048878
2004-03-25,BOEING CO,09G725,0.442887608399423,0.30000001,0.5,5,0.75,39.720001,0.266780694051096,0.027000001,18.048878
2004-03-26,BOEING CO,09G725,0.440472223784038,0.30000001,0.5,5,0.75,39.349998,0.2669996984899206,0.028100001,18.048878
2004-03-29,BOEING CO,09G725,0.43978771219697,0.30000001,0.5,5,0.75,39.93,0.266723485490271,0.0286,18.048878
2004-03-30,BOEING CO,09G725,0.438106651590909,0.30000001,0.5,5,0.75,40.330002,0.2635267803110151,0.0286,18.048878
2004-03-31,BOEING CO,09G725,0.426106857142857,0.30000001,0.5,5,0.75,41.07,0.2630876999468388,0.028000001,17.133062
2004-04-01,BOEING CO,09G725,0.404921142683565,0.30000001,0.5,5,0.75,40.77,0.2606903930650178,0.0287,17.133062
2004-04-02,BOEING CO,09G725,0.394667307706328,0.30000001,0.5,5,0.75,41.84,0.2617523426390799,0.031500001,17.133062
2004-04-05,BOEING CO,09G725,0.384002617533051,0.30000001,0.5,5,0.75,42.540001,0.2621350640017963,0.032400001,17.133062
2004-04-06,BOEING CO,09G725,0.378276833333333,0.30000001,0.5,5,0.75,42.360001,0.2602501725146308,0.0319,17.133062
2004-04-07,BOEING CO,09G725,0.377655999801439,0.30000001,0.5,5,0.75,41.759998,0.260726449019499,0.0319,17.133062
2004-04-08,BOEING CO,09G725,0.377655999801439,0.30000001,0.5,5,0.75,41.349998,0.2609769233202621,0.032200001,17.133062
2004-04-12,BOEING CO,09G725,0.372816380952381,0.30000001,0.5,5,0.75,42.150002,0.2610634158914282,0.032600001,17.133062
2004-04-13,BOEING CO,09G725,0.372464333333333,0.30000001,0.5,5,0.75,41.779999,0.2600932817470622,0.0337,17.133062
2004-04-14,BOEING CO,09G725,0.372885166666667,0.30000001,0.5,5,0.75,41.57,0.2587240865847351,0.034400001,17.133062
2004-04-15,BOEING CO,09G725,0.383638888888889,0.30000001,0.5,5,0.75,41.529999,0.2587394446231706,0.034499999,17.133062
2004-04-16,BOEING CO,09G725,0.386648148148148,0.30000001,0.5,5,0.75,41.5,0.2574631959616771,0.0339,17.133062
2004-04-19,BOEING CO,09G725,0.395285,0.30000001,0.5,5,0.75,41.490002,0.2574677038164863,0.034200002,17.133062
2004-04-20,BOEING CO,09G725,0.399985861111111,0.30000001,0.5,5,0.75,40.549999,0.2586250200441045,0.034499999,17.133062
2004-04-21,BOEING CO,09G725,0.406864333334304,0.30000001,0.5,5,0.75,40.849998,0.256118868722914,0.0352,17.133062
2004-04-22,BOEING CO,09G725,0.401475703704394,0.30000001,0.5,5,0.75,42.27,0.2580300033061446,0.034600001,17.133062
2004-04-23,BOEING CO,09G725,0.3990427637369799,0.30000001,0.5,5,0.75,42.450001,0.2572614278855193,0.035799999,17.133062
2004-04-26,BOEING CO,09G725,0.396937269231486,0.30000001,0.5,5,0.75,43.240002,0.2571743491907699,0.035700001,17.133062
2004-04-27,BOEING CO,09G725,0.397313230769231,0.30000001,0.5,5,0.75,43.549999,0.2571781012902193,0.0352,17.133062
2004-04-28,BOEING CO,09G725,0.390220689655172,0.30000001,0.5,5,0.75,44.029999,0.2570625091192669,0.035999998,17.133062
2004-04-29,BOEING CO,09G725,0.388841379310859,0.30000001,0.5,5,0.75,43.25,0.2570941249973076,0.036600001,17.133062
2004-04-30,BOEING CO,09G725,0.386661290259313,0.30000001,0.5,5,0.75,42.689999,0.2573986214996783,0.0363,17.130198
2004-05-03,BOEING CO,09G725,0.386557471196737,0.30000001,0.5,5,0.75,43.580002,0.2524125836747562,0.0363,16.632053
2004-05-04,BOEING CO,09G725,0.390406896484093,0.30000001,0.5,5,0.75,43.279999,0.2498500249601044,0.036600001,16.632053
2004-05-05,BOEING CO,09G725,0.391105555492288,0.30000001,0.5,5,0.75,43.759998,0.2494463146378442,0.037099998,16.632053
2004-05-06,BOEING CO,09G725,0.399825210227529,0.30000001,0.5,5,0.75,43.93,0.249366750733989,0.0372,16.632053
2004-05-07,BOEING CO,09G725,0.405637139759844,0.30000001,0.5,5,0.75,43.400002,0.2495432109942995,0.0396,16.632053
2004-05-10,BOEING CO,09G725,0.417614747975421,0.30000001,0.5,5,0.75,42.59,0.2482848062474105,0.039500002,16.632053
2004-05-11,BOEING CO,09G725,0.4205765999268301,0.30000001,0.5,5,0.75,43.18,0.2475088680749689,0.0394,16.632053
2004-05-12,BOEING CO,09G725,0.410243333333333,0.30000001,0.5,5,0.75,43.580002,0.2473900948738935,0.0396,16.632053
2004-05-13,BOEING CO,09G725,0.408013793103448,0.30000001,0.5,5,0.75,43.619999,0.2473834315079468,0.040100001,16.632053
2004-05-14,BOEING CO,09G725,0.412523611111111,0.30000001,0.5,5,0.75,43.439999,0.2465518365758149,0.0392,16.632053
2004-05-17,BOEING CO,09G725,0.4201699068509621,0.30000001,0.5,5,0.75,42.73,0.2471033129133584,0.0383,16.632053
2004-05-18,BOEING CO,09G725,0.417108,0.30000001,0.5,5,0.75,43.02,0.2428205233917886,0.038699999,16.632053
2004-05-19,BOEING CO,09G725,0.419926666666667,0.30000001,0.5,5,0.75,43.380001,0.2429931384858902,0.039299998,16.632053
2004-05-20,BOEING CO,09G725,0.419927586206896,0.30000001,0.5,5,0.75,42.919998,0.2432282451369238,0.038600001,16.632053
2004-05-21,BOEING CO,09G725,0.422742666666667,0.30000001,0.5,5,0.75,43.400002,0.243257195397121,0.039099999,16.632053
2004-05-24,BOEING CO,09G725,0.423134022038567,0.30000001,0.5,5,0.75,44.560001,0.2428299861961095,0.039000001,16.632053
2004-05-25,BOEING CO,09G725,0.41866,0.30000001,0.5,5,0.75,44.700001,0.2427867133954079,0.038899999,16.632053
2004-05-26,BOEING CO,09G725,0.4224159722222221,0.30000001,0.5,5,0.75,44.759998,0.2423642251962569,0.0381,16.632053
2004-05-27,BOEING CO,09G725,0.424685714285714,0.30000001,0.5,5,0.75,46.200001,0.2437407191228051,0.0374,16.632053
2004-05-28,BOEING CO,09G725,0.44202619047619,0.30000001,0.5,5,0.75,45.799999,0.2429522027234334,0.0381,16.632053
2004-06-01,BOEING CO,09G725,0.458740714285714,0.30000001,0.5,5,0.75,45.880001,0.2395651665530424,0.038600001,16.632053
2004-06-02,BOEING CO,09G725,0.463688209034079,0.30000001,0.5,5,0.75,46.75,0.2401729981387774,0.039099999,16.632053
2004-06-03,BOEING CO,09G725,0.464477419354839,0.30000001,0.5,5,0.75,46.099998,0.2367349272962067,0.038899999,16.632053
2004-06-04,BOEING CO,09G725,0.463482465277778,0.30000001,0.5,5,0.75,46.900002,0.2372568967968446,0.039700001,16.632053
2004-06-07,BOEING CO,09G725,0.462567624521073,0.30000001,0.5,5,0.75,48.130001,0.2361692556872395,0.039500002,16.632053
2004-06-08,BOEING CO,09G725,0.459685591853196,0.30000001,0.5,5,0.75,48.09,0.2307955734934404,0.0396,16.632053
2004-06-09,BOEING CO,09G725,0.456025,0.30000001,0.5,5,0.75,48.66,0.2286815222111484,0.040100001,16.632053
2004-06-10,BOEING CO,09G725,0.4546,0.30000001,0.5,5,0.75,48.75,0.2266638895123898,0.039999999,16.632053
2004-06-14,BOEING CO,09G725,0.44746,0.30000001,0.5,5,0.75,48.830002,0.2265059611651477,0.041000001,16.632053
2004-06-15,BOEING CO,09G725,0.438452173913043,0.30000001,0.5,5,0.75,49.25,0.2262482839074632,0.039000001,16.632053
2004-06-16,BOEING CO,09G725,0.437804347826087,0.30000001,0.5,5,0.75,49.900002,0.2247075371090231,0.0396,16.632053
2004-06-17,BOEING CO,09G725,0.436069562029193,0.30000001,0.5,5,0.75,49.470001,0.2247685133475947,0.039299998,16.632053
2004-06-18,BOEING CO,09G725,0.437259087575974,0.30000001,0.5,5,0.75,49.799999,0.2245916886649092,0.0394,16.632053
2004-06-21,BOEING CO,09G725,0.434747615555783,0.30000001,0.5,5,0.75,49.5,0.224461473437815,0.039099999,16.632053
2004-06-22,BOEING CO,09G725,0.435194980089394,0.30000001,0.5,5,0.75,49.669998,0.2244688449527629,0.0392,16.632053
2004-06-23,BOEING CO,09G725,0.432611129157717,0.30000001,0.5,5,0.75,50.669998,0.2229798956247178,0.039000001,16.632053
2004-06-24,BOEING CO,09G725,0.429199996140602,0.30000001,0.5,5,0.75,50.349998,0.2231234840589099,0.0385,16.632053
2004-06-25,BOEING CO,09G725,0.430549201111452,0.30000001,0.5,5,0.75,51.299999,0.2237420170459166,0.0385,16.632053
2004-06-28,BOEING CO,09G725,0.426194111882796,0.30000001,0.5,5,0.75,50.209999,0.2249132541864143,0.039700001,16.632053
2004-06-29,BOEING CO,09G725,0.425855550111529,0.30000001,0.5,5,0.75,50.509998,0.2248464555285859,0.0392,16.632053
2004-06-30,BOEING CO,09G725,0.425487594872414,0.30000001,0.5,5,0.75,51.09,0.2250552476805751,0.0381,16.632053
2004-07-01,BOEING CO,09G725,0.425408589057422,0.30000001,0.5,5,0.75,49.900002,0.2263046656292206,0.0374,16.632053
2004-07-02,BOEING CO,09G725,0.426065110796552,0.30000001,0.5,5,0.75,49.52,0.2264768391382645,0.036200002,16.632053
2004-07-06,BOEING CO,09G725,0.426088402722018,0.30000001,0.5,5,0.75,49.310001,0.2264141204080736,0.036499999,16.632053
2004-07-07,BOEING CO,09G725,0.427278505025136,0.30000001,0.5,5,0.75,49.389999,0.2261515185349622,0.036699999,16.632053
2004-07-08,BOEING CO,09G725,0.430120878430629,0.30000001,0.5,5,0.75,49.970001,0.2263707370831476,0.036499999,16.632053
2004-07-09,BOEING CO,09G725,0.431136995554713,0.30000001,0.5,5,0.75,50.040001,0.226308803446185,0.036400001,16.632053
2004-07-12,BOEING CO,09G725,0.428753925357143,0.30000001,0.5,5,0.75,50.200001,0.2256780612357753,0.036200002,16.632053
2004-07-13,BOEING CO,09G725,0.429045375625,0.30000001,0.5,5,0.75,50.259998,0.2253297011875868,0.036600001,16.632053
2004-07-14,BOEING CO,09G725,0.427535960502365,0.30000001,0.5,5,0.75,49.32,0.2254743073334148,0.036800001,16.632053
2004-07-15,BOEING CO,09G725,0.41613762324941,0.30000001,0.5,5,0.75,49.139999,0.2228562358459827,0.036899999,16.632053
2004-07-16,BOEING CO,09G725,0.413340547078561,0.30000001,0.5,5,0.75,49.130001,0.2228416035727212,0.035599999,16.632053
2004-07-19,BOEING CO,09G725,0.405210156446022,0.30000001,0.5,5,0.75,48.669998,0.2229633959900736,0.035700001,16.632053
2004-07-20,BOEING CO,09G725,0.402636790468583,0.30000001,0.5,5,0.75,48.759998,0.2229318216460752,0.036800001,16.632053
2004-07-21,BOEING CO,09G725,0.397733569193667,0.30000001,0.5,5,0.75,47.720001,0.2218653176711925,0.0372,16.632053
2004-07-22,BOEING CO,09G725,0.396718268069391,0.30000001,0.5,5,0.75,47.299999,0.2220550717889521,0.037099998,16.632053
2004-07-23,BOEING CO,09G725,0.396707699180742,0.30000001,0.5,5,0.75,47.060001,0.2221475841073313,0.036899999,16.632053
2004-07-26,BOEING CO,09G725,0.395209382962963,0.30000001,0.5,5,0.75,47.0,0.2215415661028685,0.037300002,16.632053
2004-07-27,BOEING CO,09G725,0.398349365172414,0.30000001,0.5,5,0.75,48.220001,0.2224762227654829,0.0385,16.632053
2004-07-28,BOEING CO,09G725,0.387622986543104,0.30000001,0.5,5,0.75,49.009998,0.2229562360125176,0.038199998,16.632053
2004-07-29,BOEING CO,09G725,0.37227944851601,0.30000001,0.5,5,0.75,49.68,0.221992945213026,0.037999999,16.632053
2004-07-30,BOEING CO,09G725,0.362260693230325,0.30000001,0.5,5,0.75,50.75,0.222493712990583,0.037099998,16.705303
2004-08-02,BOEING CO,09G725,0.362755936297473,0.30000001,0.5,5,0.75,50.91,0.2218782605026449,0.036800001,16.271679
2004-08-03,BOEING CO,09G725,0.362764503671596,0.30000001,0.5,5,0.75,50.759998,0.2207279186842818,0.036699999,16.271679
2004-08-04,BOEING CO,09G725,0.362160753667288,0.30000001,0.5,5,0.75,51.0,0.2205946373964124,0.036600001,16.271679
2004-08-05,BOEING CO,09G725,0.362433894967742,0.30000001,0.5,5,0.75,50.009998,0.2191510994124365,0.036400001,16.271679
2004-08-06,BOEING CO,09G725,0.363079056258064,0.30000001,0.5,5,0.75,48.330002,0.2211016026354126,0.034000002,16.271679
2004-08-09,BOEING CO,09G725,0.3640225372,0.30000001,0.5,5,0.75,48.759998,0.2212112038231924,0.034499999,16.271679
2004-08-10,BOEING CO,09G725,0.366902416380952,0.30000001,0.5,5,0.75,49.610001,0.2216086722476951,0.0352,16.271679
2004-08-11,BOEING CO,09G725,0.366149169627706,0.30000001,0.5,5,0.75,49.68,0.2216190956179939,0.035100002,16.271679
2004-08-12,BOEING CO,09G725,0.364479008272727,0.30000001,0.5,5,0.75,49.330002,0.2215616784899506,0.034699999,16.271679
2004-08-13,BOEING CO,09G725,0.360570001662121,0.30000001,0.5,5,0.75,49.720001,0.22161381918196,0.034200002,16.271679
2004-08-16,BOEING CO,09G725,0.361000607873829,0.30000001,0.5,5,0.75,50.950001,0.222166929829842,0.034499999,16.271679
2004-08-17,BOEING CO,09G725,0.359009524145903,0.30000001,0.5,5,0.75,50.310001,0.2226164228871772,0.0339,16.271679
2004-08-18,BOEING CO,09G725,0.355411039297419,0.30000001,0.5,5,0.75,50.740002,0.2220176610387351,0.0341,16.271679
2004-08-19,BOEING CO,09G725,0.353188390782609,0.30000001,0.5,5,0.75,50.25,0.221351187833599,0.0339,16.271679
2004-08-20,BOEING CO,09G725,0.34989331952,0.30000001,0.5,5,0.75,50.459999,0.2213637298289531,0.034200002,16.271679
2004-08-23,BOEING CO,09G725,0.348731092436975,0.30000001,0.5,5,0.75,50.650002,0.2208473867259573,0.034600001,16.271679
2004-08-24,BOEING CO,09G725,0.344155555555556,0.30000001,0.5,5,0.75,50.91,0.2200022707936087,0.034600001,16.271679
2004-08-25,BOEING CO,09G725,0.339375,0.30000001,0.5,5,0.75,52.5,0.2216452114445621,0.034600001,16.271679
2004-08-26,BOEING CO,09G725,0.336363636363636,0.30000001,0.5,5,0.75,52.07,0.2216443177487867,0.034200002,16.271679
2004-08-27,BOEING CO,09G725,0.335305555555556,0.30000001,0.5,5,0.75,51.990002,0.2214214386269927,0.034299999,16.271679
2004-08-30,BOEING CO,09G725,0.330568888888889,0.30000001,0.5,5,0.75,51.869999,0.2203860234758318,0.034000002,16.271679
2004-08-31,BOEING CO,09G725,0.325696111111111,0.30000001,0.5,5,0.75,52.220001,0.2202386440631204,0.033300001,16.271679
2004-09-01,BOEING CO,09G725,0.314340946502058,0.30000001,0.5,5,0.75,52.389999,0.2201481484577382,0.033199999,16.271679
2004-09-02,BOEING CO,09G725,0.312601222272059,0.30000001,0.5,5,0.75,53.59,0.2205680057037753,0.034000002,16.271679
2004-09-03,BOEING CO,09G725,0.31354139434045,0.30000001,0.5,5,0.75,53.099998,0.2203795803172927,0.0352,16.271679
2004-09-07,BOEING CO,09G725,0.299744148445636,0.30000001,0.5,5,0.75,53.970001,0.2198886082370618,0.0348,16.271679
2004-09-08,BOEING CO,09G725,0.286985706645161,0.30000001,0.5,5,0.75,54.049999,0.2197754834661306,0.034000002,16.271679
2004-09-09,BOEING CO,09G725,0.282573410484375,0.30000001,0.5,5,0.75,53.259998,0.2195818498232496,0.0341,16.271679
2004-09-10,BOEING CO,09G725,0.278266764474265,0.30000001,0.5,5,0.75,54.150002,0.219055043052715,0.034000002,16.271679
2004-09-13,BOEING CO,09G725,0.27371584443266,0.30000001,0.5,5,0.75,54.279999,0.2190535642637571,0.033799998,16.271679
2004-09-14,BOEING CO,09G725,0.269060368369892,0.30000001,0.5,5,0.75,53.919998,0.2191894281410188,0.033500001,16.271679
2004-09-15,BOEING CO,09G725,0.261632790773238,0.30000001,0.5,5,0.75,53.66,0.2191996445611045,0.0339,16.271679
2004-09-16,BOEING CO,09G725,0.260800217935484,0.30000001,0.5,5,0.75,54.52,0.2195515928373111,0.032900002,16.271679
2004-09-17,BOEING CO,09G725,0.260672785621164,0.30000001,0.5,5,0.75,55.150002,0.219408782810915,0.033500001,16.271679
2004-09-20,BOEING CO,09G725,0.257703443741935,0.30000001,0.5,5,0.75,54.740002,0.2188506648802676,0.0328,16.271679
2004-09-21,BOEING CO,09G725,0.259167860616935,0.30000001,0.5,5,0.75,54.700001,0.2185615744976225,0.0328,16.271679
2004-09-22,BOEING CO,09G725,0.26077355830459,0.30000001,0.5,5,0.75,53.68,0.2178520934484966,0.032600001,16.271679
2004-09-23,BOEING CO,09G725,0.261031747843053,0.30000001,0.5,5,0.75,53.0,0.2182640562715464,0.033,16.271679
2004-09-24,BOEING CO,09G725,0.261761195700986,0.30000001,0.5,5,0.75,53.139999,0.2163389550880039,0.033300001,16.271679
2004-09-27,BOEING CO,09G725,0.26218752183869,0.30000001,0.5,5,0.75,52.509998,0.2162726816950049,0.032900002,16.271679
2004-09-28,BOEING CO,09G725,0.262238016515815,0.30000001,0.5,5,0.75,52.32,0.2162728619785869,0.0328,16.271679
2004-09-29,BOEING CO,09G725,0.261384482291575,0.30000001,0.5,5,0.75,51.009998,0.2176527286343861,0.0337,16.271679
2004-09-30,BOEING CO,09G725,0.259569550360285,0.30000001,0.5,5,0.75,51.619999,0.2178293789114243,0.033799998,17.128691
2004-10-01,BOEING CO,09G725,0.25740753012853,0.30000001,0.5,5,0.75,52.48,0.2165719802577869,0.034400001,17.128691
2004-10-04,BOEING CO,09G725,0.258287640002972,0.30000001,0.5,5,0.75,52.32,0.2166157588623821,0.034400001,17.128691
2004-10-05,BOEING CO,09G725,0.259063315458233,0.30000001,0.5,5,0.75,51.490002,0.2169319491153643,0.034400001,17.128691
2004-10-06,BOEING CO,09G725,0.260490483152983,0.30000001,0.5,5,0.75,52.360001,0.2174523700417074,0.035100002,17.128691
2004-10-07,BOEING CO,09G725,0.260437441,0.30000001,0.5,5,0.75,51.32,0.2183508517240176,0.035300002,17.128691
2004-10-08,BOEING CO,09G725,0.261999928940171,0.30000001,0.5,5,0.75,50.099998,0.2198095770985076,0.0339,17.128691
2004-10-11,BOEING CO,09G725,0.26403899932906,0.30000001,0.5,5,0.75,50.259998,0.2194511800415778,0.0339,17.128691
2004-10-12,BOEING CO,09G725,0.271047580315789,0.30000001,0.5,5,0.75,50.400002,0.2194354587190906,0.033500001,17.128691
2004-10-13,BOEING CO,09G725,0.27125591775,0.30000001,0.5,5,0.75,50.23,0.2193364828108488,0.033199999,17.128691
2004-10-14,BOEING CO,09G725,0.27188820075,0.30000001,0.5,5,0.75,50.25,0.2192727698004885,0.032600001,17.128691
2004-10-15,BOEING CO,09G725,0.272825794775148,0.30000001,0.5,5,0.75,50.189999,0.2192212826953053,0.033100002,17.128691
2004-10-18,BOEING CO,09G725,0.273686600635954,0.30000001,0.5,5,0.75,49.59,0.21935609130181,0.033100002,17.128691
2004-10-19,BOEING CO,09G725,0.27907275,0.30000001,0.5,5,0.75,49.209999,0.2194311862428718,0.033199999,17.128691
2004-10-20,BOEING CO,09G725,0.281239552068966,0.30000001,0.5,5,0.75,48.959999,0.219522857553436,0.032600001,17.128691
2004-10-21,BOEING CO,09G725,0.28426900312,0.30000001,0.5,5,0.75,49.560001,0.2189465895781725,0.032900002,17.128691
2004-10-22,BOEING CO,09G725,0.289635280377778,0.30000001,0.5,5,0.75,49.509998,0.21854793974662,0.032600001,17.128691
2004-10-25,BOEING CO,09G725,0.290225177629658,0.30000001,0.5,5,0.75,49.0,0.2187345490541658,0.032499999,17.128691
2004-10-26,BOEING CO,09G725,0.290113043531822,0.30000001,0.5,5,0.75,49.98,0.2193766889097326,0.032600001,17.128691
2004-10-27,BOEING CO,09G725,0.278225317280499,0.30000001,0.5,5,0.75,50.099998,0.2192301715161328,0.0337,17.128691
2004-10-28,BOEING CO,09G725,0.270331542664391,0.30000001,0.5,5,0.75,49.869999,0.2193094372136697,0.033399999,17.128691
2004-10-29,BOEING CO,09G725,0.268893270707672,0.30000001,0.5,5,0.75,49.900002,0.2087983793513135,0.033,16.268518
2004-11-01,BOEING CO,09G725,0.266110021211823,0.30000001,0.5,5,0.75,49.950001,0.2087160796114321,0.033599999,14.733259
2004-11-02,BOEING CO,09G725,0.265811139110016,0.30000001,0.5,5,0.75,49.880001,0.2085633477379886,0.033399999,14.733259
2004-11-03,BOEING CO,09G725,0.257606758611833,0.30000001,0.5,5,0.75,51.150002,0.2097455404240757,0.033500001,14.733259
2004-11-04,BOEING CO,09G725,0.253754385422143,0.30000001,0.5,5,0.75,50.59,0.2100198497612473,0.0337,14.733259
2004-11-05,BOEING CO,09G725,0.250134074410031,0.30000001,0.5,5,0.75,51.150002,0.2101987060974156,0.035100002,14.733259
2004-11-08,BOEING CO,09G725,0.240900976676009,0.30000001,0.5,5,0.75,52.07,0.210768769669645,0.035100002,14.733259
2004-11-09,BOEING CO,09G725,0.2427050021875,0.30000001,0.5,5,0.75,52.509998,0.2110501344870767,0.035300002,14.733259
2004-11-10,BOEING CO,09G725,0.241125891010101,0.30000001,0.5,5,0.75,53.400002,0.2115982807514246,0.035599999,14.733259
2004-11-11,BOEING CO,09G725,0.240137035862434,0.30000001,0.5,5,0.75,54.299999,0.2116483249728296,0.035599999,14.733259
2004-11-12,BOEING CO,09G725,0.238120372537455,0.30000001,0.5,5,0.75,53.93,0.2106079479475004,0.035300002,14.733259
2004-11-15,BOEING CO,09G725,0.239208938113029,0.30000001,0.5,5,0.75,54.029999,0.2096668628543734,0.035300002,14.733259
2004-11-16,BOEING CO,09G725,0.233008178571429,0.30000001,0.5,5,0.75,54.0,0.2089269011559029,0.035599999,14.733259
2004-11-17,BOEING CO,09G725,0.232672413793103,0.30000001,0.5,5,0.75,54.75,0.2090045364812712,0.034699999,14.733259
2004-11-18,BOEING CO,09G725,0.229038871428571,0.30000001,0.5,5,0.75,54.849998,0.2075736603662168,0.0348,14.733259
2004-11-19,BOEING CO,09G725,0.225365690692561,0.30000001,0.5,5,0.75,53.77,0.2082332349835486,0.035700001,14.733259
2004-11-22,BOEING CO,09G725,0.224960937071429,0.30000001,0.5,5,0.75,53.970001,0.2082288943054527,0.035599999,14.733259
2004-11-23,BOEING CO,09G725,0.226132407933333,0.30000001,0.5,5,0.75,54.330002,0.2078284833201758,0.035799999,14.733259
2004-11-24,BOEING CO,09G725,0.225019707933333,0.30000001,0.5,5,0.75,54.119999,0.2078967846177214,0.0361,14.733259
2004-11-26,BOEING CO,09G725,0.224123119401587,0.30000001,0.5,5,0.75,54.02,0.207167494164709,0.036400001,14.733259
2004-11-29,BOEING CO,09G725,0.227436042303922,0.30000001,0.5,5,0.75,53.619999,0.2073585230940845,0.0372,14.733259
2004-11-30,BOEING CO,09G725,0.227013897666667,0.30000001,0.5,5,0.75,53.57,0.207368198705606,0.0372,14.733259
2004-12-01,BOEING CO,09G725,0.220477983111111,0.30000001,0.5,5,0.75,54.700001,0.2079890782928845,0.0372,14.733259
2004-12-02,BOEING CO,09G725,0.215647705754762,0.30000001,0.5,5,0.75,54.860001,0.2078878088512378,0.037500001,14.733259
2004-12-03,BOEING CO,09G725,0.205498062837778,0.30000001,0.5,5,0.75,55.259998,0.2072958025156769,0.0361,14.733259
2004-12-06,BOEING CO,09G725,0.202589473857143,0.30000001,0.5,5,0.75,54.75,0.2071172922817542,0.0359,14.733259
2004-12-07,BOEING CO,09G725,0.198709965517241,0.30000001,0.5,5,0.75,53.75,0.2058992184367692,0.035999998,14.733259
2004-12-08,BOEING CO,09G725,0.201790333333333,0.30000001,0.5,5,0.75,52.799999,0.204871289048901,0.035300002,14.733259
2004-12-09,BOEING CO,09G725,0.202205892255892,0.30000001,0.5,5,0.75,52.779999,0.2043147712923439,0.035399999,14.733259
2004-12-10,BOEING CO,09G725,0.202574134680135,0.30000001,0.5,5,0.75,52.419998,0.2043871539948848,0.0352,14.733259
2004-12-13,BOEING CO,09G725,0.20139162962963,0.30000001,0.5,5,0.75,52.669998,0.2037507279147612,0.035399999,14.733259
2004-12-14,BOEING CO,09G725,0.202110365432099,0.30000001,0.5,5,0.75,52.639999,0.2036681151241596,0.035300002,14.733259
2004-12-15,BOEING CO,09G725,0.201374444444445,0.30000001,0.5,5,0.75,52.400002,0.2036758013260072,0.0348,14.733259
2004-12-16,BOEING CO,09G725,0.1936807038,0.30000001,0.5,5,0.75,52.080002,0.203064891944524,0.035799999,14.733259
2004-12-17,BOEING CO,09G725,0.191267516266667,0.30000001,0.5,5,0.75,53.099998,0.2026908260836858,0.0359,14.733259
2004-12-20,BOEING CO,09G725,0.190667610666667,0.30000001,0.5,5,0.75,53.220001,0.2024029303619208,0.0359,14.733259
2004-12-21,BOEING CO,09G725,0.188464768551724,0.30000001,0.5,5,0.75,53.419998,0.2024095719133035,0.035700001,14.733259
2004-12-22,BOEING CO,09G725,0.18877125335,0.30000001,0.5,5,0.75,53.91,0.2025602042495783,0.035700001,14.733259
2004-12-23,BOEING CO,09G725,0.191596869925926,0.30000001,0.5,5,0.75,53.529999,0.2026049354336023,0.035799999,14.733259
2004-12-27,BOEING CO,09G725,0.193840814378205,0.30000001,0.5,5,0.75,53.150002,0.2022193783409133,0.036499999,14.733259
2004-12-28,BOEING CO,09G725,0.194596459268376,0.30000001,0.5,5,0.75,53.25,0.2022148769840841,0.036600001,14.733259
2004-12-29,BOEING CO,09G725,0.198021566916667,0.30000001,0.5,5,0.75,52.07,0.2032137528445846,0.036899999,14.733259
2004-12-30,BOEING CO,09G725,0.195608295592593,0.30000001,0.5,5,0.75,51.900002,0.2031786886230037,0.036400001,14.733259
2004-12-31,BOEING CO,09G725,0.195783053176471,0.30000001,0.5,5,0.75,51.77,0.2031638088035078,0.0363,14.733259
2005-01-03,BOEING CO,09G725,0.194033201015873,0.30000001,0.5,5,0.75,50.970001,0.2037799059632423,0.036400001,14.733259
2005-01-04,BOEING CO,09G725,0.193330760193818,0.30000001,0.5,5,0.75,49.98,0.2047928517605204,0.0372,14.733259
2005-01-05,BOEING CO,09G725,0.201128775307692,0.30000001,0.5,5,0.75,50.810001,0.2053536215185167,0.037300002,14.733259
2005-01-06,BOEING CO,09G725,0.20168584632,0.30000001,0.5,5,0.75,50.48,0.2053509100219929,0.037099998,14.733259
2005-01-07,BOEING CO,09G725,0.20706366037037,0.30000001,0.5,5,0.75,50.310001,0.2049861629384885,0.037300002,14.733259
2005-01-10,BOEING CO,09G725,0.216419336839827,0.30000001,0.5,5,0.75,50.98,0.2052801343307196,0.037500001,14.733259
2005-01-11,BOEING CO,09G725,0.228908914222222,0.30000001,0.5,5,0.75,50.82,0.2052247369274388,0.037300002,14.733259
2005-01-12,BOEING CO,09G725,0.232876343824968,0.30000001,0.5,5,0.75,51.939999,0.2062510973921211,0.0372,14.733259
2005-01-13,BOEING CO,09G725,0.234382978697247,0.30000001,0.5,5,0.75,50.630001,0.2069638380656902,0.036800001,14.733259
2005-01-14,BOEING CO,09G725,0.237956872166634,0.30000001,0.5,5,0.75,50.91,0.2070032880845157,0.037099998,14.733259
2005-01-18,BOEING CO,09G725,0.243950075714286,0.30000001,0.5,5,0.75,51.880001,0.206660562170155,0.0372,14.733259
2005-01-19,BOEING CO,09G725,0.247020795833333,0.30000001,0.5,5,0.75,51.41,0.2059589560715669,0.037300002,14.733259
2005-01-20,BOEING CO,09G725,0.248744790508021,0.30000001,0.5,5,0.75,50.900002,0.2060458193965436,0.036800001,14.733259
2005-01-21,BOEING CO,09G725,0.2505482390625,0.30000001,0.5,5,0.75,50.07,0.2060707213873674,0.036499999,14.733259
2005-01-24,BOEING CO,09G725,0.250727214516129,0.30000001,0.5,5,0.75,49.639999,0.2047290666566521,0.036499999,14.733259
2005-01-25,BOEING CO,09G725,0.253501668569355,0.30000001,0.5,5,0.75,49.84,0.2043191225172578,0.037099998,14.733259
2005-01-26,BOEING CO,09G725,0.252850798262407,0.30000001,0.5,5,0.75,49.860001,0.2039309660964341,0.037300002,14.733259
2005-01-27,BOEING CO,09G725,0.250485860952723,0.30000001,0.5,5,0.75,50.970001,0.2047827630166838,0.037500001,14.733259
2005-01-28,BOEING CO,09G725,0.250531009615385,0.30000001,0.5,5,0.75,49.919998,0.2051718708235734,0.036899999,14.733259
2005-01-31,BOEING CO,09G725,0.2506925625,0.30000001,0.5,5,0.75,50.599998,0.2050999342889586,0.037099998,14.733259
2005-02-01,BOEING CO,09G725,0.249199686507937,0.30000001,0.5,5,0.75,51.040001,0.2044489006512557,0.037099998,14.733259
2005-02-02,BOEING CO,09G725,0.248189436707854,0.30000001,0.5,5,0.75,52.23,0.2053063520657615,0.037300002,14.733259
2005-02-03,BOEING CO,09G725,0.244585585414751,0.30000001,0.5,5,0.75,52.0,0.2051401154940653,0.037599999,14.733259
2005-02-04,BOEING CO,09G725,0.243752671189655,0.30000001,0.5,5,0.75,52.580002,0.2046443302830927,0.036800001,14.733259
2005-02-07,BOEING CO,09G725,0.243147952355615,0.30000001,0.5,5,0.75,52.5,0.2046556507892329,0.036699999,14.733259
2005-02-08,BOEING CO,09G725,0.242117480975144,0.30000001,0.5,5,0.75,53.5,0.2052335618124293,0.036800001,14.733259
2005-02-09,BOEING CO,09G725,0.240196898312757,0.30000001,0.5,5,0.75,54.119999,0.2057342845581755,0.035799999,14.733259
2005-02-10,BOEING CO,09G725,0.238931682903528,0.30000001,0.5,5,0.75,53.860001,0.2048967171860959,0.036499999,14.733259
2005-02-11,BOEING CO,09G725,0.237043145555555,0.30000001,0.5,5,0.75,54.139999,0.2049089247556251,0.037,14.733259
2005-02-14,BOEING CO,09G725,0.235810739597701,0.30000001,0.5,5,0.75,54.040001,0.2049264277039189,0.037,14.733259
2005-02-15,BOEING CO,09G725,0.233467385133333,0.30000001,0.5,5,0.75,54.43,0.2050071059648864,0.037099998,14.733259
2005-02-16,BOEING CO,09G725,0.228763792064516,0.30000001,0.5,5,0.75,53.919998,0.2052651490663309,0.037799999,14.733259
2005-02-17,BOEING CO,09G725,0.225679792620072,0.30000001,0.5,5,0.75,53.66,0.2053315795828974,0.037799999,14.733259
2005-02-18,BOEING CO,09G725,0.22558553217647,0.30000001,0.5,5,0.75,52.779999,0.20600410437074,0.038600001,14.733259
2005-02-22,BOEING CO,09G725,0.22759803542793,0.30000001,0.5,5,0.75,52.150002,0.2056949033568594,0.038800001,14.733259
2005-02-23,BOEING CO,09G725,0.228166417034483,0.30000001,0.5,5,0.75,52.720001,0.2056923376630622,0.038699999,14.733259
2005-02-24,BOEING CO,09G725,0.226716403133333,0.30000001,0.5,5,0.75,53.939999,0.2064786938491549,0.039099999,14.733259
2005-02-25,BOEING CO,09G725,0.224329628538095,0.30000001,0.5,5,0.75,54.990002,0.2047148121721268,0.039099999,14.733259
2005-02-28,BOEING CO,09G725,0.219038493748889,0.30000001,0.5,5,0.75,54.970001,0.2036566236284813,0.039999999,14.860198
2005-03-01,BOEING CO,09G725,0.216766202384615,0.30000001,0.5,5,0.75,54.490002,0.2037298415513605,0.040199999,14.655975
2005-03-02,BOEING CO,09G725,0.216121642066667,0.30000001,0.5,5,0.75,55.299999,0.2038917979724467,0.039999999,14.655975
2005-03-03,BOEING CO,09G725,0.211381341666667,0.30000001,0.5,5,0.75,57.419998,0.2071167126103114,0.040199999,14.655975
2005-03-04,BOEING CO,09G725,0.20732421969697,0.30000001,0.5,5,0.75,58.380001,0.2073753875889683,0.039700001,14.655975
2005-03-07,BOEING CO,09G725,0.207106776909722,0.30000001,0.5,5,0.75,58.299999,0.207393182229547,0.039900001,14.655975
2005-03-08,BOEING CO,09G725,0.206069292857143,0.30000001,0.5,5,0.75,58.150002,0.2072612252131992,0.0405,14.655975
2005-03-09,BOEING CO,09G725,0.199796866611111,0.30000001,0.5,5,0.75,57.75,0.2065678943742921,0.0416,14.655975
2005-03-10,BOEING CO,09G725,0.197343979435897,0.30000001,0.5,5,0.75,57.98,0.2060423485050206,0.041299999,14.655975
2005-03-11,BOEING CO,09G725,0.196942310712919,0.30000001,0.5,5,0.75,57.490002,0.2047466757419978,0.042199999,14.655975
2005-03-14,BOEING CO,09G725,0.197046116611111,0.30000001,0.5,5,0.75,57.709999,0.2047470065457467,0.041999999,14.655975
2005-03-15,BOEING CO,09G725,0.197375417588235,0.30000001,0.5,5,0.75,58.48,0.2045644012237179,0.042199999,14.655975
2005-03-16,BOEING CO,09G725,0.198092576000325,0.30000001,0.5,5,0.75,56.77,0.2066080540090597,0.0418,14.655975
2005-03-17,BOEING CO,09G725,0.199628389244207,0.30000001,0.5,5,0.75,56.889999,0.2064400565310399,0.0414,14.655975
2005-03-18,BOEING CO,09G725,0.197545613255361,0.30000001,0.5,5,0.75,57.16,0.2064326342700111,0.0418,14.655975
2005-03-21,BOEING CO,09G725,0.204070520070458,0.30000001,0.5,5,0.75,56.84,0.2063682087126686,0.0418,14.655975
2005-03-22,BOEING CO,09G725,0.207895442085898,0.30000001,0.5,5,0.75,57.220001,0.2053883785534353,0.043099999,14.655975
2005-03-23,BOEING CO,09G725,0.213584021351189,0.30000001,0.5,5,0.75,56.849998,0.205332935306233,0.043000001,14.655975
2005-03-24,BOEING CO,09G725,0.214430441742652,0.30000001,0.5,5,0.75,56.799999,0.2053161033166333,0.043000001,14.655975
2005-03-28,BOEING CO,09G725,0.216190887360319,0.30000001,0.5,5,0.75,58.099998,0.2057843714953298,0.043299999,14.655975
2005-03-29,BOEING CO,09G725,0.221067146831119,0.30000001,0.5,5,0.75,57.25,0.2061415773955589,0.043000001,14.655975
2005-03-30,BOEING CO,09G725,0.226000666219822,0.30000001,0.5,5,0.75,58.790001,0.2072667250228519,0.042599998,14.655975
2005-03-31,BOEING CO,09G725,0.23774392580571,0.30000001,0.5,5,0.75,58.459999,0.2072261110169781,0.0418,14.655975
2005-04-01,BOEING CO,09G725,0.239423097334851,0.30000001,0.5,5,0.75,58.779999,0.2065796221544634,0.041299999,14.655975
2005-04-04,BOEING CO,09G725,0.240090888042045,0.30000001,0.5,5,0.75,58.330002,0.2065977291712487,0.041299999,14.655975
2005-04-05,BOEING CO,09G725,0.23430208501001,0.30000001,0.5,5,0.75,58.330002,0.2051107134030597,0.041499998,14.655975
2005-04-06,BOEING CO,09G725,0.230511839990671,0.30000001,0.5,5,0.75,58.43,0.2045363074883216,0.040899999,14.655975
2005-04-07,BOEING CO,09G725,0.220795125440222,0.30000001,0.5,5,0.75,59.009998,0.2046331638797763,0.041299999,14.655975
2005-04-08,BOEING CO,09G725,0.222167290314191,0.30000001,0.5,5,0.75,58.599998,0.204209781947146,0.041700002,14.655975
2005-04-11,BOEING CO,09G725,0.219759412333282,0.30000001,0.5,5,0.75,59.400002,0.2042519722521725,0.041299999,14.655975
2005-04-12,BOEING CO,09G725,0.2141764968125,0.30000001,0.5,5,0.75,58.450001,0.2042258072375159,0.0405,14.655975
2005-04-13,BOEING CO,09G725,0.2165634968125,0.30000001,0.5,5,0.75,58.669998,0.2039809293987344,0.0403,14.655975
2005-04-14,BOEING CO,09G725,0.227559129335949,0.30000001,0.5,5,0.75,58.16,0.2041341642391185,0.039900001,14.655975
2005-04-15,BOEING CO,09G725,0.2483955526249616,0.30000001,0.5,5,0.75,57.0,0.205246298940649,0.039000001,14.655975
2005-04-18,BOEING CO,09G725,0.2460878318045809,0.30000001,0.5,5,0.75,56.919998,0.2052552793990442,0.039000001,14.655975
2005-04-19,BOEING CO,09G725,0.2333302395638335,0.30000001,0.5,5,0.75,58.09,0.2061361658218612,0.0385,14.655975
2005-04-20,BOEING CO,09G725,0.2272534164993283,0.30000001,0.5,5,0.75,57.23,0.2053666281053791,0.038600001,14.655975
2005-04-21,BOEING CO,09G725,0.2227395364338442,0.30000001,0.5,5,0.75,59.080002,0.2075778741885309,0.039700001,14.655975
2005-04-22,BOEING CO,09G725,0.2251728539308918,0.30000001,0.5,5,0.75,57.880001,0.2060496515705115,0.0392,14.655975
2005-04-25,BOEING CO,09G725,0.2197520922809388,0.30000001,0.5,5,0.75,59.580002,0.2079161239430614,0.0394,14.655975
2005-04-26,BOEING CO,09G725,0.2175035297913813,0.30000001,0.5,5,0.75,59.0,0.2075057509756439,0.0396,14.655975
2005-04-27,BOEING CO,09G725,0.2166111596532477,0.30000001,0.5,5,0.75,59.66,0.2076546104724424,0.0392,14.655975
2005-04-28,BOEING CO,09G725,0.2176032273347638,0.30000001,0.5,5,0.75,58.720001,0.208136989853468,0.0385,14.655975
2005-04-29,BOEING CO,09G725,0.2193739162033402,0.30000001,0.5,5,0.75,59.52,0.2076219677664439,0.039000001,14.764149
2005-05-02,BOEING CO,09G725,0.2157810209956702,0.30000001,0.5,5,0.75,59.380001,0.2071581827134199,0.038800001,14.255875
2005-05-03,BOEING CO,09G725,0.2132866964807693,0.30000001,0.5,5,0.75,59.869999,0.2063513489794946,0.039000001,14.255875
2005-05-04,BOEING CO,09G725,0.2119226693912172,0.30000001,0.5,5,0.75,60.279999,0.2062542061217035,0.038699999,14.255875
2005-05-05,BOEING CO,09G725,0.2113417993125001,0.30000001,0.5,5,0.75,59.740002,0.2062899839921823,0.038199998,14.255875
2005-05-06,BOEING CO,09G725,0.2112286934705883,0.30000001,0.5,5,0.75,61.009998,0.207225985997392,0.039500002,14.255875
2005-05-09,BOEING CO,09G725,0.208553996871415,0.30000001,0.5,5,0.75,60.560001,0.2069759840476628,0.039900001,14.255875
2005-05-10,BOEING CO,09G725,0.212666965702577,0.30000001,0.5,5,0.75,61.040001,0.2060868250834435,0.039299998,14.255875
2005-05-11,BOEING CO,09G725,0.2184202926703386,0.30000001,0.5,5,0.75,60.400002,0.2058700285569549,0.039099999,14.255875
2005-05-12,BOEING CO,09G725,0.2287520628423483,0.30000001,0.5,5,0.75,60.490002,0.2057210076731384,0.038699999,14.255875
2005-05-13,BOEING CO,09G725,0.2467264684702493,0.30000001,0.5,5,0.75,59.5,0.2064959257316356,0.0383,14.255875
2005-05-16,BOEING CO,09G725,0.281237244594257,0.30000001,0.5,5,0.75,60.41,0.2068851015741582,0.0383,14.255875
2005-05-17,BOEING CO,09G725,0.2933499814567395,0.30000001,0.5,5,0.75,60.91,0.206221622695477,0.038199998,14.255875
2005-05-18,BOEING CO,09G725,0.2964486610055048,0.30000001,0.5,5,0.75,61.689999,0.2064587947967663,0.037700001,14.255875
2005-05-19,BOEING CO,09G725,0.2860156023951587,0.30000001,0.5,5,0.75,61.349998,0.2062605900064668,0.038400002,14.255875
2005-05-20,BOEING CO,09G725,0.2819571816389985,0.30000001,0.5,5,0.75,61.900002,0.2060342256448141,0.038800001,14.255875
2005-05-23,BOEING CO,09G725,0.2787331562699256,0.30000001,0.5,5,0.75,61.639999,0.2058896224467175,0.0383,14.255875
2005-05-24,BOEING CO,09G725,0.2765149324231819,0.30000001,0.5,5,0.75,62.25,0.2044992165944659,0.037799999,14.255875
2005-05-25,BOEING CO,09G725,0.271741150666226,0.30000001,0.5,5,0.75,61.450001,0.2049956328478515,0.0381,14.255875
2005-05-26,BOEING CO,09G725,0.2533778573283598,0.30000001,0.5,5,0.75,62.990002,0.2063506717590005,0.038199998,14.255875
2005-05-27,BOEING CO,09G725,0.2439268187864323,0.30000001,0.5,5,0.75,63.02,0.2040370253076702,0.038199998,14.255875
2005-05-31,BOEING CO,09G725,0.2432244887138241,0.30000001,0.5,5,0.75,63.900002,0.2041732634518687,0.037599999,14.255875
2005-06-01,BOEING CO,09G725,0.2410600355427558,0.30000001,0.5,5,0.75,63.799999,0.2041959994272915,0.0363,14.255875
2005-06-02,BOEING CO,09G725,0.2298615378440987,0.30000001,0.5,5,0.75,64.379997,0.2035802438085877,0.036499999,14.255875
2005-06-03,BOEING CO,09G725,0.2261862508170595,0.30000001,0.5,5,0.75,64.660004,0.2030205532346221,0.037300002,14.255875
2005-06-06,BOEING CO,09G725,0.2230313226952083,0.30000001,0.5,5,0.75,65.550003,0.2027663325359388,0.037300002,14.255875
2005-06-07,BOEING CO,09G725,0.2164278803252855,0.30000001,0.5,5,0.75,65.279999,0.2013098237412828,0.037,14.255875
2005-06-08,BOEING CO,09G725,0.2137331068458341,0.30000001,0.5,5,0.75,64.470001,0.2017706691796619,0.037300002,14.255875
2005-06-09,BOEING CO,09G725,0.215287887454648,0.30000001,0.5,5,0.75,65.110001,0.2016759243959151,0.037599999,14.255875
2005-06-10,BOEING CO,09G725,0.2142656847316876,0.30000001,0.5,5,0.75,64.650002,0.201849600610203,0.038400002,14.255875
2005-06-13,BOEING CO,09G725,0.2066118566245791,0.30000001,0.5,5,0.75,64.629997,0.2018555379285411,0.038699999,14.255875
2005-06-14,BOEING CO,09G725,0.1965335585961839,0.30000001,0.5,5,0.75,62.93,0.2035936180041852,0.038899999,14.255875
2005-06-15,BOEING CO,09G725,0.1968248080574744,0.30000001,0.5,5,0.75,64.410004,0.2044630809882586,0.039000001,14.255875
2005-06-16,BOEING CO,09G725,0.1861992060080972,0.30000001,0.5,5,0.75,63.689999,0.2046052598517859,0.038699999,14.255875
2005-06-17,BOEING CO,09G725,0.1890208630741537,0.30000001,0.5,5,0.75,64.620003,0.204970844524026,0.038800001,14.255875
2005-06-20,BOEING CO,09G725,0.1882789444444445,0.30000001,0.5,5,0.75,63.669998,0.2054634352342123,0.038800001,14.255875
2005-06-21,BOEING CO,09G725,0.192464415875,0.30000001,0.5,5,0.75,62.779999,0.206007520454229,0.038400002,14.255875
2005-06-22,BOEING CO,09G725,0.1945526716369733,0.30000001,0.5,5,0.75,63.130001,0.2051645458941491,0.0372,14.255875
2005-06-23,BOEING CO,09G725,0.1951028995016158,0.30000001,0.5,5,0.75,61.860001,0.2061258823536214,0.0374,14.255875
2005-06-24,BOEING CO,09G725,0.1987340608066384,0.30000001,0.5,5,0.75,60.59,0.2064550733393511,0.036899999,14.255875
2005-06-27,BOEING CO,09G725,0.2029652407861642,0.30000001,0.5,5,0.75,61.759998,0.2060896530646634,0.036899999,14.255875
2005-06-28,BOEING CO,09G725,0.2033333766522913,0.30000001,0.5,5,0.75,62.450001,0.2062797223970883,0.037599999,14.255875
2005-06-29,BOEING CO,09G725,0.2063411621111111,0.30000001,0.5,5,0.75,61.669998,0.2064482945293004,0.037700001,14.255875
2005-06-30,BOEING CO,09G725,0.2067563878055555,0.30000001,0.5,5,0.75,66.0,0.2163803263633825,0.0372,14.255875
2005-07-01,BOEING CO,09G725,0.2045374631386555,0.30000001,0.5,5,0.75,64.68,0.2172488399794758,0.038400002,14.255875
2005-07-05,BOEING CO,09G725,0.2037110868392858,0.30000001,0.5,5,0.75,65.419998,0.2174177573103597,0.039000001,14.255875
2005-07-06,BOEING CO,09G725,0.2032659231047619,0.30000001,0.5,5,0.75,64.290001,0.2182112095700109,0.038600001,14.255875
2005-07-07,BOEING CO,09G725,0.2041521409428203,0.30000001,0.5,5,0.75,65.18,0.2183193112322704,0.0383,14.255875
2005-07-08,BOEING CO,09G725,0.2045163186260077,0.30000001,0.5,5,0.75,65.07,0.2183390468213785,0.038899999,14.255875
2005-07-11,BOEING CO,09G725,0.1963787317090837,0.30000001,0.5,5,0.75,64.970001,0.2183472043512333,0.039099999,14.255875
2005-07-12,BOEING CO,09G725,0.1889757004519711,0.30000001,0.5,5,0.75,64.300003,0.2186518009861184,0.0394,14.255875
2005-07-13,BOEING CO,09G725,0.1840541227007783,0.30000001,0.5,5,0.75,64.580002,0.2177672046413658,0.0396,14.255875
2005-07-14,BOEING CO,09G725,0.1782052201628023,0.30000001,0.5,5,0.75,64.580002,0.2177165783380559,0.039799999,14.255875
2005-07-15,BOEING CO,09G725,0.1819528599375,0.30000001,0.5,5,0.75,64.75,0.217716060648954,0.039799999,14.255875
2005-07-18,BOEING CO,09G725,0.1776001217712419,0.30000001,0.5,5,0.75,64.739998,0.2174614867447442,0.040100001,14.255875
2005-07-19,BOEING CO,09G725,0.1737611280526316,0.30000001,0.5,5,0.75,64.889999,0.217462929358474,0.039900001,14.255875
2005-07-20,BOEING CO,09G725,0.1729124292222222,0.30000001,0.5,5,0.75,66.080002,0.2169372494602051,0.039900001,14.255875
2005-07-21,BOEING CO,09G725,0.1656860349932496,0.30000001,0.5,5,0.75,65.709999,0.2168116548645542,0.040899999,14.255875
2005-07-22,BOEING CO,09G725,0.1673121610252101,0.30000001,0.5,5,0.75,66.199997,0.2167942774742569,0.040399998,14.255875
2005-07-25,BOEING CO,09G725,0.16580942165,0.30000001,0.5,5,0.75,66.050003,0.2168104176044599,0.040600002,14.255875
2005-07-26,BOEING CO,09G725,0.1612154010430799,0.30000001,0.5,5,0.75,66.349998,0.215435124263892,0.040600002,14.255875
2005-07-27,BOEING CO,09G725,0.1604737430662576,0.30000001,0.5,5,0.75,66.699997,0.2149436708097481,0.040899999,14.255875
2005-07-28,BOEING CO,09G725,0.1578712937142857,0.30000001,0.5,5,0.75,66.0,0.2149150809090539,0.040399998,14.255875
2005-07-29,BOEING CO,09G725,0.1582006094782609,0.30000001,0.5,5,0.75,66.010002,0.2139506834836543,0.041200001,14.355332
2005-08-01,BOEING CO,09G725,0.1565036995873206,0.30000001,0.5,5,0.75,65.75,0.2140040529694424,0.0416,13.443805
2005-08-02,BOEING CO,09G725,0.1564983070168129,0.30000001,0.5,5,0.75,66.330002,0.2140991923825391,0.041700002,13.443805
2005-08-03,BOEING CO,09G725,0.1577619762539683,0.30000001,0.5,5,0.75,66.650002,0.2140994620320866,0.041299999,13.443805
2005-08-04,BOEING CO,09G725,0.1574711905396825,0.30000001,0.5,5,0.75,66.269997,0.2132150104262696,0.041499998,13.443805
2005-08-05,BOEING CO,09G725,0.157999938335097,0.30000001,0.5,5,0.75,66.190002,0.2103443659562949,0.042399999,13.443805
2005-08-08,BOEING CO,09G725,0.1628827007291336,0.30000001,0.5,5,0.75,65.989998,0.2102553480191496,0.042800002,13.443805
2005-08-09,BOEING CO,09G725,0.1732460289994903,0.30000001,0.5,5,0.75,67.129997,0.2102372438805795,0.0425,13.443805
2005-08-10,BOEING CO,09G725,0.1734444869791667,0.30000001,0.5,5,0.75,65.959999,0.2107372414615277,0.042399999,13.443805
2005-08-11,BOEING CO,09G725,0.1672619516504931,0.30000001,0.5,5,0.75,67.309998,0.2114383842588025,0.0418,13.443805
2005-08-12,BOEING CO,09G725,0.1675673419375763,0.30000001,0.5,5,0.75,66.540001,0.2117259548256851,0.041099999,13.443805
2005-08-15,BOEING CO,09G725,0.1689806214304065,0.30000001,0.5,5,0.75,67.459999,0.2107861642406107,0.041499998,13.443805
2005-08-16,BOEING CO,09G725,0.1715190707438431,0.30000001,0.5,5,0.75,66.269997,0.2111878044860794,0.041000001,13.443805
2005-08-17,BOEING CO,09G725,0.1706838431686248,0.30000001,0.5,5,0.75,67.019997,0.2112987457871643,0.041499998,13.443805
2005-08-18,BOEING CO,09G725,0.1668852218426765,0.30000001,0.5,5,0.75,66.629997,0.2111378635922724,0.040800001,13.443805
2005-08-19,BOEING CO,09G725,0.16603442961171,0.30000001,0.5,5,0.75,67.150002,0.2112172297426099,0.040800001,13.443805
2005-08-22,BOEING CO,09G725,0.1645759987046144,0.30000001,0.5,5,0.75,67.790001,0.2113616794138437,0.040800001,13.443805
2005-08-23,BOEING CO,09G725,0.1623368776303583,0.30000001,0.5,5,0.75,67.43,0.2114306685143398,0.0407,13.443805
2005-08-24,BOEING CO,09G725,0.1625380579045871,0.30000001,0.5,5,0.75,67.129997,0.2093502036057951,0.040600002,13.443805
2005-08-25,BOEING CO,09G725,0.1631832451899895,0.30000001,0.5,5,0.75,67.209999,0.2091428072002692,0.040600002,13.443805
2005-08-26,BOEING CO,09G725,0.1620761836767632,0.30000001,0.5,5,0.75,66.309998,0.2096352622317951,0.040899999,13.443805
2005-08-29,BOEING CO,09G725,0.1611899488242371,0.30000001,0.5,5,0.75,67.580002,0.2103774804108792,0.040800001,13.443805
2005-08-30,BOEING CO,09G725,0.1618607069498726,0.30000001,0.5,5,0.75,66.739998,0.2107453304502701,0.0403,13.443805
2005-08-31,BOEING CO,09G725,0.1635965104651404,0.30000001,0.5,5,0.75,67.019997,0.2107559687100333,0.038699999,13.443805
2005-09-01,BOEING CO,09G725,0.1636623398614271,0.30000001,0.5,5,0.75,65.989998,0.2102602775755994,0.0385,13.443805
2005-09-02,BOEING CO,09G725,0.1814801116729632,0.30000001,0.5,5,0.75,64.339996,0.2116286489201165,0.0385,13.443805
2005-09-06,BOEING CO,09G725,0.1853503048187123,0.30000001,0.5,5,0.75,65.029999,0.2112834103409598,0.038899999,13.443805
2005-09-07,BOEING CO,09G725,0.1808207402725451,0.30000001,0.5,5,0.75,64.5,0.2114778894330242,0.039299998,13.443805
2005-09-08,BOEING CO,09G725,0.1773684215731919,0.30000001,0.5,5,0.75,64.589996,0.2109102035980291,0.0394,13.443805
2005-09-09,BOEING CO,09G725,0.1776007979060524,0.30000001,0.5,5,0.75,65.400002,0.2106319601334334,0.0394,13.443805
2005-09-12,BOEING CO,09G725,0.1768781582359225,0.30000001,0.5,5,0.75,65.139999,0.2106837105261863,0.039799999,13.443805
2005-09-13,BOEING CO,09G725,0.1715822013900037,0.30000001,0.5,5,0.75,65.400002,0.2105722290186785,0.039299998,13.443805
2005-09-14,BOEING CO,09G725,0.1673381744481121,0.30000001,0.5,5,0.75,64.18,0.2114090466038719,0.0396,13.443805
2005-09-15,BOEING CO,09G725,0.1679123285511095,0.30000001,0.5,5,0.75,65.080002,0.21126816665357,0.039900001,13.443805
2005-09-16,BOEING CO,09G725,0.1669471470556935,0.30000001,0.5,5,0.75,64.800003,0.2110557850178244,0.0405,13.443805
2005-09-19,BOEING CO,09G725,0.1685863515236774,0.30000001,0.5,5,0.75,64.099998,0.211218675627632,0.040199999,13.443805
2005-09-20,BOEING CO,09G725,0.1669281294258933,0.30000001,0.5,5,0.75,63.450001,0.2114983088949992,0.040600002,13.443805
2005-09-21,BOEING CO,09G725,0.1664142981158817,0.30000001,0.5,5,0.75,62.41,0.2113103896473529,0.040100001,13.443805
2005-09-22,BOEING CO,09G725,0.173523790803493,0.30000001,0.5,5,0.75,62.509998,0.2108847125659264,0.039900001,13.443805
2005-09-23,BOEING CO,09G725,0.1734980643555498,0.30000001,0.5,5,0.75,63.200001,0.2111224949604772,0.0407,13.443805
2005-09-26,BOEING CO,09G725,0.1674087906020065,0.30000001,0.5,5,0.75,64.669998,0.2119191706891479,0.041099999,13.443805
2005-09-27,BOEING CO,09G725,0.1669721205390115,0.30000001,0.5,5,0.75,66.550003,0.2137157631188169,0.041299999,13.443805
2005-09-28,BOEING CO,09G725,0.1649299565802464,0.30000001,0.5,5,0.75,67.209999,0.2122796875908161,0.041099999,13.443805
2005-09-29,BOEING CO,09G725,0.162499597068974,0.30000001,0.5,5,0.75,67.279999,0.21200491670351,0.0414,13.443805
2005-09-30,BOEING CO,09G725,0.1608032923993759,0.30000001,0.5,5,0.75,67.949997,0.211614749254022,0.0418,13.443805
2005-10-03,BOEING CO,09G725,0.1617904573174179,0.30000001,0.5,5,0.75,67.139999,0.2119813038192646,0.0425,13.443805
2005-10-04,BOEING CO,09G725,0.1603922148102097,0.30000001,0.5,5,0.75,67.949997,0.2115732356052996,0.042399999,13.443805
2005-10-05,BOEING CO,09G725,0.1644634253655872,0.30000001,0.5,5,0.75,67.050003,0.2114815292524325,0.042300001,13.443805
2005-10-06,BOEING CO,09G725,0.1694145179285176,0.30000001,0.5,5,0.75,67.93,0.2107678319356794,0.042300001,13.443805
2005-10-07,BOEING CO,09G725,0.1743142089240937,0.30000001,0.5,5,0.75,67.300003,0.2095411305784036,0.042300001,13.443805
2005-10-10,BOEING CO,09G725,0.1743664304619112,0.30000001,0.5,5,0.75,67.900002,0.2096689217822811,0.042300001,13.443805
2005-10-11,BOEING CO,09G725,0.1743247945948194,0.30000001,0.5,5,0.75,66.699997,0.21052669648879,0.0427,13.443805
2005-10-12,BOEING CO,09G725,0.1794075292042073,0.30000001,0.5,5,0.75,67.650002,0.2108730486241075,0.043200001,13.443805
2005-10-13,BOEING CO,09G725,0.1815289296684098,0.30000001,0.5,5,0.75,66.489998,0.2116824759268755,0.043200001,13.443805
2005-10-14,BOEING CO,09G725,0.1804691197147526,0.30000001,0.5,5,0.75,67.5,0.2121236425468309,0.043400001,13.443805
2005-10-17,BOEING CO,09G725,0.1748671002897333,0.30000001,0.5,5,0.75,67.239998,0.2117725488203658,0.0436,13.443805
2005-10-18,BOEING CO,09G725,0.1684867830980305,0.30000001,0.5,5,0.75,67.120003,0.211605170433771,0.043400001,13.443805
2005-10-19,BOEING CO,09G725,0.1681720978370472,0.30000001,0.5,5,0.75,68.370003,0.2122040145100386,0.043200001,13.443805
2005-10-20,BOEING CO,09G725,0.1676269576140812,0.30000001,0.5,5,0.75,67.300003,0.2126154112150368,0.043299999,13.443805
2005-10-21,BOEING CO,09G725,0.1679836414820916,0.30000001,0.5,5,0.75,66.019997,0.2135815287127984,0.042599998,13.443805
2005-10-24,BOEING CO,09G725,0.1680363769299308,0.30000001,0.5,5,0.75,67.32,0.2140521112753725,0.043200001,13.443805
2005-10-25,BOEING CO,09G725,0.1687872798436651,0.30000001,0.5,5,0.75,66.970001,0.2133339622150188,0.044100001,13.443805
2005-10-26,BOEING CO,09G725,0.1679714819017268,0.30000001,0.5,5,0.75,65.099998,0.2153284599356638,0.044599999,13.443805
2005-10-27,BOEING CO,09G725,0.1708330701582047,0.30000001,0.5,5,0.75,64.050003,0.2159515919423963,0.044300001,13.443805
2005-10-28,BOEING CO,09G725,0.1719991680625075,0.30000001,0.5,5,0.75,65.639999,0.2172416856407416,0.044599999,13.443805
2005-10-31,BOEING CO,09G725,0.1694879401475191,0.30000001,0.5,5,0.75,64.639999,0.217867904263024,0.044500001,13.665896
2005-11-01,BOEING CO,09G725,0.1688603094821289,0.30000001,0.5,5,0.75,65.050003,0.2179126668980407,0.0447,13.455309
2005-11-02,BOEING CO,09G725,0.1724482471631333,0.30000001,0.5,5,0.75,64.699997,0.2166434275938208,0.045000002,13.455309
2005-11-03,BOEING CO,09G725,0.1741465588565917,0.30000001,0.5,5,0.75,65.5,0.2165967459437591,0.045499999,13.455309
2005-11-04,BOEING CO,09G725,0.1724309628330865,0.30000001,0.5,5,0.75,65.279999,0.2164153536684118,0.045600001,13.455309
2005-11-07,BOEING CO,09G725,0.1696634989154216,0.30000001,0.5,5,0.75,65.690002,0.2158116346704441,0.045499999,13.455309
2005-11-08,BOEING CO,09G725,0.1752457280720896,0.30000001,0.5,5,0.75,65.010002,0.215650828606096,0.0449,13.455309
2005-11-09,BOEING CO,09G725,0.1768753143551295,0.30000001,0.5,5,0.75,64.709999,0.2151260398008346,0.045499999,13.455309
2005-11-10,BOEING CO,09G725,0.177318183058459,0.30000001,0.5,5,0.75,66.099998,0.2155126242736577,0.0449,13.455309
2005-11-11,BOEING CO,09G725,0.1785319751449432,0.30000001,0.5,5,0.75,65.349998,0.215727644652724,0.0449,13.455309
2005-11-14,BOEING CO,09G725,0.1766582348126187,0.30000001,0.5,5,0.75,66.230003,0.2160877210970431,0.045400001,13.455309
2005-11-15,BOEING CO,09G725,0.1773111353333006,0.30000001,0.5,5,0.75,67.0,0.2163430179333153,0.0451,13.455309
2005-11-16,BOEING CO,09G725,0.1793158487142887,0.30000001,0.5,5,0.75,67.440002,0.2160258608164071,0.044300001,13.455309
2005-11-17,BOEING CO,09G725,0.1870235861306788,0.30000001,0.5,5,0.75,67.650002,0.2160341712081884,0.043900002,13.455309
2005-11-18,BOEING CO,09G725,0.1925804847954974,0.30000001,0.5,5,0.75,66.949997,0.2153430896879602,0.044300001,13.455309
2005-11-21,BOEING CO,09G725,0.1880497287006171,0.30000001,0.5,5,0.75,69.0,0.2173455017300132,0.043900002,13.455309
2005-11-22,BOEING CO,09G725,0.1935168434417439,0.30000001,0.5,5,0.75,69.099998,0.2172736045118335,0.043400001,13.455309
2005-11-23,BOEING CO,09G725,0.1941531144703192,0.30000001,0.5,5,0.75,69.440002,0.2172493291538863,0.0438,13.455309
2005-11-25,BOEING CO,09G725,0.1905309398093129,0.30000001,0.5,5,0.75,69.059998,0.2173315096896114,0.043400001,13.455309
2005-11-28,BOEING CO,09G725,0.1878318889066578,0.30000001,0.5,5,0.75,68.629997,0.2172911663095985,0.043200001,13.455309
2005-11-29,BOEING CO,09G725,0.1864627400851426,0.30000001,0.5,5,0.75,69.129997,0.2173671980067612,0.044,13.455309
2005-11-30,BOEING CO,09G725,0.1849551476832284,0.30000001,0.5,5,0.75,68.190002,0.2169416646119612,0.044199999,13.455309
2005-12-01,BOEING CO,09G725,0.1843825170847898,0.30000001,0.5,5,0.75,69.669998,0.2179126159520587,0.044500001,13.455309
2005-12-02,BOEING CO,09G725,0.1841083852412882,0.30000001,0.5,5,0.75,69.440002,0.2178678773719431,0.044500001,13.455309
2005-12-05,BOEING CO,09G725,0.1848762345616707,0.30000001,0.5,5,0.75,69.199997,0.2176731884349322,0.045000002,13.455309
2005-12-06,BOEING CO,09G725,0.1849489068263211,0.30000001,0.5,5,0.75,69.57,0.216847577350745,0.044199999,13.455309
2005-12-07,BOEING CO,09G725,0.1824493657396589,0.30000001,0.5,5,0.75,69.650002,0.2160233367687443,0.044300001,13.455309
2005-12-08,BOEING CO,09G725,0.181408170828945,0.30000001,0.5,5,0.75,70.07,0.2160691790549367,0.0436,13.455309
2005-12-09,BOEING CO,09G725,0.1823159613377357,0.30000001,0.5,5,0.75,69.650002,0.2160424982147998,0.044399999,13.455309
2005-12-12,BOEING CO,09G725,0.1819871314849783,0.30000001,0.5,5,0.75,70.190002,0.2161095956632223,0.044599999,13.455309
2005-12-13,BOEING CO,09G725,0.1778590488426675,0.30000001,0.5,5,0.75,70.589996,0.2161457668972957,0.044399999,13.455309
2005-12-14,BOEING CO,09G725,0.1774885382754012,0.30000001,0.5,5,0.75,71.449997,0.2163360952891507,0.0436,13.455309
2005-12-15,BOEING CO,09G725,0.1748198558254025,0.30000001,0.5,5,0.75,70.790001,0.2164708907111103,0.0438,13.455309
2005-12-16,BOEING CO,09G725,0.1695843010043787,0.30000001,0.5,5,0.75,70.75,0.2157021852403734,0.0436,13.455309
2005-12-19,BOEING CO,09G725,0.1718099012837879,0.30000001,0.5,5,0.75,69.970001,0.2160532100168522,0.043699998,13.455309
2005-12-20,BOEING CO,09G725,0.1665093808696838,0.30000001,0.5,5,0.75,70.739998,0.2162572106700158,0.044,13.455309
2005-12-21,BOEING CO,09G725,0.1663051760260715,0.30000001,0.5,5,0.75,70.389999,0.2161996132403249,0.044199999,13.455309
2005-12-22,BOEING CO,09G725,0.1700415011211755,0.30000001,0.5,5,0.75,71.32,0.2163711263510961,0.0438,13.455309
2005-12-23,BOEING CO,09G725,0.1702668728945965,0.30000001,0.5,5,0.75,71.489998,0.2162110804582798,0.043200001,13.455309
2005-12-27,BOEING CO,09G725,0.1653399268495076,0.30000001,0.5,5,0.75,70.529999,0.2167158167299335,0.043000001,13.455309
2005-12-28,BOEING CO,09G725,0.1694429364493666,0.30000001,0.5,5,0.75,70.959999,0.2154912936613822,0.043200001,13.455309
2005-12-29,BOEING CO,09G725,0.168892726651393,0.30000001,0.5,5,0.75,71.18,0.2154481390296229,0.043299999,13.455309
2005-12-30,BOEING CO,09G725,0.1688008158988156,0.30000001,0.5,5,0.75,70.239998,0.21591174901137,0.043499999,13.455309
2006-01-03,BOEING CO,09G725,0.1608295905662495,0.30000001,0.5,5,0.75,70.440002,0.215257474722864,0.043000001,13.455309
2006-01-04,BOEING CO,09G725,0.157240476871196,0.30000001,0.5,5,0.75,71.169998,0.2144196504117162,0.042800002,13.455309
2006-01-05,BOEING CO,09G725,0.1546640625187699,0.30000001,0.5,5,0.75,70.330002,0.2143005315755032,0.0429,13.455309
2006-01-06,BOEING CO,09G725,0.1590618150657976,0.30000001,0.5,5,0.75,69.349998,0.2147111916076137,0.043200001,13.455309
2006-01-09,BOEING CO,09G725,0.1618893677368761,0.30000001,0.5,5,0.75,68.769997,0.2148842135987547,0.043200001,13.455309
2006-01-10,BOEING CO,09G725,0.1632015333598247,0.30000001,0.5,5,0.75,69.099998,0.2145754047001825,0.0436,13.455309
2006-01-11,BOEING CO,09G725,0.1583687615493546,0.30000001,0.5,5,0.75,70.099998,0.2149245897307273,0.043900002,13.455309
2006-01-12,BOEING CO,09G725,0.1631581404729299,0.30000001,0.5,5,0.75,69.690002,0.2140455845819972,0.043499999,13.455309
2006-01-13,BOEING CO,09G725,0.1631559037199156,0.30000001,0.5,5,0.75,69.480003,0.2124326470335755,0.042800002,13.455309
2006-01-17,BOEING CO,09G725,0.1610571617835804,0.30000001,0.5,5,0.75,68.690002,0.212777760871009,0.0427,13.455309
2006-01-18,BOEING CO,09G725,0.1609913571479006,0.30000001,0.5,5,0.75,68.330002,0.2121316775757094,0.042800002,13.455309
2006-01-19,BOEING CO,09G725,0.1577918547863032,0.30000001,0.5,5,0.75,68.169998,0.2119130994811289,0.043099999,13.455309
2006-01-20,BOEING CO,09G725,0.1564328596406782,0.30000001,0.5,5,0.75,66.5,0.2131918124980495,0.043099999,13.455309
2006-01-23,BOEING CO,09G725,0.1602459089447033,0.30000001,0.5,5,0.75,67.019997,0.2125671808491947,0.043000001,13.455309
2006-01-24,BOEING CO,09G725,0.1595223169801209,0.30000001,0.5,5,0.75,67.660004,0.2124930556112339,0.043200001,13.455309
2006-01-25,BOEING CO,09G725,0.1600666201271703,0.30000001,0.5,5,0.75,66.910004,0.2128435905230854,0.044100001,13.455309
2006-01-26,BOEING CO,09G725,0.158878600173228,0.30000001,0.5,5,0.75,68.720001,0.2143849927112085,0.044399999,13.455309
2006-01-27,BOEING CO,09G725,0.1570229440403638,0.30000001,0.5,5,0.75,68.559998,0.2133904273485198,0.044500001,13.455309
2006-01-30,BOEING CO,09G725,0.1572361434227788,0.30000001,0.5,5,0.75,69.029999,0.2123242631386887,0.044599999,13.455309
2006-01-31,BOEING CO,09G725,0.1556518873048146,0.30000001,0.5,5,0.75,68.309998,0.2123012091489117,0.0447,13.455309
2006-02-01,BOEING CO,09G725,0.1521242303116357,0.30000001,0.5,5,0.75,71.620003,0.2173332683153012,0.0451,13.455309
2006-02-02,BOEING CO,09G725,0.1501132978135538,0.30000001,0.5,5,0.75,71.699997,0.2162239289852789,0.0451,13.455309
2006-02-03,BOEING CO,09G725,0.1511463169264886,0.30000001,0.5,5,0.75,70.870003,0.2165406823836417,0.045000002,13.455309
2006-02-06,BOEING CO,09G725,0.1498149230126849,0.30000001,0.5,5,0.75,71.139999,0.2163303080356545,0.0451,13.455309
2006-02-07,BOEING CO,09G725,0.1531836333313356,0.30000001,0.5,5,0.75,71.550003,0.2163550176055035,0.045200001,13.455309
2006-02-08,BOEING CO,09G725,0.1533999748062343,0.30000001,0.5,5,0.75,71.760002,0.2157010650037239,0.045499999,13.455309
2006-02-09,BOEING CO,09G725,0.1523498038295658,0.30000001,0.5,5,0.75,72.010002,0.2151883180669226,0.045499999,13.455309
2006-02-10,BOEING CO,09G725,0.1508634861758245,0.30000001,0.5,5,0.75,72.529999,0.2151821055333223,0.045899998,13.455309
2006-02-13,BOEING CO,09G725,0.1513723967946135,0.30000001,0.5,5,0.75,72.110001,0.2152657194073321,0.0458,13.455309
2006-02-14,BOEING CO,09G725,0.1500931972987018,0.30000001,0.5,5,0.75,72.709999,0.2153558010557379,0.046100002,13.455309
2006-02-15,BOEING CO,09G725,0.1504898998134125,0.30000001,0.5,5,0.75,72.449997,0.2153303161072369,0.046,13.455309
2006-02-16,BOEING CO,09G725,0.150537894716343,0.30000001,0.5,5,0.75,72.550003,0.2150661022035762,0.045899998,13.455309
2006-02-17,BOEING CO,09G725,0.1530973955855838,0.30000001,0.5,5,0.75,72.959999,0.2150202981425373,0.045499999,13.455309
2006-02-21,BOEING CO,09G725,0.1501408239294375,0.30000001,0.5,5,0.75,73.050003,0.2142819796511948,0.045899998,13.455309
2006-02-22,BOEING CO,09G725,0.1490817743723685,0.30000001,0.5,5,0.75,74.389999,0.2145214605475954,0.045699999,13.455309
2006-02-23,BOEING CO,09G725,0.1451347779948264,0.30000001,0.5,5,0.75,73.900002,0.2144689673820046,0.046300001,13.455309
2006-02-24,BOEING CO,09G725,0.1438331277708391,0.30000001,0.5,5,0.75,74.309998,0.2134001142866517,0.046399999,13.455309
2006-02-27,BOEING CO,09G725,0.1390099136519299,0.30000001,0.5,5,0.75,74.129997,0.2126609549872837,0.046599999,13.455309
2006-02-28,BOEING CO,09G725,0.1430637793560486,0.30000001,0.5,5,0.75,72.690002,0.2136710989446904,0.046100002,13.570935
2006-03-01,BOEING CO,09G725,0.1425519550684839,0.30000001,0.5,5,0.75,72.949997,0.2134486399596843,0.046300001,13.402267
2006-03-02,BOEING CO,09G725,0.1435331635487576,0.30000001,0.5,5,0.75,72.800003,0.2130386339980165,0.046799999,13.402267
2006-03-03,BOEING CO,09G725,0.1401293344903165,0.30000001,0.5,5,0.75,73.389999,0.2098689942014232,0.0471,13.402267
2006-03-06,BOEING CO,09G725,0.1369941006987074,0.30000001,0.5,5,0.75,72.629997,0.2095945051067102,0.047600001,13.402267
2006-03-07,BOEING CO,09G725,0.1361731556244195,0.30000001,0.5,5,0.75,73.160004,0.2096741416605418,0.047600001,13.402267
2006-03-08,BOEING CO,09G725,0.1352907910283345,0.30000001,0.5,5,0.75,72.82,0.2097217109730314,0.047499999,13.402267
2006-03-09,BOEING CO,09G725,0.1344485396447663,0.30000001,0.5,5,0.75,73.760002,0.2099044131352222,0.047499999,13.402267
2006-03-10,BOEING CO,09G725,0.1351842860458419,0.30000001,0.5,5,0.75,74.790001,0.2102759027933076,0.047699999,13.402267
2006-03-13,BOEING CO,09G725,0.1333458591138886,0.30000001,0.5,5,0.75,74.839996,0.2100565975577721,0.047800001,13.402267
2006-03-14,BOEING CO,09G725,0.137995620209984,0.30000001,0.5,5,0.75,75.449997,0.2101541219247498,0.046799999,13.402267
2006-03-15,BOEING CO,09G725,0.1375770107915134,0.30000001,0.5,5,0.75,76.050003,0.2099079878166726,0.0469,13.402267
2006-03-16,BOEING CO,09G725,0.1385814115522978,0.30000001,0.5,5,0.75,76.730003,0.2078162775544181,0.046,13.402267
2006-03-17,BOEING CO,09G725,0.1344597967826676,0.30000001,0.5,5,0.75,77.849998,0.2082353688440967,0.0462,13.402267
2006-03-20,BOEING CO,09G725,0.1348138082596215,0.30000001,0.5,5,0.75,78.18,0.2082268827053982,0.046100002,13.402267
2006-03-21,BOEING CO,09G725,0.1361524815202631,0.30000001,0.5,5,0.75,78.260002,0.2081101693890025,0.046799999,13.402267
2006-03-22,BOEING CO,09G725,0.1338058491778476,0.30000001,0.5,5,0.75,78.610001,0.2080644360333525,0.0469,13.402267
2006-03-23,BOEING CO,09G725,0.1323165080679276,0.30000001,0.5,5,0.75,77.900002,0.2081803096253181,0.0473,13.402267
2006-03-24,BOEING CO,09G725,0.1325430927459155,0.30000001,0.5,5,0.75,78.730003,0.208372277157977,0.046599999,13.402267
2006-03-27,BOEING CO,09G725,0.1324282182863787,0.30000001,0.5,5,0.75,78.389999,0.2073319909757624,0.0469,13.402267
2006-03-28,BOEING CO,09G725,0.1322079500958471,0.30000001,0.5,5,0.75,77.510002,0.207100850502472,0.047899999,13.402267
2006-03-29,BOEING CO,09G725,0.1343215271539593,0.30000001,0.5,5,0.75,79.18,0.2064992431103106,0.047899999,13.402267
2006-03-30,BOEING CO,09G725,0.1374776621562055,0.30000001,0.5,5,0.75,78.419998,0.2066746221172061,0.048300002,13.402267
2006-03-31,BOEING CO,09G725,0.1365652698488702,0.30000001,0.5,5,0.75,77.93,0.2067702463685552,0.0482,13.392713
2006-04-03,BOEING CO,09G725,0.1388888013695983,0.30000001,0.5,5,0.75,78.010002,0.2065779531726813,0.048500001,13.392713
2006-04-04,BOEING CO,09G725,0.1399427162259773,0.30000001,0.5,5,0.75,78.599998,0.206667177875127,0.0482,13.392713
2006-04-05,BOEING CO,09G725,0.1387933588844222,0.30000001,0.5,5,0.75,79.110001,0.2067298146553536,0.047899999,13.392713
2006-04-06,BOEING CO,09G725,0.1384353512194944,0.30000001,0.5,5,0.75,79.82,0.2066888646732792,0.0484,13.392713
2006-04-07,BOEING CO,09G725,0.1425062595227677,0.30000001,0.5,5,0.75,79.57,0.2065729823850706,0.048900001,13.392713
2006-04-10,BOEING CO,09G725,0.1411919007861524,0.30000001,0.5,5,0.75,80.790001,0.2066743811933386,0.048900001,13.392713
2006-04-11,BOEING CO,09G725,0.1411320456297349,0.30000001,0.5,5,0.75,80.57,0.2059843603664213,0.048599999,13.392713
2006-04-12,BOEING CO,09G725,0.1412580493679908,0.30000001,0.5,5,0.75,83.209999,0.2083357316075601,0.0491,13.392713
2006-04-13,BOEING CO,09G725,0.141587750756724,0.30000001,0.5,5,0.75,82.93,0.2081442934440234,0.049699999,13.392713
2006-04-17,BOEING CO,09G725,0.1416725007567239,0.30000001,0.5,5,0.75,82.349998,0.2072080871802239,0.0493,13.392713
2006-04-18,BOEING CO,09G725,0.1400811545446682,0.30000001,0.5,5,0.75,83.300003,0.2074213585958695,0.048700001,13.392713
2006-04-19,BOEING CO,09G725,0.1395140007567239,0.30000001,0.5,5,0.75,84.959999,0.2073568472460316,0.0491,13.392713
2006-04-20,BOEING CO,09G725,0.1426756739460137,0.30000001,0.5,5,0.75,85.5,0.2067511998317816,0.049199998,13.392713
2006-04-21,BOEING CO,09G725,0.1388399047152444,0.30000001,0.5,5,0.75,86.459999,0.204675460916701,0.049199998,13.392713
2006-04-24,BOEING CO,09G725,0.1404105384615385,0.30000001,0.5,5,0.75,86.099998,0.2035752211247137,0.048999999,13.392713
2006-04-25,BOEING CO,09G725,0.1384988461538462,0.30000001,0.5,5,0.75,85.110001,0.2020967120546448,0.049800001,13.392713
2006-04-26,BOEING CO,09G725,0.1375784583333334,0.30000001,0.5,5,0.75,84.910004,0.2018203978617915,0.0502,13.392713
2006-04-27,BOEING CO,09G725,0.137596375,0.30000001,0.5,5,0.75,84.099998,0.2018956332892465,0.0495,13.392713
2006-04-28,BOEING CO,09G725,0.1340579642857143,0.30000001,0.5,5,0.75,83.449997,0.2013713168909536,0.049199998,13.41581
2006-05-01,BOEING CO,09G725,0.1319008214285714,0.30000001,0.5,5,0.75,83.860001,0.2010309917084206,0.049899999,13.787255
2006-05-02,BOEING CO,09G725,0.1308338473636364,0.30000001,0.5,5,0.75,85.330002,0.2016265130157696,0.049800001,13.787255
2006-05-03,BOEING CO,09G725,0.129713875,0.30000001,0.5,5,0.75,85.870003,0.2015693532398111,0.050099999,13.787255
2006-05-04,BOEING CO,09G725,0.1262968181818182,0.30000001,0.5,5,0.75,86.639999,0.2016331850575097,0.050299998,13.787255
2006-05-05,BOEING CO,09G725,0.128934375,0.30000001,0.5,5,0.75,88.470001,0.202293394269705,0.049899999,13.787255
2006-05-08,BOEING CO,09G725,0.1247568125,0.30000001,0.5,5,0.75,87.589996,0.2016703687123839,0.050099999,13.787255
2006-05-09,BOEING CO,09G725,0.1252704580833333,0.30000001,0.5,5,0.75,87.989998,0.2014922808531311,0.050099999,13.787255
2006-05-10,BOEING CO,09G725,0.1279664088181818,0.30000001,0.5,5,0.75,88.940002,0.2017825630804858,0.050299998,13.787255
2006-05-11,BOEING CO,09G725,0.1251784615384615,0.30000001,0.5,5,0.75,88.209999,0.2018675851441008,0.0504,13.787255
2006-05-12,BOEING CO,09G725,0.124835,0.30000001,0.5,5,0.75,87.010002,0.2024466913639477,0.050799999,13.787255
2006-05-15,BOEING CO,09G725,0.1268483076923077,0.30000001,0.5,5,0.75,85.860001,0.2021978539010576,0.0504,13.787255
2006-05-16,BOEING CO,09G725,0.1301156666666667,0.30000001,0.5,5,0.75,86.400002,0.2017817341137698,0.049899999,13.787255
2006-05-17,BOEING CO,09G725,0.1438984642857143,0.30000001,0.5,5,0.75,83.769997,0.204195000577292,0.050299998,13.787255
2006-05-18,BOEING CO,09G725,0.1392839,0.30000001,0.5,5,0.75,82.730003,0.2043404176908388,0.049600001,13.787255
2006-05-19,BOEING CO,09G725,0.1381981470588235,0.30000001,0.5,5,0.75,84.610001,0.2053387133111133,0.049600001,13.787255
2006-05-22,BOEING CO,09G725,0.1428978157894737,0.30000001,0.5,5,0.75,85.709999,0.2055228607230553,0.049400002,13.787255
2006-05-23,BOEING CO,09G725,0.1387961538461539,0.30000001,0.5,5,0.75,85.150002,0.2056033852643983,0.049800001,13.787255
2006-05-24,BOEING CO,09G725,0.1414926923076923,0.30000001,0.5,5,0.75,82.379997,0.2082162066031684,0.0493,13.787255
2006-05-25,BOEING CO,09G725,0.1437915384615385,0.30000001,0.5,5,0.75,82.989998,0.2078243091712488,0.049699999,13.787255
2006-05-26,BOEING CO,09G725,0.1440968181818182,0.30000001,0.5,5,0.75,83.5,0.2065073902549113,0.0495,13.787255
2006-05-30,BOEING CO,09G725,0.1441918181818182,0.30000001,0.5,5,0.75,82.129997,0.2072651533012525,0.049899999,13.787255
2006-05-31,BOEING CO,09G725,0.15135,0.30000001,0.5,5,0.75,83.25,0.2072397058813777,0.0504,13.787255
2006-06-01,BOEING CO,09G725,0.1527438461538462,0.30000001,0.5,5,0.75,83.639999,0.2072505807649289,0.050299998,13.787255
2006-06-02,BOEING CO,09G725,0.1504442857142857,0.30000001,0.5,5,0.75,83.800003,0.2070990554676191,0.048999999,13.787255
2006-06-05,BOEING CO,09G725,0.1515475,0.30000001,0.5,5,0.75,82.129997,0.2081497701939809,0.0495,13.787255
2006-06-06,BOEING CO,09G725,0.15012,0.30000001,0.5,5,0.75,80.650002,0.2086329604056824,0.0495,13.787255
2006-06-07,BOEING CO,09G725,0.1493607692307692,0.30000001,0.5,5,0.75,81.459999,0.2087669531462763,0.049699999,13.787255
2006-06-08,BOEING CO,09G725,0.1535833181818182,0.30000001,0.5,5,0.75,81.190002,0.2083811798041469,0.0495,13.787255
2006-06-09,BOEING CO,09G725,0.1523125,0.30000001,0.5,5,0.75,80.5,0.2084076616797743,0.0495,13.787255
2006-06-12,BOEING CO,09G725,0.149930375,0.30000001,0.5,5,0.75,77.879997,0.2109448807647296,0.0495,13.787255
2006-06-13,BOEING CO,09G725,0.1491916925769231,0.30000001,0.5,5,0.75,76.980003,0.2113102537635491,0.0493,13.787255
2006-06-14,BOEING CO,09G725,0.1499763079615385,0.30000001,0.5,5,0.75,82.010002,0.2192147902400943,0.050299998,13.787255
2006-06-15,BOEING CO,09G725,0.147083083625,0.30000001,0.5,5,0.75,84.809998,0.2205444185439344,0.050799999,13.787255
2006-06-16,BOEING CO,09G725,0.147908083625,0.30000001,0.5,5,0.75,85.540001,0.2203148328393944,0.050999999,13.787255
2006-06-19,BOEING CO,09G725,0.1433795832570394,0.30000001,0.5,5,0.75,84.760002,0.2201545331772587,0.051199999,13.787255
2006-06-20,BOEING CO,09G725,0.1548210383312519,0.30000001,0.5,5,0.75,84.849998,0.2195767408161257,0.0513,13.787255
2006-06-21,BOEING CO,09G725,0.1531935665537516,0.30000001,0.5,5,0.75,85.849998,0.2192915726104878,0.051399998,13.787255
2006-06-22,BOEING CO,09G725,0.1545602186441422,0.30000001,0.5,5,0.75,84.059998,0.2203769471517028,0.051800001,13.787255
2006-06-23,BOEING CO,09G725,0.1569407142857143,0.30000001,0.5,5,0.75,83.389999,0.2195318245159016,0.052099999,13.787255
2006-06-26,BOEING CO,09G725,0.15536875,0.30000001,0.5,5,0.75,83.889999,0.2184839132135168,0.052200001,13.787255
2006-06-27,BOEING CO,09G725,0.1561291666666667,0.30000001,0.5,5,0.75,81.93,0.219145195306673,0.051899999,13.787255
2006-06-28,BOEING CO,09G725,0.1545030769230769,0.30000001,0.5,5,0.75,82.639999,0.2190424977711661,0.052299999,13.787255
2006-06-29,BOEING CO,09G725,0.1503141666666667,0.30000001,0.5,5,0.75,83.0,0.2186310370138766,0.0517,13.787255
2006-06-30,BOEING CO,09G725,0.143072,0.30000001,0.5,5,0.75,81.910004,0.2078732983813195,0.050999999,13.787255
2006-07-03,BOEING CO,09G725,0.1429725,0.30000001,0.5,5,0.75,81.300003,0.2069826663339813,0.051100001,13.787255
2006-07-05,BOEING CO,09G725,0.1425204166666667,0.30000001,0.5,5,0.75,80.169998,0.2072577777295884,0.051899999,13.787255
2006-07-06,BOEING CO,09G725,0.1464946153846154,0.30000001,0.5,5,0.75,80.809998,0.2065678203596475,0.0515,13.787255
2006-07-07,BOEING CO,09G725,0.1469180769230769,0.30000001,0.5,5,0.75,79.989998,0.206469186666074,0.050999999,13.787255
2006-07-10,BOEING CO,09G725,0.1464372727272727,0.30000001,0.5,5,0.75,80.349998,0.206482161834499,0.050999999,13.787255
2006-07-11,BOEING CO,09G725,0.1428426153652485,0.30000001,0.5,5,0.75,81.629997,0.2070040146810366,0.050700001,13.787255
2006-07-12,BOEING CO,09G725,0.1401476153652485,0.30000001,0.5,5,0.75,80.919998,0.2069254083597615,0.050799999,13.787255
2006-07-13,BOEING CO,09G725,0.1421441538267869,0.30000001,0.5,5,0.75,79.589996,0.207638697444337,0.0504,13.787255
2006-07-14,BOEING CO,09G725,0.1421522307498638,0.30000001,0.5,5,0.75,77.25,0.2098528653878082,0.0502,13.787255
2006-07-17,BOEING CO,09G725,0.1420270714105879,0.30000001,0.5,5,0.75,78.949997,0.2109047573501771,0.0504,13.787255
2006-07-18,BOEING CO,09G725,0.1436476923076923,0.30000001,0.5,5,0.75,79.169998,0.2109098893781691,0.050999999,13.787255
2006-07-19,BOEING CO,09G725,0.1425073076923077,0.30000001,0.5,5,0.75,82.290001,0.214377718930606,0.0502,13.787255
2006-07-20,BOEING CO,09G725,0.1417503846153846,0.30000001,0.5,5,0.75,80.690002,0.2146557496789993,0.049800001,13.787255
2006-07-21,BOEING CO,09G725,0.1414325,0.30000001,0.5,5,0.75,79.080002,0.215577895375728,0.049899999,13.787255
2006-07-24,BOEING CO,09G725,0.1432308333333333,0.30000001,0.5,5,0.75,81.440002,0.2174110878433109,0.049899999,13.787255
2006-07-25,BOEING CO,09G725,0.1433397916666667,0.30000001,0.5,5,0.75,83.75,0.2190997099606787,0.0502,13.787255
2006-07-26,BOEING CO,09G725,0.1445525,0.30000001,0.5,5,0.75,79.900002,0.224075683868414,0.049899999,13.787255
2006-07-27,BOEING CO,09G725,0.1420254166666667,0.30000001,0.5,5,0.75,78.709999,0.2245888186089784,0.049800001,13.787255
2006-07-28,BOEING CO,09G725,0.1427926923076923,0.30000001,0.5,5,0.75,78.910004,0.2243097522491023,0.049199998,13.787255
2006-07-31,BOEING CO,09G725,0.1434411538461538,0.30000001,0.5,5,0.75,77.419998,0.2251799870263501,0.0491,13.868254
2006-08-01,BOEING CO,09G725,0.1420133333333334,0.30000001,0.5,5,0.75,78.169998,0.2253048814361317,0.048999999,13.159997
2006-08-02,BOEING CO,09G725,0.141505,0.30000001,0.5,5,0.75,78.620003,0.2252152353922746,0.048799999,13.159997
2006-08-03,BOEING CO,09G725,0.139845,0.30000001,0.5,5,0.75,79.400002,0.2253622730197317,0.048999999,13.159997
2006-08-04,BOEING CO,09G725,0.1413415384615385,0.30000001,0.5,5,0.75,79.489998,0.2252672654210252,0.0484,13.159997
2006-08-07,BOEING CO,09G725,0.1405775,0.30000001,0.5,5,0.75,79.75,0.2252702487721489,0.048599999,13.159997
2006-08-08,BOEING CO,09G725,0.1397420833333334,0.30000001,0.5,5,0.75,78.150002,0.2262126300757492,0.048500001,13.159997
2006-08-09,BOEING CO,09G725,0.1397420833333334,0.30000001,0.5,5,0.75,77.160004,0.2258114158423674,0.048599999,13.159997
2006-08-10,BOEING CO,09G725,0.1450933333333333,0.30000001,0.5,5,0.75,76.199997,0.2257370155523768,0.048599999,13.159997
2006-08-11,BOEING CO,09G725,0.1447141666666667,0.30000001,0.5,5,0.75,75.959999,0.2248951733604551,0.0491,13.159997
2006-08-14,BOEING CO,09G725,0.1459641666666667,0.30000001,0.5,5,0.75,75.389999,0.2247197643870648,0.0495,13.159997
2006-08-15,BOEING CO,09G725,0.1448130769230769,0.30000001,0.5,5,0.75,76.580002,0.2248404394488503,0.048799999,13.159997
2006-08-16,BOEING CO,09G725,0.1417975,0.30000001,0.5,5,0.75,78.830002,0.225912905086405,0.048099998,13.159997
2006-08-17,BOEING CO,09G725,0.1394725,0.30000001,0.5,5,0.75,78.589996,0.2256997292357225,0.0482,13.159997
2006-08-18,BOEING CO,09G725,0.1392266666666667,0.30000001,0.5,5,0.75,77.620003,0.2259875246983888,0.047800001,13.159997
2006-08-21,BOEING CO,09G725,0.1404683333333334,0.30000001,0.5,5,0.75,76.629997,0.2262793234906227,0.047699999,13.159997
2006-08-22,BOEING CO,09G725,0.1404416666666667,0.30000001,0.5,5,0.75,76.949997,0.2261308052570082,0.047699999,13.159997
2006-08-23,BOEING CO,09G725,0.1403583333333334,0.30000001,0.5,5,0.75,76.360001,0.226207042302317,0.047699999,13.159997
2006-08-24,BOEING CO,09G725,0.1403583333333334,0.30000001,0.5,5,0.75,75.239998,0.226670513114391,0.047800001,13.159997
2006-08-25,BOEING CO,09G725,0.1399416666666667,0.30000001,0.5,5,0.75,73.93,0.2273860053902003,0.047600001,13.159997
2006-08-28,BOEING CO,09G725,0.1399416666666667,0.30000001,0.5,5,0.75,74.720001,0.2271814249907256,0.047699999,13.159997
2006-08-29,BOEING CO,09G725,0.1386916666666667,0.30000001,0.5,5,0.75,73.779999,0.2267981483941856,0.047699999,13.159997
2006-08-30,BOEING CO,09G725,0.1361083333333333,0.30000001,0.5,5,0.75,75.019997,0.2270091623663174,0.047200002,13.159997
2006-08-31,BOEING CO,09G725,0.1325,0.30000001,0.5,5,0.75,74.900002,0.2269911410104606,0.046999998,13.159997
2006-09-01,BOEING CO,09G725,0.1323076923076923,0.30000001,0.5,5,0.75,75.43,0.2265159188411345,0.046799999,13.159997
2006-09-05,BOEING CO,09G725,0.1310714285714286,0.30000001,0.5,5,0.75,75.360001,0.2250521912018142,0.0473,13.159997
2006-09-06,BOEING CO,09G725,0.13,0.30000001,0.5,5,0.75,74.440002,0.225204415341138,0.047499999,13.159997
2006-09-07,BOEING CO,09G725,0.1283333333333333,0.30000001,0.5,5,0.75,72.870003,0.2260889661294112,0.047400001,13.159997
2006-09-08,BOEING CO,09G725,0.1280769230769231,0.30000001,0.5,5,0.75,72.800003,0.2260935080879783,0.0471,13.159997
2006-09-11,BOEING CO,09G725,0.1276923076923077,0.30000001,0.5,5,0.75,73.82,0.2261726301660987,0.047400001,13.159997
2006-09-12,BOEING CO,09G725,0.1271428571428571,0.30000001,0.5,5,0.75,74.260002,0.2261871558639761,0.0471,13.159997
2006-09-13,BOEING CO,09G725,0.1257142857142857,0.30000001,0.5,5,0.75,76.32,0.2277733538005054,0.046999998,13.159997
2006-09-14,BOEING CO,09G725,0.1248214285714285,0.30000001,0.5,5,0.75,75.010002,0.2276555424953374,0.047400001,13.159997
2006-09-15,BOEING CO,09G725,0.1244642857142857,0.30000001,0.5,5,0.75,75.010002,0.2272664707579734,0.047600001,13.159997
2006-09-18,BOEING CO,09G725,0.1233266666666667,0.30000001,0.5,5,0.75,75.209999,0.227218968771487,0.047699999,13.159997
2006-09-19,BOEING CO,09G725,0.1245766666666667,0.30000001,0.5,5,0.75,74.870003,0.2269872074820621,0.0469,13.159997
2006-09-20,BOEING CO,09G725,0.1259259088932384,0.30000001,0.5,5,0.75,76.190002,0.2273440292826096,0.046999998,13.159997
2006-09-21,BOEING CO,09G725,0.1315404164854686,0.30000001,0.5,5,0.75,76.110001,0.2266927456592955,0.046,13.159997
2006-09-22,BOEING CO,09G725,0.1322803569875445,0.30000001,0.5,5,0.75,77.25,0.2271238325619279,0.045499999,13.159997
2006-09-25,BOEING CO,09G725,0.1339166666666667,0.30000001,0.5,5,0.75,77.709999,0.2269530909560407,0.0451,13.159997
2006-09-26,BOEING CO,09G725,0.1326153846153846,0.30000001,0.5,5,0.75,79.0,0.2263887112219532,0.045499999,13.159997
2006-09-27,BOEING CO,09G725,0.1315,0.30000001,0.5,5,0.75,79.410004,0.224659476551766,0.045600001,13.159997
2006-09-28,BOEING CO,09G725,0.1326666666666667,0.30000001,0.5,5,0.75,79.279999,0.2244878604821204,0.045699999,13.159997
2006-09-29,BOEING CO,09G725,0.131,0.30000001,0.5,5,0.75,78.849998,0.2245751045021917,0.045899998,13.159997
2006-10-02,BOEING CO,09G725,0.1369230769230769,0.30000001,0.5,5,0.75,79.970001,0.224787417568162,0.045600001,13.159997
2006-10-03,BOEING CO,09G725,0.13915375,0.30000001,0.5,5,0.75,81.779999,0.2254798879422398,0.045600001,13.159997
2006-10-04,BOEING CO,09G725,0.1387032142857143,0.30000001,0.5,5,0.75,83.959999,0.2266686739068286,0.045000002,13.159997
2006-10-05,BOEING CO,09G725,0.1379889285714286,0.30000001,0.5,5,0.75,83.620003,0.2262775292588446,0.045499999,13.159997
2006-10-06,BOEING CO,09G725,0.1363896666666666,0.30000001,0.5,5,0.75,83.68,0.225949693149691,0.046399999,13.159997
2006-10-09,BOEING CO,09G725,0.1362563333333333,0.30000001,0.5,5,0.75,82.650002,0.2261107430071911,0.046399999,13.159997
2006-10-10,BOEING CO,09G725,0.136923,0.30000001,0.5,5,0.75,82.129997,0.2260846485348824,0.0471,13.159997
2006-10-11,BOEING CO,09G725,0.134323,0.30000001,0.5,5,0.75,81.639999,0.2254242338776458,0.047499999,13.159997
2006-10-12,BOEING CO,09G725,0.131792115557744,0.30000001,0.5,5,0.75,83.639999,0.2262593052335977,0.047400001,13.159997
2006-10-13,BOEING CO,09G725,0.1300998078654362,0.30000001,0.5,5,0.75,82.389999,0.2260965822936663,0.047699999,13.159997
2006-10-16,BOEING CO,09G725,0.1291767309423593,0.30000001,0.5,5,0.75,82.660004,0.2256570567009105,0.047600001,13.159997
2006-10-17,BOEING CO,09G725,0.1287151924808208,0.30000001,0.5,5,0.75,82.290001,0.2256723776194106,0.0473,13.159997
2006-10-18,BOEING CO,09G725,0.1258947916825612,0.30000001,0.5,5,0.75,82.739998,0.225700771309904,0.047400001,13.159997
2006-10-19,BOEING CO,09G725,0.126104964188167,0.30000001,0.5,5,0.75,82.410004,0.2250554598751674,0.047499999,13.159997
2006-10-20,BOEING CO,09G725,0.1258335770093478,0.30000001,0.5,5,0.75,81.739998,0.224629003884213,0.047600001,13.159997
2006-10-23,BOEING CO,09G725,0.1250694584846497,0.30000001,0.5,5,0.75,82.800003,0.2240574552489845,0.048,13.159997
2006-10-24,BOEING CO,09G725,0.1220497083377838,0.30000001,0.5,5,0.75,83.589996,0.2234350068521029,0.048099998,13.159997
2006-10-25,BOEING CO,09G725,0.1219046152290931,0.30000001,0.5,5,0.75,80.860001,0.2258779686316609,0.047499999,13.159997
2006-10-26,BOEING CO,09G725,0.1199967083422343,0.30000001,0.5,5,0.75,79.139999,0.2251285607429494,0.0469,13.159997
2006-10-27,BOEING CO,09G725,0.1135,0.30000001,0.5,5,0.75,79.739998,0.22457563135067,0.046399999,13.159997
2006-10-30,BOEING CO,09G725,0.1094615384615385,0.30000001,0.5,5,0.75,80.220001,0.2233540986209303,0.046399999,13.159997
2006-10-31,BOEING CO,09G725,0.10525,0.30000001,0.5,5,0.75,79.860001,0.2228334947135389,0.045699999,13.229397
2006-11-01,BOEING CO,09G725,0.1026893077997061,0.30000001,0.5,5,0.75,80.059998,0.2227732759027002,0.045200001,12.812066
2006-11-02,BOEING CO,09G725,0.1004154000930786,0.30000001,0.5,5,0.75,79.199997,0.2229933818949872,0.045499999,12.812066
2006-11-03,BOEING CO,09G725,0.0972630001163482,0.30000001,0.5,5,0.75,79.970001,0.2228710172562172,0.046999998,12.812066
2006-11-06,BOEING CO,09G725,0.0941925,0.30000001,0.5,5,0.75,80.480003,0.2228947116021308,0.0469,12.812066
2006-11-07,BOEING CO,09G725,0.0911106152461125,0.30000001,0.5,5,0.75,84.849998,0.2291188838896269,0.046300001,12.812066
2006-11-08,BOEING CO,09G725,0.0932908333619435,0.30000001,0.5,5,0.75,85.449997,0.2291803858111159,0.046100002,12.812066
2006-11-09,BOEING CO,09G725,0.0912068332513173,0.30000001,0.5,5,0.75,85.110001,0.2291661633632781,0.046,12.812066
2006-11-10,BOEING CO,09G725,0.0925058750947316,0.30000001,0.5,5,0.75,85.620003,0.2283122164325148,0.045699999,12.812066
2006-11-13,BOEING CO,09G725,0.0929149165916443,0.30000001,0.5,5,0.75,85.690002,0.227967145221744,0.046,12.812066
2006-11-14,BOEING CO,09G725,0.092331708428065,0.30000001,0.5,5,0.75,85.739998,0.2276355359517122,0.045699999,12.812066
2006-11-15,BOEING CO,09G725,0.0931650417613983,0.30000001,0.5,5,0.75,87.080002,0.227852270366398,0.0462,12.812066
2006-11-16,BOEING CO,09G725,0.093227954344316,0.30000001,0.5,5,0.75,88.709999,0.2284604946319306,0.046700001,12.812066
2006-11-17,BOEING CO,09G725,0.0919199165344238,0.30000001,0.5,5,0.75,89.519997,0.2285880487283618,0.046,12.812066
2006-11-20,BOEING CO,09G725,0.0923057274384932,0.30000001,0.5,5,0.75,89.120003,0.2283655073688174,0.046,12.812066
2006-11-21,BOEING CO,09G725,0.0932153181596236,0.30000001,0.5,5,0.75,91.099998,0.2274292110619595,0.0458,12.812066
2006-11-22,BOEING CO,09G725,0.0923059545863758,0.30000001,0.5,5,0.75,90.099998,0.2277592727620788,0.045699999,12.812066
2006-11-24,BOEING CO,09G725,0.0927578635649248,0.30000001,0.5,5,0.75,89.769997,0.2277806789776126,0.045499999,12.812066
2006-11-27,BOEING CO,09G725,0.0925287918249766,0.30000001,0.5,5,0.75,87.370003,0.2293940642302243,0.045400001,12.812066
2006-11-28,BOEING CO,09G725,0.0941960418224335,0.30000001,0.5,5,0.75,87.940002,0.2293403511396433,0.045000002,12.812066
2006-11-29,BOEING CO,09G725,0.0945335001945496,0.30000001,0.5,5,0.75,88.889999,0.2294601896622453,0.0451,12.812066
2006-11-30,BOEING CO,09G725,0.0945746816288341,0.30000001,0.5,5,0.75,88.529999,0.2290444024817103,0.044500001,12.812066
2006-12-01,BOEING CO,09G725,0.0945743634484031,0.30000001,0.5,5,0.75,89.550003,0.228350763662084,0.043900002,12.812066
2006-12-04,BOEING CO,09G725,0.0950289089029485,0.30000001,0.5,5,0.75,89.580002,0.2283091147522508,0.043900002,12.812066
2006-12-05,BOEING CO,09G725,0.0945743634484031,0.30000001,0.5,5,0.75,90.730003,0.2285585106596569,0.043900002,12.812066
2006-12-06,BOEING CO,09G725,0.092840041475296,0.30000001,0.5,5,0.75,90.830002,0.2285207138401768,0.044399999,12.812066
2006-12-07,BOEING CO,09G725,0.0912800452457775,0.30000001,0.5,5,0.75,90.010002,0.2287511717287612,0.044500001,12.812066
2006-12-08,BOEING CO,09G725,0.0879730497703552,0.30000001,0.5,5,0.75,90.129997,0.2286986838323316,0.045299999,12.812066
2006-12-11,BOEING CO,09G725,0.0922123637008667,0.30000001,0.5,5,0.75,89.779999,0.2286435302812367,0.045000002,12.812066
2006-12-12,BOEING CO,09G725,0.0877263183108243,0.30000001,0.5,5,0.75,90.309998,0.2285962219810434,0.044500001,12.812066
2006-12-13,BOEING CO,09G725,0.0875172274017334,0.30000001,0.5,5,0.75,89.599998,0.2287281939777487,0.045400001,12.812066
2006-12-14,BOEING CO,09G725,0.0870626819471879,0.30000001,0.5,5,0.75,89.93,0.2284709662435197,0.0458,12.812066
2006-12-15,BOEING CO,09G725,0.0860999546744607,0.30000001,0.5,5,0.75,90.699997,0.2283587297726215,0.045699999,12.812066
2006-12-18,BOEING CO,09G725,0.0860090455835516,0.30000001,0.5,5,0.75,89.559998,0.2287653380641783,0.045699999,12.812066
2006-12-19,BOEING CO,09G725,0.0855454092199152,0.30000001,0.5,5,0.75,90.169998,0.2285130272824982,0.045699999,12.812066
2006-12-20,BOEING CO,09G725,0.0906830831686656,0.30000001,0.5,5,0.75,90.099998,0.2283061280159355,0.045699999,12.812066
2006-12-21,BOEING CO,09G725,0.0899564165019989,0.30000001,0.5,5,0.75,89.940002,0.2282446142538619,0.045200001,12.812066
2006-12-22,BOEING CO,09G725,0.0894814165019989,0.30000001,0.5,5,0.75,88.760002,0.2283636549276893,0.045899998,12.812066
2006-12-26,BOEING CO,09G725,0.0894814165019989,0.30000001,0.5,5,0.75,88.790001,0.2283604754087685,0.0458,12.812066
2006-12-27,BOEING CO,09G725,0.089422454365817,0.30000001,0.5,5,0.75,88.879997,0.2279014324030058,0.046399999,12.812066
2006-12-28,BOEING CO,09G725,0.0898797084490458,0.30000001,0.5,5,0.75,89.0,0.2278451275416535,0.0469,12.812066
2006-12-29,BOEING CO,09G725,0.0895434167734782,0.30000001,0.5,5,0.75,88.839996,0.2278535982695394,0.046999998,12.812066
2007-01-03,BOEING CO,09G725,0.0927195001151345,0.30000001,0.5,5,0.75,89.169998,0.2274211296537247,0.046599999,12.812066
2007-01-04,BOEING CO,09G725,0.0914923847697331,0.30000001,0.5,5,0.75,89.529999,0.2274328194177967,0.046100002,12.812066
2007-01-05,BOEING CO,09G725,0.091398730929448,0.30000001,0.5,5,0.75,89.150002,0.2273054935311634,0.046500001,12.812066
2007-01-08,BOEING CO,09G725,0.0902371924679096,0.30000001,0.5,5,0.75,88.940002,0.2269665118453457,0.046599999,12.812066
2007-01-09,BOEING CO,09G725,0.0893757306671143,0.30000001,0.5,5,0.75,88.0,0.2267705127092388,0.046500001,12.812066
2007-01-10,BOEING CO,09G725,0.0873905383095375,0.30000001,0.5,5,0.75,89.269997,0.2269592889236527,0.046799999,12.812066
2007-01-11,BOEING CO,09G725,0.0886698075367854,0.30000001,0.5,5,0.75,88.839996,0.2270103273239252,0.0473,12.812066
2007-01-12,BOEING CO,09G725,0.0876174615859985,0.30000001,0.5,5,0.75,88.129997,0.226799233647764,0.047600001,12.812066
2007-01-16,BOEING CO,09G725,0.0882948846083421,0.30000001,0.5,5,0.75,88.0,0.2267083648863925,0.047400001,12.812066
2007-01-17,BOEING CO,09G725,0.0887773334980011,0.30000001,0.5,5,0.75,88.830002,0.2268231320775853,0.047800001,12.812066
2007-01-18,BOEING CO,09G725,0.0861794999929575,0.30000001,0.5,5,0.75,88.0,0.2267224724154244,0.047499999,12.812066
2007-01-19,BOEING CO,09G725,0.0845833333333333,0.30000001,0.5,5,0.75,88.629997,0.2267106680655106,0.047800001,12.812066
2007-01-22,BOEING CO,09G725,0.0813636363636364,0.30000001,0.5,5,0.75,85.599998,0.229434586299705,0.047699999,12.812066
2007-01-23,BOEING CO,09G725,0.0805454545454545,0.30000001,0.5,5,0.75,87.360001,0.2288171920795215,0.048099998,12.812066
2007-01-24,BOEING CO,09G725,0.08015,0.30000001,0.5,5,0.75,87.599998,0.2287263278665389,0.048099998,12.812066
2007-01-25,BOEING CO,09G725,0.0802968181818182,0.30000001,0.5,5,0.75,86.160004,0.2292541864939252,0.048500001,12.812066
2007-01-26,BOEING CO,09G725,0.081351,0.30000001,0.5,5,0.75,85.43,0.2291317177388859,0.048700001,12.812066
2007-01-29,BOEING CO,09G725,0.0784845454996283,0.30000001,0.5,5,0.75,85.5,0.2276471747914148,0.048900001,12.812066
2007-01-30,BOEING CO,09G725,0.0781941667079926,0.30000001,0.5,5,0.75,86.0,0.227672619949152,0.048599999,12.812066
2007-01-31,BOEING CO,09G725,0.0806407692689162,0.30000001,0.5,5,0.75,89.559998,0.2311429388505964,0.0482,12.812066
2007-02-01,BOEING CO,09G725,0.08048650004647,0.30000001,0.5,5,0.75,91.050003,0.2313609096384428,0.0484,12.812066
2007-02-02,BOEING CO,09G725,0.0791959583759308,0.30000001,0.5,5,0.75,90.050003,0.2267876714534112,0.0482,12.812066
2007-02-05,BOEING CO,09G725,0.0796126250425974,0.30000001,0.5,5,0.75,90.720001,0.2268768653603177,0.048,12.812066
2007-02-06,BOEING CO,09G725,0.0729537916183472,0.30000001,0.5,5,0.75,90.980003,0.2265270055298197,0.047600001,12.812066
2007-02-07,BOEING CO,09G725,0.0721204582850138,0.30000001,0.5,5,0.75,90.349998,0.2265506263477623,0.047400001,12.812066
2007-02-08,BOEING CO,09G725,0.0735950454018333,0.30000001,0.5,5,0.75,89.519997,0.2267366907186642,0.0473,12.812066
2007-02-09,BOEING CO,09G725,0.0732768635836515,0.30000001,0.5,5,0.75,90.0,0.2266956929701177,0.047800001,12.812066
2007-02-12,BOEING CO,09G725,0.0720392082850138,0.30000001,0.5,5,0.75,89.199997,0.2269006174120486,0.048,12.812066
2007-02-13,BOEING CO,09G725,0.0719204582452774,0.30000001,0.5,5,0.75,89.290001,0.2268145869359277,0.048099998,12.812066
2007-02-14,BOEING CO,09G725,0.0731621249119441,0.30000001,0.5,5,0.75,89.940002,0.2267992811567264,0.047200002,12.812066
2007-02-15,BOEING CO,09G725,0.0712950453584844,0.30000001,0.5,5,0.75,91.709999,0.2274480019046905,0.046799999,12.812066
2007-02-16,BOEING CO,09G725,0.0711541362675754,0.30000001,0.5,5,0.75,90.940002,0.227598716759164,0.046799999,12.812066
2007-02-20,BOEING CO,09G725,0.0696425498943329,0.30000001,0.5,5,0.75,91.029999,0.2275984908759463,0.046700001,12.812066
2007-02-21,BOEING CO,09G725,0.067720499903939,0.30000001,0.5,5,0.75,90.959999,0.227558873714051,0.046799999,12.812066
2007-02-22,BOEING CO,09G725,0.0693350383802561,0.30000001,0.5,5,0.75,90.580002,0.2276186564441927,0.047200002,12.812066
2007-02-23,BOEING CO,09G725,0.0689996249119441,0.30000001,0.5,5,0.75,90.279999,0.2269919137253295,0.046700001,12.812066
2007-02-26,BOEING CO,09G725,0.0669284583965937,0.30000001,0.5,5,0.75,88.93,0.2274247531805971,0.0462,12.812066
2007-02-27,BOEING CO,09G725,0.0677605417299271,0.30000001,0.5,5,0.75,87.199997,0.2282842955340404,0.044599999,12.812066
2007-02-28,BOEING CO,09G725,0.0685369546144659,0.30000001,0.5,5,0.75,87.260002,0.2282616371718893,0.045200001,12.835993
2007-03-01,BOEING CO,09G725,0.0676396818871932,0.30000001,0.5,5,0.75,87.849998,0.2274328926101759,0.045000002,12.084661
2007-03-02,BOEING CO,09G725,0.0717360455235568,0.30000001,0.5,5,0.75,87.029999,0.2276468973334757,0.044599999,12.084661
2007-03-05,BOEING CO,09G725,0.0746646818871931,0.30000001,0.5,5,0.75,87.019997,0.2276306045654451,0.044500001,12.084661
2007-03-06,BOEING CO,09G725,0.0782826665019989,0.30000001,0.5,5,0.75,87.82,0.2276670125380107,0.044799998,12.084661
2007-03-07,BOEING CO,09G725,0.0805428182272478,0.30000001,0.5,5,0.75,88.709999,0.2275761707796347,0.044500001,12.084661
2007-03-08,BOEING CO,09G725,0.0784789545319297,0.30000001,0.5,5,0.75,88.889999,0.2274888014072435,0.044500001,12.084661
2007-03-09,BOEING CO,09G725,0.0788262000560761,0.30000001,0.5,5,0.75,89.510002,0.2275003241301644,0.045499999,12.084661
2007-03-12,BOEING CO,09G725,0.0778290501117706,0.30000001,0.5,5,0.75,91.199997,0.2278912588125138,0.045000002,12.084661
2007-03-13,BOEING CO,09G725,0.0813311498641968,0.30000001,0.5,5,0.75,89.449997,0.228406936366967,0.044100001,12.084661
2007-03-14,BOEING CO,09G725,0.0811292000770569,0.30000001,0.5,5,0.75,89.980003,0.2284628265343205,0.044399999,12.084661
2007-03-15,BOEING CO,09G725,0.0796260500907898,0.30000001,0.5,5,0.75,91.040001,0.2286064817541355,0.044599999,12.084661
2007-03-16,BOEING CO,09G725,0.0836309500694275,0.30000001,0.5,5,0.75,90.0,0.2288267328319304,0.0447,12.084661
2007-03-19,BOEING CO,09G725,0.0860281364267523,0.30000001,0.5,5,0.75,90.32,0.22869724221724,0.045000002,12.084661
2007-03-20,BOEING CO,09G725,0.092007416715622,0.30000001,0.5,5,0.75,90.160004,0.2282897801597173,0.0447,12.084661
2007-03-21,BOEING CO,09G725,0.0891857143729074,0.30000001,0.5,5,0.75,90.800003,0.2283512223577921,0.044300001,12.084661
2007-03-22,BOEING CO,09G725,0.0915504666697184,0.30000001,0.5,5,0.75,90.57,0.2283746193922781,0.0449,12.084661
2007-03-23,BOEING CO,09G725,0.0938195667953491,0.30000001,0.5,5,0.75,90.980003,0.2283750291499397,0.045200001,12.084661
2007-03-26,BOEING CO,09G725,0.0954606331863403,0.30000001,0.5,5,0.75,90.830002,0.2281785017245309,0.044799998,12.084661
2007-03-27,BOEING CO,09G725,0.0989380453283137,0.30000001,0.5,5,0.75,90.519997,0.2279986902526809,0.045000002,12.084661
2007-03-28,BOEING CO,09G725,0.099250999918851,0.30000001,0.5,5,0.75,89.449997,0.2282887114392062,0.045000002,12.084661
2007-03-29,BOEING CO,09G725,0.0979191816329956,0.30000001,0.5,5,0.75,89.760002,0.2279935563885196,0.045299999,12.084661
2007-03-30,BOEING CO,09G725,0.10134844990921,0.30000001,0.5,5,0.75,88.910004,0.2272574119536762,0.045400001,12.087004
2007-04-02,BOEING CO,09G725,0.0971306818043102,0.30000001,0.5,5,0.75,88.830002,0.2270328374820773,0.045400001,12.087004
2007-04-03,BOEING CO,09G725,0.100846650108337,0.30000001,0.5,5,0.75,89.900002,0.2272111910422631,0.045600001,12.087004
2007-04-04,BOEING CO,09G725,0.103989944487678,0.30000001,0.5,5,0.75,90.269997,0.2272358999770716,0.045499999,12.087004
2007-04-05,BOEING CO,09G725,0.10383427288749,0.30000001,0.5,5,0.75,90.5,0.2271396635841901,0.045699999,12.087004
2007-04-09,BOEING CO,09G725,0.102975181978399,0.30000001,0.5,5,0.75,90.029999,0.2271426787497857,0.046599999,12.087004
2007-04-10,BOEING CO,09G725,0.0983295769647452,0.30000001,0.5,5,0.75,90.839996,0.2271423902907357,0.046300001,12.087004
2007-04-11,BOEING CO,09G725,0.0987781501960755,0.30000001,0.5,5,0.75,89.970001,0.2273433435336345,0.046599999,12.087004
2007-04-12,BOEING CO,09G725,0.100795000034332,0.30000001,0.5,5,0.75,90.849998,0.2270495683937829,0.046599999,12.087004
2007-04-13,BOEING CO,09G725,0.100877444432576,0.30000001,0.5,5,0.75,91.029999,0.2270285893867335,0.046799999,12.087004
2007-04-16,BOEING CO,09G725,0.101484999974569,0.30000001,0.5,5,0.75,90.309998,0.2248842212160772,0.046700001,12.087004
2007-04-17,BOEING CO,09G725,0.103720722262065,0.30000001,0.5,5,0.75,90.449997,0.2248534933809578,0.046100002,12.087004
2007-04-18,BOEING CO,09G725,0.100343549785614,0.30000001,0.5,5,0.75,93.879997,0.2278129247219068,0.045600001,12.087004
2007-04-19,BOEING CO,09G725,0.0975399374961853,0.30000001,0.5,5,0.75,92.989998,0.2277776285981263,0.045699999,12.087004
2007-04-20,BOEING CO,09G725,0.0940957498550415,0.30000001,0.5,5,0.75,93.290001,0.2269646039180259,0.045699999,12.087004
2007-04-23,BOEING CO,09G725,0.0980851109822591,0.30000001,0.5,5,0.75,93.639999,0.2269119315418025,0.045499999,12.087004
2007-04-24,BOEING CO,09G725,0.0957059998945757,0.30000001,0.5,5,0.75,93.669998,0.2266568932282413,0.0451,12.087004
2007-04-25,BOEING CO,09G725,0.0945,0.30000001,0.5,5,0.75,94.690002,0.226846301630159,0.045499999,12.087004
2007-04-26,BOEING CO,09G725,0.0954764999042858,0.30000001,0.5,5,0.75,94.260002,0.2265831471281622,0.045899998,12.087004
2007-04-27,BOEING CO,09G725,0.0920258498191833,0.30000001,0.5,5,0.75,94.019997,0.2265861760957525,0.045899998,12.087004
2007-04-30,BOEING CO,09G725,0.0985258498191834,0.30000001,0.5,5,0.75,93.0,0.2266500319679247,0.0451,12.113269
2007-05-01,BOEING CO,09G725,0.0980267000198364,0.30000001,0.5,5,0.75,93.230003,0.2265054788369198,0.045400001,11.108698
2007-05-02,BOEING CO,09G725,0.0957544090964577,0.30000001,0.5,5,0.75,93.830002,0.2265402054466177,0.045499999,11.108698
2007-05-03,BOEING CO,09G725,0.0950988180680709,0.30000001,0.5,5,0.75,93.849998,0.225902513572045,0.045899998,11.108698
2007-05-04,BOEING CO,09G725,0.094615583229065,0.30000001,0.5,5,0.75,93.610001,0.2258483778261641,0.045499999,11.108698
2007-05-07,BOEING CO,09G725,0.0963533635226163,0.30000001,0.5,5,0.75,94.559998,0.2258967675130292,0.045499999,11.108698
2007-05-08,BOEING CO,09G725,0.0964909090909091,0.30000001,0.5,5,0.75,94.209999,0.2249843130838232,0.045400001,11.108698
2007-05-09,BOEING CO,09G725,0.0978839543949474,0.30000001,0.5,5,0.75,94.080002,0.224751931061585,0.0458,11.108698
2007-05-10,BOEING CO,09G725,0.0971059998945756,0.30000001,0.5,5,0.75,92.800003,0.2251515529908665,0.045600001,11.108698
2007-05-11,BOEING CO,09G725,0.0965787271673029,0.30000001,0.5,5,0.75,93.400002,0.2248079131234397,0.0458,11.108698
2007-05-14,BOEING CO,09G725,0.0969869090513749,0.30000001,0.5,5,0.75,93.559998,0.224647419136861,0.046100002,11.108698
2007-05-15,BOEING CO,09G725,0.09474827263572,0.30000001,0.5,5,0.75,94.339996,0.2243465769451302,0.046300001,11.108698
2007-05-16,BOEING CO,09G725,0.0969939000320434,0.30000001,0.5,5,0.75,95.339996,0.2241513818450384,0.0462,11.108698
2007-05-17,BOEING CO,09G725,0.10025133313073,0.30000001,0.5,5,0.75,96.790001,0.2245579594408304,0.046799999,11.108698
2007-05-18,BOEING CO,09G725,0.096055050163269,0.30000001,0.5,5,0.75,96.629997,0.2223958038478128,0.047400001,11.108698
2007-05-21,BOEING CO,09G725,0.0946367000198364,0.30000001,0.5,5,0.75,96.900002,0.2220133475265964,0.0471,11.108698
2007-05-22,BOEING CO,09G725,0.0965302500724792,0.30000001,0.5,5,0.75,96.480003,0.2209751786713924,0.047600001,11.108698
2007-05-23,BOEING CO,09G725,0.0975287499427795,0.30000001,0.5,5,0.75,95.57,0.2208572208579966,0.047899999,11.108698
2007-05-24,BOEING CO,09G725,0.0950261001586914,0.30000001,0.5,5,0.75,97.419998,0.2215368358048278,0.047899999,11.108698
2007-05-25,BOEING CO,09G725,0.099031849861145,0.30000001,0.5,5,0.75,98.25,0.2191467665265077,0.048,11.108698
2007-05-29,BOEING CO,09G725,0.0985285000801086,0.30000001,0.5,5,0.75,98.5,0.2190550208899829,0.0482,11.108698
2007-05-30,BOEING CO,09G725,0.0990296998023987,0.30000001,0.5,5,0.75,100.55,0.2199029574729505,0.048300002,11.108698
2007-05-31,BOEING CO,09G725,0.101847272786227,0.30000001,0.5,5,0.75,100.59,0.2192163171189906,0.048599999,11.108698
2007-06-01,BOEING CO,09G725,0.101390909281644,0.30000001,0.5,5,0.75,99.830002,0.2190101342966099,0.049199998,11.108698
2007-06-04,BOEING CO,09G725,0.10139290896329,0.30000001,0.5,5,0.75,99.980003,0.2189774190074409,0.0491,11.108698
2007-06-05,BOEING CO,09G725,0.104576090899381,0.30000001,0.5,5,0.75,99.5,0.2190477718830541,0.049600001,11.108698
2007-06-06,BOEING CO,09G725,0.101693833271662,0.30000001,0.5,5,0.75,98.290001,0.2184465704875397,0.049400002,11.108698
2007-06-07,BOEING CO,09G725,0.10127787510554,0.30000001,0.5,5,0.75,96.839996,0.2181881524074224,0.050500002,11.108698
2007-06-08,BOEING CO,09G725,0.102533041636149,0.30000001,0.5,5,0.75,98.190002,0.218386882753042,0.0506,11.108698
2007-06-11,BOEING CO,09G725,0.102310818325389,0.30000001,0.5,5,0.75,97.550003,0.2184724637329711,0.050700001,11.108698
2007-06-12,BOEING CO,09G725,0.103218272816051,0.30000001,0.5,5,0.75,96.480003,0.218593244396891,0.051800001,11.108698
2007-06-13,BOEING CO,09G725,0.103056454658508,0.30000001,0.5,5,0.75,98.470001,0.2168951650624941,0.0513,11.108698
2007-06-14,BOEING CO,09G725,0.102764318206094,0.30000001,0.5,5,0.75,98.970001,0.2165605733327266,0.051600002,11.108698
2007-06-15,BOEING CO,09G725,0.103218272816051,0.30000001,0.5,5,0.75,98.150002,0.206946941167767,0.050999999,11.108698
2007-06-18,BOEING CO,09G725,0.10854045009613,0.30000001,0.5,5,0.75,97.400002,0.2043994420595567,0.050700001,11.108698
2007-06-19,BOEING CO,09G725,0.10776018186049,0.30000001,0.5,5,0.75,96.919998,0.2043205137536233,0.050000001,11.108698
2007-06-20,BOEING CO,09G725,0.112247375126521,0.30000001,0.5,5,0.75,96.080002,0.2042998533012185,0.050500002,11.108698
2007-06-21,BOEING CO,09G725,0.115986541793187,0.30000001,0.5,5,0.75,97.199997,0.2045966524353297,0.0506,11.108698
2007-06-22,BOEING CO,09G725,0.116902166491191,0.30000001,0.5,5,0.75,95.919998,0.2047573844215045,0.0502,11.108698
2007-06-25,BOEING CO,09G725,0.122836333161036,0.30000001,0.5,5,0.75,95.57,0.2036708805436068,0.049699999,11.108698
2007-06-26,BOEING CO,09G725,0.123789000066121,0.30000001,0.5,5,0.75,94.980003,0.2036029058104917,0.049899999,11.108698
2007-06-27,BOEING CO,09G725,0.125578333333333,0.30000001,0.5,5,0.75,94.650002,0.2035733213986247,0.049699999,11.108698
2007-06-28,BOEING CO,09G725,0.1244973635136,0.30000001,0.5,5,0.75,95.160004,0.2022002296568128,0.0502,11.108698
2007-06-29,BOEING CO,09G725,0.124878038500272,0.30000001,0.5,5,0.75,96.160004,0.2022808423993971,0.049199998,11.108698
2007-07-02,BOEING CO,09G725,0.125036590957642,0.30000001,0.5,5,0.75,96.769997,0.2023261329559863,0.048999999,11.108698
2007-07-03,BOEING CO,09G725,0.124590090838346,0.30000001,0.5,5,0.75,97.650002,0.2020170275756166,0.0495,11.108698
2007-07-05,BOEING CO,09G725,0.125379666614532,0.30000001,0.5,5,0.75,98.360001,0.2019471965210296,0.050500002,11.108698
2007-07-06,BOEING CO,09G725,0.127352999808572,0.30000001,0.5,5,0.75,98.879997,0.2014465789283274,0.050999999,11.108698
2007-07-09,BOEING CO,09G725,0.126628454589844,0.30000001,0.5,5,0.75,99.900002,0.2015419823977556,0.050700001,11.108698
2007-07-10,BOEING CO,09G725,0.129689277712504,0.30000001,0.5,5,0.75,100.25,0.2012471476237902,0.0493,11.108698
2007-07-11,BOEING CO,09G725,0.1383,0.30000001,0.5,5,0.75,100.12,0.2012304357870223,0.049800001,11.108698
2007-07-12,BOEING CO,09G725,0.140787916437785,0.30000001,0.5,5,0.75,100.78,0.2007519849768744,0.050299998,11.108698
2007-07-13,BOEING CO,09G725,0.140150500222222,0.30000001,0.5,5,0.75,101.88,0.2007613066856894,0.050099999,11.108698
2007-07-16,BOEING CO,09G725,0.13716185663375,0.30000001,0.5,5,0.75,102.07,0.1999929897639352,0.0495,11.108698
2007-07-17,BOEING CO,09G725,0.138457483202061,0.30000001,0.5,5,0.75,102.05,0.197635250888112,0.049800001,11.108698
2007-07-18,BOEING CO,09G725,0.141426422725022,0.30000001,0.5,5,0.75,101.82,0.1965626309317117,0.0491,11.108698
2007-07-19,BOEING CO,09G725,0.139688074794878,0.30000001,0.5,5,0.75,102.48,0.196628524297708,0.049400002,11.108698
2007-07-20,BOEING CO,09G725,0.144144875951078,0.30000001,0.5,5,0.75,103.86,0.193245479649607,0.048500001,11.108698
2007-07-23,BOEING CO,09G725,0.146191499970176,0.30000001,0.5,5,0.75,104.04,0.1921467172970268,0.048599999,11.108698
2007-07-24,BOEING CO,09G725,0.147050541639328,0.30000001,0.5,5,0.75,103.8,0.1910080924507006,0.0482,11.108698
2007-07-25,BOEING CO,09G725,0.151754300117493,0.30000001,0.5,5,0.75,107.23,0.1915175894973403,0.048,11.108698
2007-07-26,BOEING CO,09G725,0.157244545454545,0.30000001,0.5,5,0.75,103.7,0.1926001479981223,0.046100002,11.108698
2007-07-27,BOEING CO,09G725,0.163939333333333,0.30000001,0.5,5,0.75,103.71,0.1867445612985005,0.046,11.108698
2007-07-30,BOEING CO,09G725,0.164023081757576,0.30000001,0.5,5,0.75,105.54,0.186770470645051,0.046399999,11.108698
2007-07-31,BOEING CO,09G725,0.164181069179487,0.30000001,0.5,5,0.75,103.43,0.1879741172212757,0.046,11.160988
2007-08-01,BOEING CO,09G725,0.181585714285714,0.30000001,0.5,5,0.75,104.53,0.187123404005943,0.046,11.043597
2007-08-02,BOEING CO,09G725,0.178081954886697,0.30000001,0.5,5,0.75,105.93,0.1873266567170998,0.0462,11.043597
2007-08-03,BOEING CO,09G725,0.177287307651226,0.30000001,0.5,5,0.75,104.24,0.1880670355529704,0.045200001,11.043597
2007-08-06,BOEING CO,09G725,0.17672,0.30000001,0.5,5,0.75,104.34,0.18786483051716,0.045200001,11.043597
2007-08-07,BOEING CO,09G725,0.174683906412125,0.30000001,0.5,5,0.75,103.22,0.1882433956543043,0.046,11.043597
2007-08-08,BOEING CO,09G725,0.160244100055695,0.30000001,0.5,5,0.75,102.72,0.1882492635024757,0.0469,11.043597
2007-08-09,BOEING CO,09G725,0.158713251358576,0.30000001,0.5,5,0.75,98.300003,0.1922048670144731,0.0458,11.043597
2007-08-10,BOEING CO,09G725,0.161876790343692,0.30000001,0.5,5,0.75,98.440002,0.191949542960574,0.045899998,11.043597
2007-08-13,BOEING CO,09G725,0.162320285131363,0.30000001,0.5,5,0.75,100.05,0.1920726580768303,0.045699999,11.043597
2007-08-14,BOEING CO,09G725,0.173158470987792,0.30000001,0.5,5,0.75,97.629997,0.1936959051054417,0.0451,11.043597
2007-08-15,BOEING CO,09G725,0.172758429514716,0.30000001,0.5,5,0.75,95.510002,0.1948484478953454,0.044100001,11.043597
2007-08-16,BOEING CO,09G725,0.170863687141552,0.30000001,0.5,5,0.75,92.739998,0.1965890500439373,0.042599998,11.043597
2007-08-17,BOEING CO,09G725,0.170945374304067,0.30000001,0.5,5,0.75,95.93,0.1973816254720372,0.043499999,11.043597
2007-08-20,BOEING CO,09G725,0.168747760432972,0.30000001,0.5,5,0.75,97.209999,0.1977329273086018,0.043200001,11.043597
2007-08-21,BOEING CO,09G725,0.181563555230035,0.30000001,0.5,5,0.75,96.949997,0.1973156681063353,0.0427,11.043597
2007-08-22,BOEING CO,09G725,0.167757950592041,0.30000001,0.5,5,0.75,97.989998,0.1970691307145598,0.043400001,11.043597
2007-08-23,BOEING CO,09G725,0.162950300102234,0.30000001,0.5,5,0.75,96.739998,0.1975302458926268,0.0436,11.043597
2007-08-24,BOEING CO,09G725,0.178082642176601,0.30000001,0.5,5,0.75,98.470001,0.1980528175186515,0.044199999,11.043597
2007-08-27,BOEING CO,09G725,0.17797948620871,0.30000001,0.5,5,0.75,98.540001,0.1974173838971392,0.043900002,11.043597
2007-08-28,BOEING CO,09G725,0.182866666666667,0.30000001,0.5,5,0.75,95.650002,0.1988988736264777,0.0425,11.043597
2007-08-29,BOEING CO,09G725,0.172636463824681,0.30000001,0.5,5,0.75,96.900002,0.1990278754990507,0.043099999,11.043597
2007-08-30,BOEING CO,09G725,0.172720079485366,0.30000001,0.5,5,0.75,96.849998,0.198557220113898,0.042100001,11.043597
2007-08-31,BOEING CO,09G725,0.176445579889723,0.30000001,0.5,5,0.75,96.699997,0.1979562727650555,0.0425,11.043597
2007-09-04,BOEING CO,09G725,0.183836979464003,0.30000001,0.5,5,0.75,95.919998,0.1981507740343069,0.042599998,11.043597
2007-09-05,BOEING CO,09G725,0.181667191551881,0.30000001,0.5,5,0.75,95.839996,0.1980697142966951,0.0416,11.043597
2007-09-06,BOEING CO,09G725,0.187434666665395,0.30000001,0.5,5,0.75,96.199997,0.1980775803176918,0.041999999,11.043597
2007-09-07,BOEING CO,09G725,0.193264250030518,0.30000001,0.5,5,0.75,94.839996,0.1982148334612911,0.0403,11.043597
2007-09-10,BOEING CO,09G725,0.193927083333333,0.30000001,0.5,5,0.75,95.330002,0.1969993140657138,0.039999999,11.043597
2007-09-11,BOEING CO,09G725,0.193530233357747,0.30000001,0.5,5,0.75,97.440002,0.1980980961773148,0.0407,11.043597
2007-09-12,BOEING CO,09G725,0.199901504196953,0.30000001,0.5,5,0.75,98.32,0.197840846676447,0.041099999,11.043597
2007-09-13,BOEING CO,09G725,0.191048587398821,0.30000001,0.5,5,0.75,98.949997,0.1978527591757631,0.042199999,11.043597
2007-09-14,BOEING CO,09G725,0.189707399749756,0.30000001,0.5,5,0.75,99.349998,0.1960825765758927,0.0418,11.043597
2007-09-17,BOEING CO,09G725,0.187773091160167,0.30000001,0.5,5,0.75,98.639999,0.1953947094507684,0.042100001,11.043597
2007-09-18,BOEING CO,09G725,0.167651456805136,0.30000001,0.5,5,0.75,98.472801,0.1954122920879182,0.041900001,11.043597
2007-09-19,BOEING CO,09G725,0.165204615402222,0.30000001,0.5,5,0.75,100.02,0.1959462259252706,0.041999999,11.043597
2007-09-20,BOEING CO,09G725,0.16645839957541,0.30000001,0.5,5,0.75,101.25,0.1961704357238654,0.043499999,11.043597
2007-09-21,BOEING CO,09G725,0.169662943892772,0.30000001,0.5,5,0.75,102.59,0.1958547151957654,0.043099999,11.043597
2007-09-24,BOEING CO,09G725,0.172089312016698,0.30000001,0.5,5,0.75,103.05,0.1958661251511922,0.043099999,11.043597
2007-09-25,BOEING CO,09G725,0.177746749839783,0.30000001,0.5,5,0.75,104.93,0.1961239887906199,0.042599998,11.043597
2007-09-26,BOEING CO,09G725,0.185193078933221,0.30000001,0.5,5,0.75,104.45,0.196157851445306,0.0427,11.043597
2007-09-27,BOEING CO,09G725,0.189839020665474,0.30000001,0.5,5,0.75,105.46,0.1957389068686232,0.042199999,11.043597
2007-09-28,BOEING CO,09G725,0.193996147293501,0.30000001,0.5,5,0.75,104.99,0.1957826173916762,0.042300001,11.043597
2007-10-01,BOEING CO,09G725,0.192377790138036,0.30000001,0.5,5,0.75,106.65,0.1963056608946153,0.042399999,11.043597
2007-10-02,BOEING CO,09G725,0.194568366720725,0.30000001,0.5,5,0.75,105.93,0.1963534423420988,0.041999999,11.043597
2007-10-03,BOEING CO,09G725,0.186795591180975,0.30000001,0.5,5,0.75,104.72,0.1963314212509279,0.042399999,11.043597
2007-10-04,BOEING CO,09G725,0.182751954685558,0.30000001,0.5,5,0.75,104.5,0.1951733561920113,0.042199999,11.043597
2007-10-05,BOEING CO,09G725,0.184170772864602,0.30000001,0.5,5,0.75,102.25,0.1947804680585778,0.043299999,11.043597
2007-10-08,BOEING CO,09G725,0.183770681901412,0.30000001,0.5,5,0.75,101.07,0.1951128785416766,0.043299999,11.043597
2007-10-09,BOEING CO,09G725,0.185442736787906,0.30000001,0.5,5,0.75,101.45,0.195134755011757,0.0438,11.043597
2007-10-10,BOEING CO,09G725,0.179793385229988,0.30000001,0.5,5,0.75,98.68,0.1967166701186597,0.043699998,11.043597
2007-10-11,BOEING CO,09G725,0.183669677458687,0.30000001,0.5,5,0.75,96.260002,0.1982130144047024,0.0436,11.043597
2007-10-12,BOEING CO,09G725,0.184069278785342,0.30000001,0.5,5,0.75,96.690002,0.1981332081502596,0.044199999,11.043597
2007-10-15,BOEING CO,09G725,0.182935400161743,0.30000001,0.5,5,0.75,94.830002,0.197702790965643,0.044,11.043597
2007-10-16,BOEING CO,09G725,0.192653181257013,0.30000001,0.5,5,0.75,95.940002,0.1973942206558896,0.043400001,11.043597
2007-10-17,BOEING CO,09G725,0.196920580247774,0.30000001,0.5,5,0.75,95.589996,0.1974250262506729,0.042199999,11.043597
2007-10-18,BOEING CO,09G725,0.202743082964172,0.30000001,0.5,5,0.75,96.940002,0.1978138210644924,0.041700002,11.043597
2007-10-19,BOEING CO,09G725,0.203242200770109,0.30000001,0.5,5,0.75,93.900002,0.2003420374698256,0.0403,11.043597
2007-10-22,BOEING CO,09G725,0.209420315939928,0.30000001,0.5,5,0.75,94.93,0.2005562794159924,0.040800001,11.043597
2007-10-23,BOEING CO,09G725,0.211194848619246,0.30000001,0.5,5,0.75,94.949997,0.2003613313961635,0.040600002,11.043597
2007-10-24,BOEING CO,09G725,0.216153331279354,0.30000001,0.5,5,0.75,94.260002,0.2001396632918589,0.039900001,11.043597
2007-10-25,BOEING CO,09G725,0.216698254905574,0.30000001,0.5,5,0.75,96.0,0.2007392228811877,0.040100001,11.043597
2007-10-26,BOEING CO,09G725,0.216750528395786,0.30000001,0.5,5,0.75,96.019997,0.1979302514051724,0.040399998,11.043597
2007-10-29,BOEING CO,09G725,0.217691684319769,0.30000001,0.5,5,0.75,96.989998,0.1969023349866182,0.040399998,11.043597
2007-10-30,BOEING CO,09G725,0.213944142415319,0.30000001,0.5,5,0.75,97.330002,0.1968068351980119,0.040600002,11.043597
2007-10-31,BOEING CO,09G725,0.212461720402012,0.30000001,0.5,5,0.75,98.589996,0.1971112447274851,0.0416,11.166834
2007-11-01,BOEING CO,09G725,0.210637947451406,0.30000001,0.5,5,0.75,96.599998,0.1981655301481508,0.040199999,11.070067
2007-11-02,BOEING CO,09G725,0.212078850746155,0.30000001,0.5,5,0.75,97.760002,0.1984726283048548,0.039299998,11.070067
2007-11-05,BOEING CO,09G725,0.229749318001487,0.30000001,0.5,5,0.75,97.970001,0.1981294779329073,0.0396,11.070067
2007-11-06,BOEING CO,09G725,0.221983699531555,0.30000001,0.5,5,0.75,97.699997,0.1979694928437538,0.039900001,11.070067
2007-11-07,BOEING CO,09G725,0.222810933558146,0.30000001,0.5,5,0.75,96.889999,0.1979731172940606,0.0392,11.070067
2007-11-08,BOEING CO,09G725,0.224814538398156,0.30000001,0.5,5,0.75,96.279999,0.1907013532186717,0.0381,11.070067
2007-11-09,BOEING CO,09G725,0.226951499733558,0.30000001,0.5,5,0.75,94.209999,0.1917149425739455,0.037700001,11.070067
2007-11-12,BOEING CO,09G725,0.226730769260113,0.30000001,0.5,5,0.75,92.860001,0.1922349563569836,0.037700001,11.070067
2007-11-13,BOEING CO,09G725,0.224153208510081,0.30000001,0.5,5,0.75,93.699997,0.1923487309838749,0.038400002,11.070067
2007-11-14,BOEING CO,09G725,0.227929750442505,0.30000001,0.5,5,0.75,92.790001,0.1926172300410035,0.038600001,11.070067
2007-11-15,BOEING CO,09G725,0.231515549659729,0.30000001,0.5,5,0.75,91.339996,0.1932843740544875,0.037099998,11.070067
2007-11-16,BOEING CO,09G725,0.233740692578829,0.30000001,0.5,5,0.75,89.989998,0.1932671393082636,0.036800001,11.070067
2007-11-19,BOEING CO,09G725,0.235247282853625,0.30000001,0.5,5,0.75,88.269997,0.1933412008780693,0.035700001,11.070067
2007-11-20,BOEING CO,09G725,0.24151759408579,0.30000001,0.5,5,0.75,87.860001,0.1931866905469682,0.0352,11.070067
2007-11-21,BOEING CO,09G725,0.248171700248718,0.30000001,0.5,5,0.75,87.410004,0.1932021358233034,0.034000002,11.070067
2007-11-23,BOEING CO,09G725,0.252247363628041,0.30000001,0.5,5,0.75,89.540001,0.193466523802282,0.034200002,11.070067
2007-11-26,BOEING CO,09G725,0.253544416427612,0.30000001,0.5,5,0.75,89.93,0.1931952710236916,0.032299999,11.070067
2007-11-27,BOEING CO,09G725,0.244421392849138,0.30000001,0.5,5,0.75,91.730003,0.1941802685537003,0.033799998,11.070067
2007-11-28,BOEING CO,09G725,0.246313458347321,0.30000001,0.5,5,0.75,93.610001,0.1933412349194071,0.035,11.070067
2007-11-29,BOEING CO,09G725,0.249333333333333,0.30000001,0.5,5,0.75,93.209999,0.1932994790923241,0.034200002,11.070067
2007-11-30,BOEING CO,09G725,0.242845625019073,0.30000001,0.5,5,0.75,92.540001,0.1931608527047617,0.0341,11.070067
2007-12-03,BOEING CO,09G725,0.242531592901436,0.30000001,0.5,5,0.75,91.790001,0.1932925435903256,0.0328,11.070067
2007-12-04,BOEING CO,09G725,0.24945844746889,0.30000001,0.5,5,0.75,89.989998,0.1939759753268499,0.0328,11.070067
2007-12-05,BOEING CO,09G725,0.254012272297252,0.30000001,0.5,5,0.75,90.699997,0.1941320250190874,0.0328,11.070067
2007-12-06,BOEING CO,09G725,0.258461598637561,0.30000001,0.5,5,0.75,91.779999,0.1940770716507893,0.0339,11.070067
2007-12-07,BOEING CO,09G725,0.270337621887162,0.30000001,0.5,5,0.75,93.160004,0.1946465585563291,0.035100002,11.070067
2007-12-10,BOEING CO,09G725,0.274090262247696,0.30000001,0.5,5,0.75,92.639999,0.1945103317669178,0.035399999,11.070067
2007-12-11,BOEING CO,09G725,0.27084,0.30000001,0.5,5,0.75,88.699997,0.199145265668613,0.033199999,11.070067
2007-12-12,BOEING CO,09G725,0.305,0.30000001,0.5,5,0.75,86.919998,0.2001185456464164,0.0341,11.070067
2007-12-13,BOEING CO,09G725,0.310222642882189,0.30000001,0.5,5,0.75,88.550003,0.2009141035524057,0.035399999,11.070067
2007-12-14,BOEING CO,09G725,0.310032374145451,0.30000001,0.5,5,0.75,88.419998,0.2007617093504222,0.0363,11.070067
2007-12-17,BOEING CO,09G725,0.306647175688873,0.30000001,0.5,5,0.75,87.400002,0.2010622759102516,0.035700001,11.070067
2007-12-18,BOEING CO,09G725,0.307468013375,0.30000001,0.5,5,0.75,87.169998,0.2008967557222189,0.035300002,11.070067
2007-12-19,BOEING CO,09G725,0.3049744107,0.30000001,0.5,5,0.75,86.620003,0.2005990718593078,0.034600001,11.070067
2007-12-20,BOEING CO,09G725,0.320550744995487,0.30000001,0.5,5,0.75,87.190002,0.200593347070226,0.034499999,11.070067
2007-12-21,BOEING CO,09G725,0.324792103182428,0.30000001,0.5,5,0.75,89.07,0.2017510661663847,0.035799999,11.070067
2007-12-24,BOEING CO,09G725,0.325085962970266,0.30000001,0.5,5,0.75,90.019997,0.2020208669870211,0.036499999,11.070067
2007-12-26,BOEING CO,09G725,0.321345454545455,0.30000001,0.5,5,0.75,90.0,0.2015807691854518,0.0372,11.070067
2007-12-27,BOEING CO,09G725,0.319209090909091,0.30000001,0.5,5,0.75,88.879997,0.2019738505627332,0.036400001,11.070067
2007-12-28,BOEING CO,09G725,0.314588888888889,0.30000001,0.5,5,0.75,88.25,0.2020998251249048,0.0352,11.070067
2007-12-31,BOEING CO,09G725,0.31399245998423,0.30000001,0.5,5,0.75,87.459999,0.2022971238611088,0.034499999,11.070067
2008-01-02,BOEING CO,09G725,0.321579216099122,0.30000001,0.5,5,0.75,86.620003,0.2025159405957857,0.0328,11.070067
2008-01-03,BOEING CO,09G725,0.336986545153871,0.30000001,0.5,5,0.75,86.980003,0.2025268425972098,0.032600001,11.070067
2008-01-04,BOEING CO,09G725,0.357750958912867,0.30000001,0.5,5,0.75,85.82,0.202922934283838,0.031800002,11.070067
2008-01-07,BOEING CO,09G725,0.366201609951949,0.30000001,0.5,5,0.75,82.870003,0.2057541538708667,0.031599998,11.070067
2008-01-08,BOEING CO,09G725,0.364833800430298,0.30000001,0.5,5,0.75,79.910004,0.20878202518918,0.031599998,11.070067
2008-01-09,BOEING CO,09G725,0.410428685454851,0.30000001,0.5,5,0.75,80.300003,0.2085890892683242,0.030999999,11.070067
2008-01-10,BOEING CO,09G725,0.406359100814936,0.30000001,0.5,5,0.75,82.360001,0.2096920776624391,0.031599998,11.070067
2008-01-11,BOEING CO,09G725,0.4026545545984019,0.30000001,0.5,5,0.75,80.519997,0.2108017381962201,0.0306,11.070067
2008-01-14,BOEING CO,09G725,0.409447280651949,0.30000001,0.5,5,0.75,81.669998,0.2111600490859768,0.0308,11.070067
2008-01-15,BOEING CO,09G725,0.43953207154137,0.30000001,0.5,5,0.75,77.860001,0.2161986669443606,0.029999999,11.070067
2008-01-16,BOEING CO,09G725,0.463854775581828,0.30000001,0.5,5,0.75,79.870003,0.2175694405382561,0.029999999,11.070067
2008-01-17,BOEING CO,09G725,0.495661252611987,0.30000001,0.5,5,0.75,79.519997,0.2174149287921307,0.028999999,11.070067
2008-01-18,BOEING CO,09G725,0.504801249980927,0.30000001,0.5,5,0.75,78.400002,0.2177224523246467,0.0286,11.070067
2008-01-22,BOEING CO,09G725,0.547255013667388,0.30000001,0.5,5,0.75,77.599998,0.2152753063629182,0.0264,11.070067
2008-01-23,BOEING CO,09G725,0.5385497334289551,0.30000001,0.5,5,0.75,76.57,0.2146510098428091,0.0264,11.070067
2008-01-24,BOEING CO,09G725,0.514037804525542,0.30000001,0.5,5,0.75,77.620003,0.2150962602827951,0.0285,11.070067
2008-01-25,BOEING CO,09G725,0.498027691326893,0.30000001,0.5,5,0.75,77.029999,0.2146068130118893,0.028100001,11.070067
2008-01-28,BOEING CO,09G725,0.495339872038763,0.30000001,0.5,5,0.75,77.599998,0.2145873700782044,0.028000001,11.070067
2008-01-29,BOEING CO,09G725,0.473959045519842,0.30000001,0.5,5,0.75,80.959999,0.218971157138964,0.0287,11.070067
2008-01-30,BOEING CO,09G725,0.477233064722772,0.30000001,0.5,5,0.75,82.869904,0.2201766728807842,0.0296,11.070067
2008-01-31,BOEING CO,09G725,0.489635522966784,0.30000001,0.5,5,0.75,83.18,0.216265759435779,0.028200001,11.070067
2008-02-01,BOEING CO,09G725,0.491138461538461,0.30000001,0.5,5,0.75,82.760002,0.2156629376180924,0.0275,10.601719
2008-02-04,BOEING CO,09G725,0.461103615394005,0.30000001,0.5,5,0.75,82.900002,0.2154000978298147,0.027799999,10.601719
2008-02-05,BOEING CO,09G725,0.4767692476871631,0.30000001,0.5,5,0.75,81.690002,0.2157388939032379,0.0266,10.601719
2008-02-06,BOEING CO,09G725,0.484683166885376,0.30000001,0.5,5,0.75,79.910004,0.2163476980385881,0.026699999,10.601719
2008-02-07,BOEING CO,09G725,0.495371484387696,0.30000001,0.5,5,0.75,79.75,0.2163355935939356,0.027899999,10.601719
2008-02-08,BOEING CO,09G725,0.530715941755483,0.30000001,0.5,5,0.75,79.330002,0.2162065992378078,0.026900001,10.601719
2008-02-11,BOEING CO,09G725,0.5972068154278319,0.30000001,0.5,5,0.75,81.129997,0.2173667321984264,0.026699999,10.601719
2008-02-12,BOEING CO,09G725,0.6211399310059149,0.30000001,0.5,5,0.75,83.559998,0.2192918599993769,0.027100001,10.601719
2008-02-13,BOEING CO,09G725,0.7017041111419671,0.30000001,0.5,5,0.75,85.480003,0.22051096541234,0.027100001,10.601719
2008-02-14,BOEING CO,09G725,0.697007772894074,0.30000001,0.5,5,0.75,85.220001,0.2204095472532133,0.028100001,10.601719
2008-02-15,BOEING CO,09G725,0.709493284253573,0.30000001,0.5,5,0.75,85.18,0.2195203668108398,0.0276,10.601719
2008-02-19,BOEING CO,09G725,0.70770244934082,0.30000001,0.5,5,0.75,85.370003,0.2193757729072628,0.029300001,10.601719
2008-02-20,BOEING CO,09G725,0.7394018784065479,0.30000001,0.5,5,0.75,84.0,0.2199454922921097,0.030200001,10.601719
2008-02-21,BOEING CO,09G725,0.7380568238391341,0.30000001,0.5,5,0.75,82.010002,0.2211898064403206,0.028000001,10.601719
2008-02-22,BOEING CO,09G725,0.736056999558669,0.30000001,0.5,5,0.75,83.040001,0.2215293285199967,0.028100001,10.601719
2008-02-25,BOEING CO,09G725,0.697450666427612,0.30000001,0.5,5,0.75,84.660004,0.2223875055317721,0.0298,10.601719
2008-02-26,BOEING CO,09G725,0.614104502071285,0.30000001,0.5,5,0.75,84.57,0.2218860539385632,0.029200001,10.601719
2008-02-27,BOEING CO,09G725,0.605100566226173,0.30000001,0.5,5,0.75,83.949997,0.2211447260557838,0.028899999,10.601719
2008-02-28,BOEING CO,09G725,0.5970651477380821,0.30000001,0.5,5,0.75,84.800003,0.2213794080426345,0.0273,10.601719
2008-02-29,BOEING CO,09G725,0.616564353517385,0.30000001,0.5,5,0.75,82.790001,0.2225358030205239,0.025,10.743522
2008-03-03,BOEING CO,09G725,0.632301328056813,0.30000001,0.5,5,0.75,80.669998,0.2237976267371096,0.024800001,10.743522
2008-03-04,BOEING CO,09G725,0.636820973908329,0.30000001,0.5,5,0.75,79.620003,0.2241637093004399,0.0253,10.743522
2008-03-05,BOEING CO,09G725,0.634463636363636,0.30000001,0.5,5,0.75,80.712402,0.2244051731157095,0.025900001,10.743522
2008-03-06,BOEING CO,09G725,0.664778271907586,0.30000001,0.5,5,0.75,79.510002,0.2246436972192261,0.025,10.743522
2008-03-07,BOEING CO,09G725,0.6857,0.30000001,0.5,5,0.75,76.599998,0.2275380518377948,0.024499999,10.743522
2008-03-10,BOEING CO,09G725,0.7457981687366331,0.30000001,0.5,5,0.75,74.379997,0.2291913747236678,0.023700001,10.743522
2008-03-11,BOEING CO,09G725,0.742161203892438,0.30000001,0.5,5,0.75,73.400002,0.2287005500688648,0.0261,10.743522
2008-03-12,BOEING CO,09G725,0.745890962885184,0.30000001,0.5,5,0.75,72.449997,0.2282721205586939,0.024900001,10.743522
2008-03-13,BOEING CO,09G725,0.794149174320889,0.30000001,0.5,5,0.75,74.18,0.2295038450431992,0.0253,10.743522
2008-03-14,BOEING CO,09G725,0.800658709335327,0.30000001,0.5,5,0.75,76.230003,0.2309158875279486,0.023700001,10.743522
2008-03-17,BOEING CO,09G725,0.8023683758,0.30000001,0.5,5,0.75,75.489998,0.2308367909912482,0.022299999,10.743522
2008-03-18,BOEING CO,09G725,0.7074041445242241,0.30000001,0.5,5,0.75,76.529999,0.2312490379740096,0.0242,10.743522
2008-03-19,BOEING CO,09G725,0.6569392966739269,0.30000001,0.5,5,0.75,73.449997,0.2346276359020934,0.023600001,10.743522
2008-03-20,BOEING CO,09G725,0.6573610006159,0.30000001,0.5,5,0.75,74.800003,0.2352780739573874,0.023600001,10.743522
2008-03-24,BOEING CO,09G725,0.600454545454545,0.30000001,0.5,5,0.75,76.290001,0.2361676358103008,0.0264,10.743522
2008-03-25,BOEING CO,09G725,0.5578524212887409,0.30000001,0.5,5,0.75,75.900002,0.2361575341871264,0.0261,10.743522
2008-03-26,BOEING CO,09G725,0.549972217479929,0.30000001,0.5,5,0.75,76.300003,0.2362278659921025,0.0255,10.743522
2008-03-27,BOEING CO,09G725,0.545494622315096,0.30000001,0.5,5,0.75,74.220001,0.23771262747963,0.0261,10.743522
2008-03-28,BOEING CO,09G725,0.5460713130428161,0.30000001,0.5,5,0.75,73.470001,0.237633333477843,0.0251,10.743522
2008-03-31,BOEING CO,09G725,0.56933586254454,0.30000001,0.5,5,0.75,74.370003,0.2379506680869387,0.024599999,10.743522
2008-04-01,BOEING CO,09G725,0.551409870529869,0.30000001,0.5,5,0.75,75.879997,0.2386993683025712,0.0265,10.743522
2008-04-02,BOEING CO,09G725,0.5190789641706081,0.30000001,0.5,5,0.75,76.849998,0.2390694566052269,0.0272,10.743522
2008-04-03,BOEING CO,09G725,0.469028403399139,0.30000001,0.5,5,0.75,76.139999,0.2389054477099284,0.0275,10.743522
2008-04-04,BOEING CO,09G725,0.427783876802403,0.30000001,0.5,5,0.75,75.650002,0.2389340722082841,0.0263,10.743522
2008-04-07,BOEING CO,09G725,0.419373660328663,0.30000001,0.5,5,0.75,74.980003,0.2390573726603946,0.0275,10.743522
2008-04-08,BOEING CO,09G725,0.399497038327731,0.30000001,0.5,5,0.75,75.019997,0.2390137418841368,0.0272,10.743522
2008-04-09,BOEING CO,09G725,0.407560334752943,0.30000001,0.5,5,0.75,78.599998,0.2436746386349917,0.025900001,10.743522
2008-04-10,BOEING CO,09G725,0.422764898564615,0.30000001,0.5,5,0.75,78.43,0.2435036524960651,0.0266,10.743522
2008-04-11,BOEING CO,09G725,0.434089151147333,0.30000001,0.5,5,0.75,76.860001,0.2440772366907234,0.025699999,10.743522
2008-04-14,BOEING CO,09G725,0.452743076975476,0.30000001,0.5,5,0.75,77.220001,0.2441217595196741,0.026000001,10.743522
2008-04-15,BOEING CO,09G725,0.4304953828691039,0.30000001,0.5,5,0.75,75.699997,0.2447575008616556,0.026799999,10.743522
2008-04-16,BOEING CO,09G725,0.407293725085471,0.30000001,0.5,5,0.75,76.669998,0.2451162716209694,0.028200001,10.743522
2008-04-17,BOEING CO,09G725,0.390882206564661,0.30000001,0.5,5,0.75,76.910004,0.242107992931408,0.028999999,10.743522
2008-04-18,BOEING CO,09G725,0.363416291053516,0.30000001,0.5,5,0.75,78.660004,0.2430701267385572,0.0295,10.743522
2008-04-21,BOEING CO,09G725,0.376161207898458,0.30000001,0.5,5,0.75,79.089996,0.2431175251329859,0.0295,10.743522
2008-04-22,BOEING CO,09G725,0.36431840986772,0.30000001,0.5,5,0.75,78.559998,0.2431594217330277,0.0296,10.743522
2008-04-23,BOEING CO,09G725,0.353245136399703,0.30000001,0.5,5,0.75,82.089996,0.2473819433873478,0.0298,10.743522
2008-04-24,BOEING CO,09G725,0.35517624991099,0.30000001,0.5,5,0.75,83.0,0.2473973845767558,0.031500001,10.743522
2008-04-25,BOEING CO,09G725,0.352631117916667,0.30000001,0.5,5,0.75,84.839996,0.248386184291491,0.032000002,10.743522
2008-04-28,BOEING CO,09G725,0.335972818145489,0.30000001,0.5,5,0.75,84.980003,0.2483821407183292,0.031399999,10.743522
2008-04-29,BOEING CO,09G725,0.342891391069976,0.30000001,0.5,5,0.75,85.529999,0.2482399352273371,0.031099999,10.743522
2008-04-30,BOEING CO,09G725,0.343684227059104,0.30000001,0.5,5,0.75,84.860001,0.2483431347559703,0.030300001,10.934815
2008-05-01,BOEING CO,09G725,0.334883333333333,0.30000001,0.5,5,0.75,85.410004,0.248347054336266,0.0306,10.952115
2008-05-02,BOEING CO,09G725,0.334127272727273,0.30000001,0.5,5,0.75,85.690002,0.2483718607774582,0.031800002,10.952115
2008-05-05,BOEING CO,09G725,0.374592239065308,0.30000001,0.5,5,0.75,85.919998,0.248377033071238,0.031399999,10.952115
2008-05-06,BOEING CO,09G725,0.4077637154715399,0.30000001,0.5,5,0.75,86.150002,0.2481805072418984,0.031500001,10.952115
2008-05-07,BOEING CO,09G725,0.416904377186854,0.30000001,0.5,5,0.75,84.550003,0.2485326215578081,0.0309,10.952115
2008-05-08,BOEING CO,09G725,0.433626156695047,0.30000001,0.5,5,0.75,84.760002,0.2485352756054227,0.029899999,10.952115
2008-05-09,BOEING CO,09G725,0.447399230555973,0.30000001,0.5,5,0.75,84.059998,0.2482995398899027,0.0298,10.952115
2008-05-12,BOEING CO,09G725,0.458442478578501,0.30000001,0.5,5,0.75,84.800003,0.2483768269581444,0.029999999,10.952115
2008-05-13,BOEING CO,09G725,0.46499076712443,0.30000001,0.5,5,0.75,85.080002,0.2483953048400669,0.0317,10.952115
2008-05-14,BOEING CO,09G725,0.458018379432373,0.30000001,0.5,5,0.75,85.690002,0.2483610054048566,0.032200001,10.952115
2008-05-15,BOEING CO,09G725,0.449039092525809,0.30000001,0.5,5,0.75,85.550003,0.2481299990654305,0.030999999,10.952115
2008-05-16,BOEING CO,09G725,0.4397311830055931,0.30000001,0.5,5,0.75,85.169998,0.2476810109477962,0.031199999,10.952115
2008-05-19,BOEING CO,09G725,0.437838067224121,0.30000001,0.5,5,0.75,87.07,0.2487132929347492,0.0309,10.952115
2008-05-20,BOEING CO,09G725,0.4531972991943361,0.30000001,0.5,5,0.75,85.139999,0.2496554457018546,0.030200001,10.952115
2008-05-21,BOEING CO,09G725,0.516128857459928,0.30000001,0.5,5,0.75,81.190002,0.2538309091311111,0.0309,10.952115
2008-05-22,BOEING CO,09G725,0.60030376962515,0.30000001,0.5,5,0.75,81.410004,0.2536909469937408,0.032400001,10.952115
2008-05-23,BOEING CO,09G725,0.69590625,0.30000001,0.5,5,0.75,81.480003,0.2529185578448706,0.031500001,10.952115
2008-05-27,BOEING CO,09G725,0.68883766094559,0.30000001,0.5,5,0.75,82.870003,0.2533740240088642,0.032499999,10.952115
2008-05-28,BOEING CO,09G725,0.640575494541703,0.30000001,0.5,5,0.75,82.129997,0.2534949721467944,0.033599999,10.952115
2008-05-29,BOEING CO,09G725,0.630080800577291,0.30000001,0.5,5,0.75,82.110001,0.2525922806372742,0.0341,10.952115
2008-05-30,BOEING CO,09G725,0.6316390438512229,0.30000001,0.5,5,0.75,82.769997,0.2527404207560884,0.0341,10.952115
2008-06-02,BOEING CO,09G725,0.643100880210649,0.30000001,0.5,5,0.75,81.150002,0.253352755957417,0.0328,10.952115
2008-06-03,BOEING CO,09G725,0.638416647065756,0.30000001,0.5,5,0.75,78.120003,0.2559813671879661,0.032099999,10.952115
2008-06-04,BOEING CO,09G725,0.648073533295489,0.30000001,0.5,5,0.75,78.019997,0.2559490614792144,0.032600001,10.952115
2008-06-05,BOEING CO,09G725,0.640852182789103,0.30000001,0.5,5,0.75,77.309998,0.255826256846768,0.033399999,10.952115
2008-06-06,BOEING CO,09G725,0.655614244111516,0.30000001,0.5,5,0.75,73.160004,0.2608627739291598,0.032000002,10.952115
2008-06-09,BOEING CO,09G725,0.649419551866996,0.30000001,0.5,5,0.75,73.949997,0.2607077173481559,0.0341,10.952115
2008-06-10,BOEING CO,09G725,0.6757700721540929,0.30000001,0.5,5,0.75,73.669998,0.2606613212313579,0.035399999,10.952115
2008-06-11,BOEING CO,09G725,0.673601061608176,0.30000001,0.5,5,0.75,73.309998,0.2604935350844125,0.034899998,10.952115
2008-06-12,BOEING CO,09G725,0.667879862391025,0.30000001,0.5,5,0.75,74.120003,0.2598820616481766,0.036800001,10.952115
2008-06-13,BOEING CO,09G725,0.6564465924999999,0.30000001,0.5,5,0.75,75.120003,0.2602173322494015,0.037300002,10.952115
2008-06-16,BOEING CO,09G725,0.655484898400573,0.30000001,0.5,5,0.75,75.019997,0.260110034642879,0.037300002,10.952115
2008-06-17,BOEING CO,09G725,0.6349415269479219,0.30000001,0.5,5,0.75,74.379997,0.2601317812495274,0.036600001,10.952115
2008-06-18,BOEING CO,09G725,0.645620446927712,0.30000001,0.5,5,0.75,74.650002,0.2601383093204057,0.035700001,10.952115
2008-06-19,BOEING CO,09G725,0.642947117438299,0.30000001,0.5,5,0.75,76.949997,0.2619380194361349,0.036699999,10.952115
2008-06-20,BOEING CO,09G725,0.669497762520347,0.30000001,0.5,5,0.75,75.830002,0.2620107716499174,0.035700001,10.952115
2008-06-23,BOEING CO,09G725,0.661652298994954,0.30000001,0.5,5,0.75,75.589996,0.2617233122138113,0.036499999,10.952115
2008-06-24,BOEING CO,09G725,0.687391356917877,0.30000001,0.5,5,0.75,74.790001,0.2618899998354071,0.0352,10.952115
2008-06-25,BOEING CO,09G725,0.728715185168286,0.30000001,0.5,5,0.75,69.639999,0.2705350177356372,0.035399999,10.952115
2008-06-26,BOEING CO,09G725,0.7747034073422989,0.30000001,0.5,5,0.75,68.209999,0.2712236726712382,0.034400001,10.952115
2008-06-27,BOEING CO,09G725,0.79024274141686,0.30000001,0.5,5,0.75,66.919998,0.2717280577162377,0.033599999,10.952115
2008-06-30,BOEING CO,09G725,0.781405140881657,0.30000001,0.5,5,0.75,65.720001,0.2719878847845288,0.033399999,10.952115
2008-07-01,BOEING CO,09G725,0.8329935899942289,0.30000001,0.5,5,0.75,65.449997,0.2718952900824849,0.033300001,10.952115
2008-07-02,BOEING CO,09G725,0.850539163862544,0.30000001,0.5,5,0.75,63.900002,0.2726056791723912,0.033100002,10.952115
2008-07-03,BOEING CO,09G725,0.863136213240469,0.30000001,0.5,5,0.75,64.470001,0.2726679156421962,0.0328,10.952115
2008-07-07,BOEING CO,09G725,0.875584142303467,0.30000001,0.5,5,0.75,64.290001,0.2725883102482807,0.032299999,10.952115
2008-07-08,BOEING CO,09G725,0.903277750832694,0.30000001,0.5,5,0.75,65.919998,0.2736631086026947,0.0319,10.952115
2008-07-09,BOEING CO,09G725,0.898292263524673,0.30000001,0.5,5,0.75,65.589996,0.2736418781776249,0.031099999,10.952115
2008-07-10,BOEING CO,09G725,0.8689228725433351,0.30000001,0.5,5,0.75,65.989998,0.273747840253652,0.030999999,10.952115
2008-07-11,BOEING CO,09G725,0.8657,0.30000001,0.5,5,0.75,63.279999,0.2764742244422735,0.032699998,10.952115
2008-07-14,BOEING CO,09G725,0.83678843170166,0.30000001,0.5,5,0.75,63.189999,0.2761907172064601,0.032000002,10.952115
2008-07-15,BOEING CO,09G725,0.8187,0.30000001,0.5,5,0.75,63.880001,0.2764586920784033,0.031199999,10.952115
2008-07-16,BOEING CO,09G725,0.806366587126801,0.30000001,0.5,5,0.75,65.580002,0.277900639907005,0.032000002,10.952115
2008-07-17,BOEING CO,09G725,0.779184814298332,0.30000001,0.5,5,0.75,66.919998,0.2787698748364923,0.033500001,10.952115
2008-07-18,BOEING CO,09G725,0.731637188522531,0.30000001,0.5,5,0.75,68.139999,0.2793575985725295,0.034200002,10.952115
2008-07-21,BOEING CO,09G725,0.718320385615385,0.30000001,0.5,5,0.75,68.239998,0.2789784889988645,0.0341,10.952115
2008-07-22,BOEING CO,09G725,0.7027360639357441,0.30000001,0.5,5,0.75,69.260002,0.279445731681806,0.0348,10.952115
2008-07-23,BOEING CO,09G725,0.617601573549433,0.30000001,0.5,5,0.75,66.720001,0.2816570944366426,0.035100002,10.952115
2008-07-24,BOEING CO,09G725,0.6332,0.30000001,0.5,5,0.75,62.529999,0.2861167940446923,0.0337,10.952115
2008-07-25,BOEING CO,09G725,0.635786260494589,0.30000001,0.5,5,0.75,63.830002,0.28530765029436,0.034499999,10.952115
2008-07-28,BOEING CO,09G725,0.631881680659452,0.30000001,0.5,5,0.75,62.34,0.2861186262406039,0.033399999,10.952115
2008-07-29,BOEING CO,09G725,0.612990427410637,0.30000001,0.5,5,0.75,63.209999,0.2858983280458766,0.0339,10.952115
2008-07-30,BOEING CO,09G725,0.59268607286541,0.30000001,0.5,5,0.75,63.82,0.2855382614780187,0.033599999,10.952115
2008-07-31,BOEING CO,09G725,0.586995654641596,0.30000001,0.5,5,0.75,61.110001,0.2881597138597807,0.032499999,11.587551
2008-08-01,BOEING CO,09G725,0.608496016754797,0.30000001,0.5,5,0.75,62.009998,0.2882404994893605,0.032299999,11.483361
2008-08-04,BOEING CO,09G725,0.6146,0.30000001,0.5,5,0.75,61.360001,0.2880194365065744,0.032299999,11.483361
2008-08-05,BOEING CO,09G725,0.6100808049589209,0.30000001,0.5,5,0.75,65.199997,0.2951432685018814,0.0328,11.483361
2008-08-06,BOEING CO,09G725,0.623785026996172,0.30000001,0.5,5,0.75,65.400002,0.2951985830473324,0.033,11.483361
2008-08-07,BOEING CO,09G725,0.630185727410385,0.30000001,0.5,5,0.75,64.690002,0.2953437629996923,0.031599998,11.483361
2008-08-08,BOEING CO,09G725,0.638258657933903,0.30000001,0.5,5,0.75,67.860001,0.2967118861652684,0.032099999,11.483361
2008-08-11,BOEING CO,09G725,0.63415625,0.30000001,0.5,5,0.75,66.620003,0.2971869666622737,0.032699998,11.483361
2008-08-12,BOEING CO,09G725,0.638088888888889,0.30000001,0.5,5,0.75,65.93,0.2967970566303523,0.031599998,11.483361
2008-08-13,BOEING CO,09G725,0.6389857142857139,0.30000001,0.5,5,0.75,64.260002,0.2968778167831342,0.032099999,11.483361
2008-08-14,BOEING CO,09G725,0.6387692307692311,0.30000001,0.5,5,0.75,64.769997,0.2963182226026366,0.031500001,11.483361
2008-08-15,BOEING CO,09G725,0.638031288,0.30000001,0.5,5,0.75,64.449997,0.2950256020773575,0.031099999,11.483361
2008-08-18,BOEING CO,09G725,0.6466855464000001,0.30000001,0.5,5,0.75,63.639999,0.2930760740540058,0.0307,11.483361
2008-08-19,BOEING CO,09G725,0.665981818181818,0.30000001,0.5,5,0.75,62.950001,0.292856273207103,0.0307,11.483361
2008-08-20,BOEING CO,09G725,0.670691666666667,0.30000001,0.5,5,0.75,63.209999,0.2929079412197716,0.029999999,11.483361
2008-08-21,BOEING CO,09G725,0.6800227272727271,0.30000001,0.5,5,0.75,63.549999,0.2927376724135246,0.0308,11.483361
2008-08-22,BOEING CO,09G725,0.676986363636364,0.30000001,0.5,5,0.75,65.550003,0.2943644310270362,0.031399999,11.483361
2008-08-25,BOEING CO,09G725,0.678407290833333,0.30000001,0.5,5,0.75,64.07,0.2945003056962561,0.030400001,11.483361
2008-08-26,BOEING CO,09G725,0.677991045692307,0.30000001,0.5,5,0.75,63.459999,0.2946018090538915,0.0306,11.483361
2008-08-27,BOEING CO,09G725,0.6779830406153841,0.30000001,0.5,5,0.75,64.519997,0.2938263430173012,0.030200001,11.483361
2008-08-28,BOEING CO,09G725,0.67475902,0.30000001,0.5,5,0.75,66.339996,0.2949662966701834,0.0309,11.483361
2008-08-29,BOEING CO,09G725,0.671680541461538,0.30000001,0.5,5,0.75,65.559998,0.295150910167508,0.030999999,11.483361
2008-09-02,BOEING CO,09G725,0.663593986166667,0.30000001,0.5,5,0.75,65.870003,0.2952128844299704,0.029999999,11.483361
2008-09-03,BOEING CO,09G725,0.684205,0.30000001,0.5,5,0.75,66.07,0.2951640355986058,0.0295,11.483361
2008-09-04,BOEING CO,09G725,0.719809090909091,0.30000001,0.5,5,0.75,63.029999,0.2985368491499948,0.0287,11.483361
2008-09-05,BOEING CO,09G725,0.7336857142857139,0.30000001,0.5,5,0.75,62.889999,0.2984939787132473,0.029100001,11.483361
2008-09-08,BOEING CO,09G725,0.754489183181818,0.30000001,0.5,5,0.75,63.91,0.2987390371880912,0.0296,11.483361
2008-09-09,BOEING CO,09G725,0.762929166666667,0.30000001,0.5,5,0.75,64.019997,0.2986857099282117,0.028999999,11.483361
2008-09-10,BOEING CO,09G725,0.7715,0.30000001,0.5,5,0.75,61.709999,0.299768670746891,0.029100001,11.483361
2008-09-11,BOEING CO,09G725,0.784263636363636,0.30000001,0.5,5,0.75,62.57,0.2999866681569965,0.0287,11.483361
2008-09-12,BOEING CO,09G725,0.792403333333333,0.30000001,0.5,5,0.75,63.299999,0.3001757054734976,0.0297,11.483361
2008-09-15,BOEING CO,09G725,0.888870833333333,0.30000001,0.5,5,0.75,62.25,0.3005008076452593,0.025900001,11.483361
2008-09-16,BOEING CO,09G725,1.07307692307692,0.30000001,0.5,5,0.75,61.720001,0.3005272819856908,0.0264,11.483361
2008-09-17,BOEING CO,09G725,1.19457692307692,0.30000001,0.5,5,0.75,57.0,0.3097066592704703,0.0252,11.483361
2008-09-18,BOEING CO,09G725,1.15157429892308,0.30000001,0.5,5,0.75,58.110001,0.3099502149247916,0.026699999,11.483361
2008-09-19,BOEING CO,09G725,1.06609166666667,0.30000001,0.5,5,0.75,59.759998,0.3111114962336407,0.030099999,11.483361
2008-09-22,BOEING CO,09G725,0.996837550125,0.30000001,0.5,5,0.75,58.810001,0.3110623579203978,0.030400001,11.483361
2008-09-23,BOEING CO,09G725,0.98256664,0.30000001,0.5,5,0.75,57.310001,0.3118849921402477,0.030300001,11.483361
2008-09-24,BOEING CO,09G725,0.96711,0.30000001,0.5,5,0.75,57.360001,0.3112380546997853,0.029100001,11.483361
2008-09-25,BOEING CO,09G725,0.9651571428571428,0.30000001,0.5,5,0.75,57.419998,0.3112440473970615,0.0309,11.483361
2008-09-26,BOEING CO,09G725,0.98905016225,0.30000001,0.5,5,0.75,58.32,0.3115341022042331,0.0305,11.483361
2008-09-29,BOEING CO,09G725,1.07627333333333,0.30000001,0.5,5,0.75,55.470001,0.3150163407250918,0.027000001,11.483361
2008-09-30,BOEING CO,09G725,1.08689387958333,0.30000001,0.5,5,0.75,57.349998,0.3165778585326406,0.0298,11.483361
2008-10-01,BOEING CO,09G725,1.3223747192,0.30000001,0.5,5,0.75,56.619999,0.3167183967993091,0.0287,11.483361
2008-10-02,BOEING CO,09G725,1.4032375,0.30000001,0.5,5,0.75,53.580002,0.320738180088696,0.026799999,11.483361
2008-10-03,BOEING CO,09G725,1.42716865,0.30000001,0.5,5,0.75,53.830002,0.3208165575373381,0.0264,11.483361
2008-10-06,BOEING CO,09G725,1.58567643809091,0.30000001,0.5,5,0.75,51.290001,0.3233621186052583,0.024499999,11.483361
2008-10-07,BOEING CO,09G725,1.51918611991667,0.30000001,0.5,5,0.75,49.279999,0.3253113671350779,0.024499999,11.483361
2008-10-08,BOEING CO,09G725,1.4925,0.30000001,0.5,5,0.75,47.700001,0.3265787664190694,0.027000001,11.483361
2008-10-09,BOEING CO,09G725,1.489605834125,0.30000001,0.5,5,0.75,44.41,0.3323239775748514,0.027899999,11.483361
2008-10-10,BOEING CO,09G725,1.54758470036364,0.30000001,0.5,5,0.75,41.799999,0.3362937645219743,0.0277,11.483361
2008-10-13,BOEING CO,09G725,1.54999430866667,0.30000001,0.5,5,0.75,47.080002,0.3602528223034122,0.0277,11.483361
2008-10-14,BOEING CO,09G725,1.41092907642857,0.30000001,0.5,5,0.75,45.07,0.3620966575166748,0.030099999,11.483361
2008-10-15,BOEING CO,09G725,1.52261820406667,0.30000001,0.5,5,0.75,42.330002,0.3664444218852206,0.028999999,11.483361
2008-10-16,BOEING CO,09G725,1.57723846153846,0.30000001,0.5,5,0.75,44.790001,0.371496098271533,0.0284,11.483361
2008-10-17,BOEING CO,09G725,1.59483505453846,0.30000001,0.5,5,0.75,44.549999,0.3711253400513494,0.0283,11.483361
2008-10-20,BOEING CO,09G725,1.54938465285714,0.30000001,0.5,5,0.75,46.709999,0.3735257529621653,0.028200001,11.483361
2008-10-21,BOEING CO,09G725,1.5545,0.30000001,0.5,5,0.75,46.400002,0.3733085491989927,0.0263,11.483361
2008-10-22,BOEING CO,09G725,1.74378199241667,0.30000001,0.5,5,0.75,42.91,0.3803069841598879,0.025599999,11.483361
2008-10-23,BOEING CO,09G725,1.76388487130769,0.30000001,0.5,5,0.75,46.52,0.3900921561682135,0.025699999,11.483361
2008-10-24,BOEING CO,09G725,1.88237977353333,0.30000001,0.5,5,0.75,45.240002,0.3903302926880513,0.0264,11.483361
2008-10-27,BOEING CO,09G725,1.9068481595625,0.30000001,0.5,5,0.75,42.360001,0.395058040863318,0.026699999,11.483361
2008-10-28,BOEING CO,09G725,1.85397083045455,0.30000001,0.5,5,0.75,48.91,0.425129676288159,0.0275,11.483361
2008-10-29,BOEING CO,09G725,1.78015573122222,0.30000001,0.5,5,0.75,49.799999,0.4255870949027971,0.0277,11.483361
2008-10-30,BOEING CO,09G725,1.757669198375,0.30000001,0.5,5,0.75,50.700001,0.4258055318107438,0.0284,11.483361
2008-10-31,BOEING CO,09G725,1.7513712992,0.30000001,0.5,5,0.75,52.419998,0.4269488371788504,0.028000001,11.571519
2008-11-03,BOEING CO,09G725,1.6735361786875,0.30000001,0.5,5,0.75,52.849998,0.4268447862169725,0.027100001,10.792612
2008-11-04,BOEING CO,09G725,1.5410257961875,0.30000001,0.5,5,0.75,53.619999,0.4271503969490397,0.025599999,10.792612
2008-11-05,BOEING CO,09G725,1.5244086321,0.30000001,0.5,5,0.75,49.549999,0.4322823256619072,0.025,10.792612
2008-11-06,BOEING CO,09G725,1.53181818181818,0.30000001,0.5,5,0.75,45.720001,0.4387353209746795,0.024599999,10.792612
2008-11-07,BOEING CO,09G725,1.55375,0.30000001,0.5,5,0.75,46.580002,0.4392384194334951,0.025599999,10.792612
2008-11-10,BOEING CO,09G725,1.54325,0.30000001,0.5,5,0.75,46.139999,0.4388730036738023,0.0251,10.792612
2008-11-11,BOEING CO,09G725,1.54325,0.30000001,0.5,5,0.75,43.970001,0.4409724735157389,0.0251,10.792612
2008-11-12,BOEING CO,09G725,1.62722222222222,0.30000001,0.5,5,0.75,42.52,0.4418676250908791,0.023700001,10.792612
2008-11-13,BOEING CO,09G725,1.63022727272727,0.30000001,0.5,5,0.75,43.16,0.4421658463832874,0.0243,10.792612
2008-11-14,BOEING CO,09G725,1.66875,0.30000001,0.5,5,0.75,41.040001,0.4444129373384576,0.0233,10.792612
2008-11-17,BOEING CO,09G725,1.692,0.30000001,0.5,5,0.75,41.18,0.4442870507659765,0.0232,10.792612
2008-11-18,BOEING CO,09G725,1.8005299996,0.30000001,0.5,5,0.75,39.560001,0.445491120945037,0.0222,10.792612
2008-11-19,BOEING CO,09G725,1.844810229,0.30000001,0.5,5,0.75,37.48,0.4482637399572675,0.0208,10.792612
2008-11-20,BOEING CO,09G725,2.11619000086667,0.30000001,0.5,5,0.75,37.110001,0.448311216132002,0.019400001,10.792612
2008-11-21,BOEING CO,09G725,2.61232993633333,0.30000001,0.5,5,0.75,39.580002,0.4528658077678917,0.020199999,10.792612
2008-11-24,BOEING CO,09G725,2.599,0.30000001,0.5,5,0.75,40.75,0.4539682899542983,0.022399999,10.792612
2008-11-25,BOEING CO,09G725,2.50833333333333,0.30000001,0.5,5,0.75,40.18,0.4535405703356856,0.0206,10.792612
2008-11-26,BOEING CO,09G725,2.41846153846154,0.30000001,0.5,5,0.75,41.279999,0.4539557679398431,0.020099999,10.792612
2008-11-28,BOEING CO,09G725,2.42732142857143,0.30000001,0.5,5,0.75,42.630001,0.4553394467244642,0.019300001,10.792612
2008-12-01,BOEING CO,09G725,2.45361111111111,0.30000001,0.5,5,0.75,39.880001,0.4594974401096073,0.017100001,10.792612
2008-12-02,BOEING CO,09G725,2.47673805591667,0.30000001,0.5,5,0.75,40.700001,0.4600636457180942,0.0165,10.792612
2008-12-03,BOEING CO,09G725,2.5428438544,0.30000001,0.5,5,0.75,40.470001,0.459757626968372,0.016000001,10.792612
2008-12-04,BOEING CO,09G725,2.618,0.30000001,0.5,5,0.75,39.189999,0.4605421795051047,0.0151,10.792612
2008-12-05,BOEING CO,09G725,2.81169087527273,0.30000001,0.5,5,0.75,39.529999,0.4604537850014453,0.0167,10.792612
2008-12-08,BOEING CO,09G725,2.71863636363636,0.30000001,0.5,5,0.75,42.849998,0.4682519358934001,0.0176,10.792612
2008-12-09,BOEING CO,09G725,2.6793952558,0.30000001,0.5,5,0.75,40.82,0.4703763451157845,0.016100001,10.792612
2008-12-10,BOEING CO,09G725,2.590625,0.30000001,0.5,5,0.75,41.68,0.4692678911713691,0.0162,10.792612
2008-12-11,BOEING CO,09G725,2.6045,0.30000001,0.5,5,0.75,40.27,0.4699800360143994,0.0155,10.792612
2008-12-12,BOEING CO,09G725,2.684,0.30000001,0.5,5,0.75,39.200001,0.4701053686422242,0.0155,10.792612
2008-12-15,BOEING CO,09G725,2.63840909090909,0.30000001,0.5,5,0.75,38.740002,0.4701893048385386,0.015,10.792612
2008-12-16,BOEING CO,09G725,2.61611111111111,0.30000001,0.5,5,0.75,41.900002,0.4776114397547718,0.0134,10.792612
2008-12-17,BOEING CO,09G725,2.52462128978571,0.30000001,0.5,5,0.75,41.02,0.4779719534513322,0.0135,10.792612
2008-12-18,BOEING CO,09G725,2.36131939933333,0.30000001,0.5,5,0.75,41.07,0.4779700505463242,0.0126,10.792612
2008-12-19,BOEING CO,09G725,2.302300146,0.30000001,0.5,5,0.75,41.240002,0.4779324612690519,0.0135,10.792612
2008-12-22,BOEING CO,09G725,2.258225,0.30000001,0.5,5,0.75,41.119999,0.477329172387221,0.014,10.792612
2008-12-23,BOEING CO,09G725,2.29377573014286,0.30000001,0.5,5,0.75,40.150002,0.4776072556865685,0.0153,10.792612
2008-12-24,BOEING CO,09G725,2.295234192,0.30000001,0.5,5,0.75,40.119999,0.4776054996587582,0.0154,10.792612
2008-12-26,BOEING CO,09G725,2.29532112657143,0.30000001,0.5,5,0.75,40.529999,0.4776772408560313,0.0151,10.792612
2008-12-29,BOEING CO,09G725,2.3187857824,0.30000001,0.5,5,0.75,39.990002,0.4777749740856089,0.0145,10.792612
2008-12-30,BOEING CO,09G725,2.3167866176,0.30000001,0.5,5,0.75,41.25,0.4789496548040658,0.0147,10.792612
2008-12-31,BOEING CO,09G725,2.284,0.30000001,0.5,5,0.75,42.669998,0.4803139346341805,0.0155,10.792612
2009-01-02,BOEING CO,09G725,2.2586041852,0.30000001,0.5,5,0.75,45.25,0.4843611798463587,0.017200001,10.792612
2009-01-05,BOEING CO,09G725,2.08340909090909,0.30000001,0.5,5,0.75,46.169998,0.4847445018068921,0.0167,10.792612
2009-01-06,BOEING CO,09G725,1.84629264584615,0.30000001,0.5,5,0.75,46.310001,0.4836688695930939,0.016799999,10.792612
2009-01-07,BOEING CO,09G725,1.73970588235294,0.30000001,0.5,5,0.75,44.759998,0.4835087858338148,0.0166,10.792612
2009-01-08,BOEING CO,09G725,1.660775,0.30000001,0.5,5,0.75,44.790001,0.4834700410578277,0.016000001,10.792612
2009-01-09,BOEING CO,09G725,1.64914736788889,0.30000001,0.5,5,0.75,44.450001,0.4827213262228853,0.0151,10.792612
2009-01-12,BOEING CO,09G725,1.645915788875,0.30000001,0.5,5,0.75,43.740002,0.482489000779568,0.0145,10.792612
2009-01-13,BOEING CO,09G725,1.70178571428571,0.30000001,0.5,5,0.75,42.459999,0.4829883611566139,0.0144,10.792612
2009-01-14,BOEING CO,09G725,1.7650798964,0.30000001,0.5,5,0.75,41.200001,0.4817035973309279,0.0136,10.792612
2009-01-15,BOEING CO,09G725,1.8059375,0.30000001,0.5,5,0.75,40.959999,0.4809114169359311,0.0136,10.792612
2009-01-16,BOEING CO,09G725,1.7846164656,0.30000001,0.5,5,0.75,42.459999,0.4824660025158005,0.0147,10.792612
2009-01-20,BOEING CO,09G725,1.82777777777778,0.30000001,0.5,5,0.75,40.360001,0.4846452926559157,0.0148,10.792612
2009-01-21,BOEING CO,09G725,1.85245593975,0.30000001,0.5,5,0.75,42.27,0.4870900901427152,0.016000001,10.792612
2009-01-22,BOEING CO,09G725,1.8,0.30000001,0.5,5,0.75,42.259998,0.4869567232142988,0.016100001,10.792612
2009-01-23,BOEING CO,09G725,1.824004,0.30000001,0.5,5,0.75,41.98,0.4867318520336602,0.0164,10.792612
2009-01-26,BOEING CO,09G725,1.82822,0.30000001,0.5,5,0.75,43.009998,0.487415437160326,0.0167,10.792612
2009-01-27,BOEING CO,09G725,1.75916666666667,0.30000001,0.5,5,0.75,43.220001,0.4873760920678813,0.015900001,10.792612
2009-01-28,BOEING CO,09G725,1.62684402514286,0.30000001,0.5,5,0.75,43.240002,0.4852823613135368,0.017000001,10.792612
2009-01-29,BOEING CO,09G725,1.6298525465,0.30000001,0.5,5,0.75,40.709999,0.487881510737642,0.0187,10.792612
2009-01-30,BOEING CO,09G725,1.63333333333333,0.30000001,0.5,5,0.75,42.310001,0.4896185252036669,0.0185,10.792612
2009-02-02,BOEING CO,09G725,1.644129111,0.30000001,0.5,5,0.75,40.799999,0.4907571158443118,0.0175,10.792612
2009-02-03,BOEING CO,09G725,1.621,0.30000001,0.5,5,0.75,42.09,0.4919118649923983,0.0188,10.792612
2009-02-04,BOEING CO,09G725,1.586,0.30000001,0.5,5,0.75,41.970001,0.4918387002326364,0.019099999,10.792612
2009-02-05,BOEING CO,09G725,1.65452552546154,0.30000001,0.5,5,0.75,42.720001,0.4920138694197176,0.0189,10.792612
2009-02-06,BOEING CO,09G725,1.59947303321429,0.30000001,0.5,5,0.75,42.919998,0.4920583641416665,0.0197,10.792612
2009-02-09,BOEING CO,09G725,1.556,0.30000001,0.5,5,0.75,42.799999,0.4920472333854399,0.0199,10.792612
2009-02-10,BOEING CO,09G725,1.586875,0.30000001,0.5,5,0.75,40.209999,0.4949020552184484,0.017899999,10.792612
2009-02-11,BOEING CO,09G725,1.4993508978,0.30000001,0.5,5,0.75,40.330002,0.4938790437121367,0.0176,10.792612
2009-02-12,BOEING CO,09G725,1.57386363636364,0.30000001,0.5,5,0.75,39.860001,0.4933138507561966,0.0173,10.792612
2009-02-13,BOEING CO,09G725,1.56142857142857,0.30000001,0.5,5,0.75,40.48,0.4936426880027295,0.0188,10.792612
2009-02-17,BOEING CO,09G725,1.64141123307143,0.30000001,0.5,5,0.75,38.43,0.4959900666237377,0.0165,10.792612
2009-02-18,BOEING CO,09G725,1.69884157045455,0.30000001,0.5,5,0.75,37.98,0.4960502687360392,0.018100001,10.792612
2009-02-19,BOEING CO,09G725,1.69985714285714,0.30000001,0.5,5,0.75,37.57,0.4959340428955761,0.0189,10.792612
2009-02-20,BOEING CO,09G725,1.71056954511111,0.30000001,0.5,5,0.75,36.310001,0.4964487396960047,0.018100001,10.792612
2009-02-23,BOEING CO,09G725,1.77453963877778,0.30000001,0.5,5,0.75,34.459999,0.4985522016220311,0.0184,10.792612
2009-02-24,BOEING CO,09G725,1.86395,0.30000001,0.5,5,0.75,35.439999,0.4990380553596153,0.0189,10.792612
2009-02-25,BOEING CO,09G725,1.92244303766667,0.30000001,0.5,5,0.75,33.91,0.5006575973963776,0.0206,10.792612
2009-02-26,BOEING CO,09G725,1.96681818181818,0.30000001,0.5,5,0.75,32.709999,0.5016827765185679,0.0207,10.792612
2009-02-27,BOEING CO,09G725,2.01904198577778,0.30000001,0.5,5,0.75,31.440001,0.5027693530617632,0.0199,10.896282
2009-03-02,BOEING CO,09G725,2.09968549256482,0.30000001,0.5,5,0.75,29.51,0.505701458940542,0.0186,10.760204
2009-03-03,BOEING CO,09G725,2.19605528721368,0.30000001,0.5,5,0.75,29.360001,0.5052137700473055,0.0187,10.760204
2009-03-04,BOEING CO,09G725,2.39073333333333,0.30000001,0.5,5,0.75,30.309999,0.5063837533630403,0.0197,10.760204
2009-03-05,BOEING CO,09G725,2.96634917309722,0.30000001,0.5,5,0.75,29.389999,0.5068215921701146,0.018200001,10.760204
2009-03-06,BOEING CO,09G725,2.96674509334722,0.30000001,0.5,5,0.75,30.1,0.5074363338172677,0.018300001,10.760204
2009-03-09,BOEING CO,09G725,2.97976476933333,0.30000001,0.5,5,0.75,31.0,0.5074027351372024,0.018999999,10.760204
2009-03-10,BOEING CO,09G725,2.81095825076471,0.30000001,0.5,5,0.75,33.009998,0.51123511031462,0.0199,10.760204
2009-03-11,BOEING CO,09G725,2.45208125025,0.30000001,0.5,5,0.75,33.27,0.5112308863373061,0.0196,10.760204
2009-03-12,BOEING CO,09G725,2.31321818181818,0.30000001,0.5,5,0.75,33.630001,0.5112963144993132,0.019200001,10.760204
2009-03-13,BOEING CO,09G725,2.24143333333333,0.30000001,0.5,5,0.75,33.400002,0.5106346203380242,0.0187,10.760204
2009-03-16,BOEING CO,09G725,2.10680000033333,0.30000001,0.5,5,0.75,33.830002,0.5099755753171856,0.019099999,10.760204
2009-03-17,BOEING CO,09G725,2.06828683214815,0.30000001,0.5,5,0.75,34.439999,0.5103422531798136,0.02,10.760204
2009-03-18,BOEING CO,09G725,1.99993207646296,0.30000001,0.5,5,0.75,33.75,0.5103808389377638,0.0154,10.760204
2009-03-19,BOEING CO,09G725,1.8929676338,0.30000001,0.5,5,0.75,33.189999,0.5091724961821411,0.0164,10.760204
2009-03-20,BOEING CO,09G725,1.899598284125,0.30000001,0.5,5,0.75,32.549999,0.5090136325198003,0.0166,10.760204
2009-03-23,BOEING CO,09G725,1.8574171315,0.30000001,0.5,5,0.75,35.5,0.5170216169083863,0.016899999,10.760204
2009-03-24,BOEING CO,09G725,1.805303735,0.30000001,0.5,5,0.75,36.099998,0.5173749843466334,0.017000001,10.760204
2009-03-25,BOEING CO,09G725,1.8526864,0.30000001,0.5,5,0.75,37.060001,0.5181299115034249,0.0184,10.760204
2009-03-26,BOEING CO,09G725,1.80993316155556,0.30000001,0.5,5,0.75,38.66,0.5194988600078134,0.017999999,10.760204
2009-03-27,BOEING CO,09G725,1.8049537532,0.30000001,0.5,5,0.75,37.529999,0.5201496460851143,0.017899999,10.760204
2009-03-30,BOEING CO,09G725,1.98036178744444,0.30000001,0.5,5,0.75,35.52,0.5224928317738615,0.017200001,10.760204
2009-03-31,BOEING CO,09G725,2.020625,0.30000001,0.5,5,0.75,35.580002,0.5220182990334917,0.0167,10.734603
2009-04-01,BOEING CO,09G725,2.23,0.30000001,0.5,5,0.75,35.439999,0.5218002550820431,0.0165,10.734603
2009-04-02,BOEING CO,09G725,2.15600279905185,0.30000001,0.5,5,0.75,37.200001,0.5243482647667875,0.0174,10.734603
2009-04-03,BOEING CO,09G725,2.09393286089815,0.30000001,0.5,5,0.75,37.689999,0.5245559133604302,0.0187,10.734603
2009-04-06,BOEING CO,09G725,2.11767718197531,0.30000001,0.5,5,0.75,38.16,0.5247143536138937,0.018999999,10.734603
2009-04-07,BOEING CO,09G725,2.13386266508642,0.30000001,0.5,5,0.75,36.639999,0.5260656918639328,0.0187,10.734603
2009-04-08,BOEING CO,09G725,2.16055925,0.30000001,0.5,5,0.75,36.869999,0.5237501351138415,0.018300001,10.734603
2009-04-09,BOEING CO,09G725,2.11763928571429,0.30000001,0.5,5,0.75,39.150002,0.5276724718601435,0.018999999,10.734603
2009-04-13,BOEING CO,09G725,2.1163858782,0.30000001,0.5,5,0.75,37.150002,0.5296386948924046,0.018100001,10.734603
2009-04-14,BOEING CO,09G725,2.06466577842857,0.30000001,0.5,5,0.75,37.040001,0.5295943317093665,0.017100001,10.734603
2009-04-15,BOEING CO,09G725,2.14095320225,0.30000001,0.5,5,0.75,37.57,0.5295612591136915,0.017100001,10.734603
2009-04-16,BOEING CO,09G725,2.05885501715556,0.30000001,0.5,5,0.75,38.389999,0.5298953633979948,0.017899999,10.734603
2009-04-17,BOEING CO,09G725,1.98808663247222,0.30000001,0.5,5,0.75,38.32,0.5298700549793027,0.019099999,10.734603
2009-04-20,BOEING CO,09G725,2.03041404111111,0.30000001,0.5,5,0.75,36.48,0.5312614156900075,0.018200001,10.734603
2009-04-21,BOEING CO,09G725,2.10333485157143,0.30000001,0.5,5,0.75,36.650002,0.5312510674321967,0.0187,10.734603
2009-04-22,BOEING CO,09G725,2.13180631433333,0.30000001,0.5,5,0.75,37.299999,0.5316141862142247,0.019200001,10.734603
2009-04-23,BOEING CO,09G725,2.02848260096825,0.30000001,0.5,5,0.75,37.93,0.5298549484324944,0.0189,10.734603
2009-04-24,BOEING CO,09G725,1.98527311253968,0.30000001,0.5,5,0.75,38.720001,0.5301955654106747,0.0196,10.734603
2009-04-27,BOEING CO,09G725,2.02277661816667,0.30000001,0.5,5,0.75,39.470001,0.5300760627850233,0.0187,10.734603
2009-04-28,BOEING CO,09G725,1.94042040325397,0.30000001,0.5,5,0.75,38.849998,0.5302277913307389,0.0197,10.734603
2009-04-29,BOEING CO,09G725,1.86667699122222,0.30000001,0.5,5,0.75,40.549999,0.5321672857573883,0.020099999,10.734603
2009-04-30,BOEING CO,09G725,1.74171677912963,0.30000001,0.5,5,0.75,40.049999,0.5322323635480168,0.020199999,10.774557
2009-05-01,BOEING CO,09G725,1.74323823297531,0.30000001,0.5,5,0.75,41.209999,0.5330821015361962,0.020300001,13.298948
2009-05-04,BOEING CO,09G725,1.67641422625397,0.30000001,0.5,5,0.75,42.18,0.5336786498596578,0.020300001,13.298948
2009-05-05,BOEING CO,09G725,1.61832781596825,0.30000001,0.5,5,0.75,43.150002,0.5342512273389938,0.020500001,13.298948
2009-05-06,BOEING CO,09G725,1.50218217796825,0.30000001,0.5,5,0.75,44.200001,0.535454067758257,0.0206,13.298948
2009-05-07,BOEING CO,09G725,1.40605709868254,0.30000001,0.5,5,0.75,43.529999,0.5354812488227756,0.021500001,13.298948
2009-05-08,BOEING CO,09G725,1.4114614935,0.30000001,0.5,5,0.75,45.830002,0.5382627687226283,0.021500001,13.298948
2009-05-11,BOEING CO,09G725,1.492450689,0.30000001,0.5,5,0.75,44.720001,0.5386914135832406,0.020400001,13.298948
2009-05-12,BOEING CO,09G725,1.57102567455556,0.30000001,0.5,5,0.75,44.099998,0.5387204971443151,0.020199999,13.298948
2009-05-13,BOEING CO,09G725,1.70385823799763,0.30000001,0.5,5,0.75,42.950001,0.5392359806847744,0.0198,13.298948
2009-05-14,BOEING CO,09G725,1.78501290789233,0.30000001,0.5,5,0.75,43.439999,0.539326685928796,0.0198,13.298948
2009-05-15,BOEING CO,09G725,1.77692616797162,0.30000001,0.5,5,0.75,43.0,0.5393874816618366,0.020099999,13.298948
2009-05-18,BOEING CO,09G725,1.74535598513829,0.30000001,0.5,5,0.75,44.369999,0.5404465256213314,0.0209,13.298948
2009-05-19,BOEING CO,09G725,1.6437247912,0.30000001,0.5,5,0.75,44.619999,0.5399568796162494,0.021199999,13.298948
2009-05-20,BOEING CO,09G725,1.52020771205183,0.30000001,0.5,5,0.75,44.580002,0.5395742514516476,0.020500001,13.298948
2009-05-21,BOEING CO,09G725,1.52010756688117,0.30000001,0.5,5,0.75,43.290001,0.5384032424399339,0.021600001,13.298948
2009-05-22,BOEING CO,09G725,1.50679550760615,0.30000001,0.5,5,0.75,42.939999,0.5384208728449408,0.022299999,13.298948
2009-05-26,BOEING CO,09G725,1.466560830875,0.30000001,0.5,5,0.75,44.16,0.5392656034288624,0.023,13.298948
2009-05-27,BOEING CO,09G725,1.41798383807438,0.30000001,0.5,5,0.75,43.57,0.5390607180363314,0.0243,13.298948
2009-05-28,BOEING CO,09G725,1.38151491211157,0.30000001,0.5,5,0.75,44.32,0.5393501278471601,0.024599999,13.298948
2009-05-29,BOEING CO,09G725,1.230045464480874,0.30000001,0.5,5,0.75,44.849998,0.5395230851309196,0.023399999,12.767868
2009-06-01,BOEING CO,09G725,1.10646666666667,0.30000001,0.5,5,0.75,47.700001,0.5433744842925231,0.0255,12.767868
2009-06-02,BOEING CO,09G725,1.015575971257313,0.30000001,0.5,5,0.75,49.200001,0.5440632399854742,0.0252,12.767868
2009-06-03,BOEING CO,09G725,1.03700681521671,0.30000001,0.5,5,0.75,48.369999,0.5430808756634925,0.0243,12.767868
2009-06-04,BOEING CO,09G725,0.9824573549504372,0.30000001,0.5,5,0.75,50.57,0.5450851983084498,0.025599999,12.767868
2009-06-05,BOEING CO,09G725,0.962505883232613,0.30000001,0.5,5,0.75,52.650002,0.5466499020041927,0.0285,12.767868
2009-06-08,BOEING CO,09G725,0.984080906248124,0.30000001,0.5,5,0.75,52.830002,0.5440762276690475,0.0295,12.767868
2009-06-09,BOEING CO,09G725,0.9907520498,0.30000001,0.5,5,0.75,52.349998,0.5440227748117187,0.0286,12.767868
2009-06-10,BOEING CO,09G725,1.00835874348155,0.30000001,0.5,5,0.75,52.299999,0.544013476058848,0.029300001,12.767868
2009-06-11,BOEING CO,09G725,1.020121,0.30000001,0.5,5,0.75,50.66,0.544862008114616,0.0287,12.767868
2009-06-12,BOEING CO,09G725,1.01443523321967,0.30000001,0.5,5,0.75,51.439999,0.5449758339451062,0.028100001,12.767868
2009-06-15,BOEING CO,09G725,1.05885982076936,0.30000001,0.5,5,0.75,49.52,0.5460118665624065,0.0275,12.767868
2009-06-16,BOEING CO,09G725,1.03710795714119,0.30000001,0.5,5,0.75,48.830002,0.5461657718850876,0.027000001,12.767868
2009-06-17,BOEING CO,09G725,1.0820560605,0.30000001,0.5,5,0.75,48.549999,0.546133163444151,0.026900001,12.767868
2009-06-18,BOEING CO,09G725,1.09901652,0.30000001,0.5,5,0.75,48.959999,0.5461960472546799,0.0286,12.767868
2009-06-19,BOEING CO,09G725,1.071117642,0.30000001,0.5,5,0.75,48.439999,0.5453502964102007,0.028200001,12.767868
2009-06-22,BOEING CO,09G725,1.11740489558259,0.30000001,0.5,5,0.75,46.900002,0.5460458057909616,0.0275,12.767868
2009-06-23,BOEING CO,09G725,1.15139593931195,0.30000001,0.5,5,0.75,43.869999,0.549710306176046,0.027100001,12.767868
2009-06-24,BOEING CO,09G725,1.13477307563808,0.30000001,0.5,5,0.75,41.32,0.552550027294747,0.0274,12.767868
2009-06-25,BOEING CO,09G725,1.16356727334448,0.30000001,0.5,5,0.75,42.529999,0.5492604132084761,0.025800001,12.767868
2009-06-26,BOEING CO,09G725,1.17059530012273,0.30000001,0.5,5,0.75,41.880001,0.5490976252800306,0.0253,12.767868
2009-06-29,BOEING CO,09G725,1.16306041835076,0.30000001,0.5,5,0.75,42.650002,0.5491562118763468,0.0253,12.767868
2009-06-30,BOEING CO,09G725,1.15297997485076,0.30000001,0.5,5,0.75,42.5,0.548898920846471,0.0254,12.767868
2009-07-01,BOEING CO,09G725,1.16563482687208,0.30000001,0.5,5,0.75,42.23,0.5489158527892897,0.0251,12.767868
2009-07-02,BOEING CO,09G725,1.20671727471429,0.30000001,0.5,5,0.75,40.830002,0.5493872311173009,0.0243,12.767868
2009-07-06,BOEING CO,09G725,1.22271926516667,0.30000001,0.5,5,0.75,40.560001,0.5493244776555203,0.024,12.767868
2009-07-07,BOEING CO,09G725,1.245106428,0.30000001,0.5,5,0.75,39.040001,0.5505235163985225,0.023600001,12.767868
2009-07-08,BOEING CO,09G725,1.26027776412244,0.30000001,0.5,5,0.75,39.549999,0.5500668352520738,0.022299999,12.767868
2009-07-09,BOEING CO,09G725,1.28437976314286,0.30000001,0.5,5,0.75,39.299999,0.550076865987651,0.0233,12.767868
2009-07-10,BOEING CO,09G725,1.33210745426267,0.30000001,0.5,5,0.75,39.650002,0.5501228329718053,0.0222,12.767868
2009-07-13,BOEING CO,09G725,1.33881505893159,0.30000001,0.5,5,0.75,40.439999,0.5490726281001743,0.022700001,12.767868
2009-07-14,BOEING CO,09G725,1.37161468521026,0.30000001,0.5,5,0.75,40.41,0.5490725603237647,0.023700001,12.767868
2009-07-15,BOEING CO,09G725,1.32502677083333,0.30000001,0.5,5,0.75,41.360001,0.5494938168571875,0.0252,12.767868
2009-07-16,BOEING CO,09G725,1.3511217205,0.30000001,0.5,5,0.75,42.049999,0.5490852648906261,0.024599999,12.767868
2009-07-17,BOEING CO,09G725,1.37186154064007,0.30000001,0.5,5,0.75,41.360001,0.5488764363846819,0.0252,12.767868
2009-07-20,BOEING CO,09G725,1.32331057818664,0.30000001,0.5,5,0.75,42.200001,0.5489563599003957,0.024599999,12.767868
2009-07-21,BOEING CO,09G725,1.1207627675957,0.30000001,0.5,5,0.75,43.02,0.549337634946772,0.023600001,12.767868
2009-07-22,BOEING CO,09G725,1.12604520404277,0.30000001,0.5,5,0.75,42.0,0.5495646815579913,0.0243,12.767868
2009-07-23,BOEING CO,09G725,1.04232782633333,0.30000001,0.5,5,0.75,41.950001,0.548410017314761,0.026000001,12.767868
2009-07-24,BOEING CO,09G725,0.990820125,0.30000001,0.5,5,0.75,42.369999,0.5450054288711728,0.025699999,12.767868
2009-07-27,BOEING CO,09G725,0.9449827480860432,0.30000001,0.5,5,0.75,42.240002,0.5445792889013646,0.0263,12.767868
2009-07-28,BOEING CO,09G725,0.899819004552675,0.30000001,0.5,5,0.75,43.25,0.5446746000636173,0.0263,12.767868
2009-07-29,BOEING CO,09G725,0.889694654028317,0.30000001,0.5,5,0.75,43.369999,0.5444879780469881,0.026900001,12.767868
2009-07-30,BOEING CO,09G725,0.8175992506862741,0.30000001,0.5,5,0.75,43.240002,0.5443925587709758,0.0266,12.767868
2009-07-31,BOEING CO,09G725,0.800566277456073,0.30000001,0.5,5,0.75,42.91,0.5428261709502689,0.0253,12.763755
2009-08-03,BOEING CO,09G725,0.798492197666667,0.30000001,0.5,5,0.75,43.790001,0.5430232855588947,0.0266,12.549006
2009-08-04,BOEING CO,09G725,0.816584251333333,0.30000001,0.5,5,0.75,44.16,0.543009194987541,0.026799999,12.549006
2009-08-05,BOEING CO,09G725,0.8166169206666671,0.30000001,0.5,5,0.75,44.029999,0.5393481003968482,0.0273,12.549006
2009-08-06,BOEING CO,09G725,0.764981143967019,0.30000001,0.5,5,0.75,45.52,0.5403706638873783,0.0273,12.549006
2009-08-07,BOEING CO,09G725,0.7297962425887771,0.30000001,0.5,5,0.75,46.689999,0.5409180719285689,0.0284,12.549006
2009-08-10,BOEING CO,09G725,0.76535292100564,0.30000001,0.5,5,0.75,45.77,0.5389595075702176,0.0275,12.549006
2009-08-11,BOEING CO,09G725,0.8310239027524081,0.30000001,0.5,5,0.75,45.389999,0.5387265195692844,0.026900001,12.549006
2009-08-12,BOEING CO,09G725,0.8132634237855723,0.30000001,0.5,5,0.75,46.34,0.5390775547387874,0.027000001,12.549006
2009-08-13,BOEING CO,09G725,0.8561518408000001,0.30000001,0.5,5,0.75,46.619999,0.538548162599581,0.025800001,12.549006
2009-08-14,BOEING CO,09G725,0.867459759968611,0.30000001,0.5,5,0.75,44.869999,0.5397468242865572,0.0251,12.549006
2009-08-17,BOEING CO,09G725,0.953085878028006,0.30000001,0.5,5,0.75,44.16,0.5399410499755452,0.0243,12.549006
2009-08-18,BOEING CO,09G725,0.998330625,0.30000001,0.5,5,0.75,43.779999,0.5398676879096337,0.024800001,12.549006
2009-08-19,BOEING CO,09G725,0.9815745842673796,0.30000001,0.5,5,0.75,43.52,0.5397971819364602,0.0243,12.549006
2009-08-20,BOEING CO,09G725,1.0058316616,0.30000001,0.5,5,0.75,44.740002,0.5405434020416631,0.0243,12.549006
2009-08-21,BOEING CO,09G725,1.0101408428,0.30000001,0.5,5,0.75,45.869999,0.5411319945206083,0.025800001,12.549006
2009-08-24,BOEING CO,09G725,1.003475119187166,0.30000001,0.5,5,0.75,47.130001,0.5409117314582483,0.025,12.549006
2009-08-25,BOEING CO,09G725,1.02760569325,0.30000001,0.5,5,0.75,48.25,0.541003839108256,0.024800001,12.549006
2009-08-26,BOEING CO,09G725,1.048086433,0.30000001,0.5,5,0.75,47.82,0.5409930380151231,0.024599999,12.549006
2009-08-27,BOEING CO,09G725,1.0556791955,0.30000001,0.5,5,0.75,51.82,0.5472262976501652,0.024800001,12.549006
2009-08-28,BOEING CO,09G725,1.02499025,0.30000001,0.5,5,0.75,51.040001,0.5466885187131524,0.024599999,12.549006
2009-08-31,BOEING CO,09G725,1.066679104,0.30000001,0.5,5,0.75,49.669998,0.5472123605991391,0.0239,12.549006
2009-09-01,BOEING CO,09G725,1.067388909,0.30000001,0.5,5,0.75,48.77,0.5474757016340663,0.0233,12.549006
2009-09-02,BOEING CO,09G725,1.07897685518613,0.30000001,0.5,5,0.75,48.400002,0.5475108515296537,0.022600001,12.549006
2009-09-03,BOEING CO,09G725,1.100092200822025,0.30000001,0.5,5,0.75,48.459999,0.5455984515634466,0.0229,12.549006
2009-09-04,BOEING CO,09G725,1.05171566994385,0.30000001,0.5,5,0.75,49.150002,0.5457890701738448,0.023600001,12.549006
2009-09-08,BOEING CO,09G725,1.0750240309441,0.30000001,0.5,5,0.75,49.5,0.5455911791256692,0.023800001,12.549006
2009-09-09,BOEING CO,09G725,1.05284797222813,0.30000001,0.5,5,0.75,50.529999,0.5459960326978633,0.023800001,12.549006
2009-09-10,BOEING CO,09G725,1.04056186832196,0.30000001,0.5,5,0.75,50.490002,0.5448034628639786,0.0229,12.549006
2009-09-11,BOEING CO,09G725,0.988706384504855,0.30000001,0.5,5,0.75,51.349998,0.5448940541235865,0.0229,12.549006
2009-09-14,BOEING CO,09G725,0.961995433961124,0.30000001,0.5,5,0.75,50.970001,0.5448168898196696,0.023700001,12.549006
2009-09-15,BOEING CO,09G725,0.92631729328347,0.30000001,0.5,5,0.75,52.07,0.5449951134420864,0.0241,12.549006
2009-09-16,BOEING CO,09G725,0.88054256893946,0.30000001,0.5,5,0.75,52.360001,0.5449548689712976,0.024599999,12.549006
2009-09-17,BOEING CO,09G725,0.92171181,0.30000001,0.5,5,0.75,52.880001,0.5395845566347104,0.0241,12.549006
2009-09-18,BOEING CO,09G725,0.908547389,0.30000001,0.5,5,0.75,53.02,0.5392523677005484,0.024900001,12.549006
2009-09-21,BOEING CO,09G725,0.916746125,0.30000001,0.5,5,0.75,52.860001,0.5385297880129054,0.024700001,12.549006
2009-09-22,BOEING CO,09G725,0.8773436716442861,0.30000001,0.5,5,0.75,53.139999,0.5383079966879117,0.024499999,12.549006
2009-09-23,BOEING CO,09G725,0.832690513900429,0.30000001,0.5,5,0.75,52.369999,0.537886956657536,0.024,12.549006
2009-09-24,BOEING CO,09G725,0.833295212291809,0.30000001,0.5,5,0.75,51.790001,0.5380079364813137,0.023700001,12.549006
2009-09-25,BOEING CO,09G725,0.845900222514258,0.30000001,0.5,5,0.75,51.52,0.5380357041366236,0.023600001,12.549006
2009-09-28,BOEING CO,09G725,0.854582282478507,0.30000001,0.5,5,0.75,53.07,0.5386445216317574,0.0233,12.549006
2009-09-29,BOEING CO,09G725,0.8426553829637491,0.30000001,0.5,5,0.75,54.619999,0.5371346541916137,0.023399999,12.549006
2009-09-30,BOEING CO,09G725,0.8830396469231181,0.30000001,0.5,5,0.75,54.150002,0.5361780464355979,0.0231,12.549006
2009-10-01,BOEING CO,09G725,0.9150661373587908,0.30000001,0.5,5,0.75,52.110001,0.5373725686082992,0.022,12.549006
2009-10-02,BOEING CO,09G725,0.896060079237968,0.30000001,0.5,5,0.75,51.400002,0.5348089542814318,0.0222,12.549006
2009-10-05,BOEING CO,09G725,0.90957070683831,0.30000001,0.5,5,0.75,52.279999,0.5350508640717572,0.0221,12.549006
2009-10-06,BOEING CO,09G725,0.872830001499744,0.30000001,0.5,5,0.75,52.290001,0.5328939108044257,0.022500001,12.549006
2009-10-07,BOEING CO,09G725,0.90962149421696,0.30000001,0.5,5,0.75,51.790001,0.5314821449622543,0.021600001,12.549006
2009-10-08,BOEING CO,09G725,0.917125390363396,0.30000001,0.5,5,0.75,52.299999,0.5305225543749273,0.0222,12.549006
2009-10-09,BOEING CO,09G725,0.919626082666667,0.30000001,0.5,5,0.75,52.689999,0.5258735884548098,0.023600001,12.549006
2009-10-12,BOEING CO,09G725,0.9196872493333332,0.30000001,0.5,5,0.75,51.66,0.5228202510091817,0.023600001,12.549006
2009-10-13,BOEING CO,09G725,0.949237,0.30000001,0.5,5,0.75,51.900002,0.5076065121237063,0.0228,12.549006
2009-10-14,BOEING CO,09G725,0.9138717220658368,0.30000001,0.5,5,0.75,52.509998,0.5058112225190161,0.023600001,12.549006
2009-10-15,BOEING CO,09G725,0.9445996955141924,0.30000001,0.5,5,0.75,51.759998,0.502204158371621,0.0241,12.549006
2009-10-16,BOEING CO,09G725,0.9766934525,0.30000001,0.5,5,0.75,53.189999,0.4996729801078515,0.023700001,12.549006
2009-10-19,BOEING CO,09G725,0.970330583719407,0.30000001,0.5,5,0.75,53.450001,0.4996401801444323,0.023600001,12.549006
2009-10-20,BOEING CO,09G725,0.9487675970171966,0.30000001,0.5,5,0.75,51.889999,0.4983232439643148,0.023,12.549006
2009-10-21,BOEING CO,09G725,0.96597466762153,0.30000001,0.5,5,0.75,50.630001,0.4989077539052266,0.023800001,12.549006
2009-10-22,BOEING CO,09G725,0.96623236111888,0.30000001,0.5,5,0.75,51.07,0.493058322832347,0.0239,12.549006
2009-10-23,BOEING CO,09G725,0.9697598836898472,0.30000001,0.5,5,0.75,49.889999,0.4865993257093399,0.024599999,12.549006
2009-10-26,BOEING CO,09G725,0.97183766635394,0.30000001,0.5,5,0.75,48.290001,0.4868851321996598,0.0253,12.549006
2009-10-27,BOEING CO,09G725,0.975036368179583,0.30000001,0.5,5,0.75,47.75,0.4827076191406604,0.0241,12.549006
2009-10-28,BOEING CO,09G725,1.0280351365,0.30000001,0.5,5,0.75,47.220001,0.4575865366209876,0.023700001,12.549006
2009-10-29,BOEING CO,09G725,0.979677610481369,0.30000001,0.5,5,0.75,48.810001,0.4584527280070759,0.0244,12.549006
2009-10-30,BOEING CO,09G725,1.01246804638441,0.30000001,0.5,5,0.75,47.799999,0.4585994055937254,0.0231,12.546123
2009-11-02,BOEING CO,09G725,1.01799744211679,0.30000001,0.5,5,0.75,48.27,0.4574614792253889,0.0233,15.191323
2009-11-03,BOEING CO,09G725,1.066658024812834,0.30000001,0.5,5,0.75,48.099998,0.4574066790169344,0.023600001,15.191323
2009-11-04,BOEING CO,09G725,1.04175734833333,0.30000001,0.5,5,0.75,48.07,0.4572485403373146,0.0239,15.191323
2009-11-05,BOEING CO,09G725,1.0540270872,0.30000001,0.5,5,0.75,49.77,0.4533782783445141,0.023499999,15.191323
2009-11-06,BOEING CO,09G725,1.05248875,0.30000001,0.5,5,0.75,49.68,0.4465942871329687,0.023,15.191323
2009-11-09,BOEING CO,09G725,1.02226326905782,0.30000001,0.5,5,0.75,51.349998,0.4474364928060289,0.0231,15.191323
2009-11-10,BOEING CO,09G725,1.038075625,0.30000001,0.5,5,0.75,50.32,0.4478089353656782,0.0231,15.191323
2009-11-11,BOEING CO,09G725,1.0264618,0.30000001,0.5,5,0.75,50.68,0.4452580342617735,0.0231,15.191323
2009-11-12,BOEING CO,09G725,1.03775175,0.30000001,0.5,5,0.75,50.279999,0.4440348031766943,0.0228,15.191323
2009-11-13,BOEING CO,09G725,1.0478115,0.30000001,0.5,5,0.75,50.68,0.4438695125144088,0.0228,15.191323
2009-11-16,BOEING CO,09G725,1.02310479675837,0.30000001,0.5,5,0.75,52.48,0.4423074205647417,0.0219,15.191323
2009-11-17,BOEING CO,09G725,1.015864542,0.30000001,0.5,5,0.75,52.529999,0.4423036646795456,0.0219,15.191323
2009-11-18,BOEING CO,09G725,1.008136993529412,0.30000001,0.5,5,0.75,52.02,0.4405451801215135,0.0221,15.191323
2009-11-19,BOEING CO,09G725,1.02140531100345,0.30000001,0.5,5,0.75,51.43,0.4373696292578506,0.0218,15.191323
2009-11-20,BOEING CO,09G725,1.05749289842113,0.30000001,0.5,5,0.75,51.700001,0.437226367948228,0.022,15.191323
2009-11-23,BOEING CO,09G725,1.034433265955882,0.30000001,0.5,5,0.75,52.630001,0.4326836775927924,0.022,15.191323
2009-11-24,BOEING CO,09G725,1.034486324852941,0.30000001,0.5,5,0.75,51.970001,0.4320050062424646,0.021500001,15.191323
2009-11-25,BOEING CO,09G725,1.0369830555,0.30000001,0.5,5,0.75,52.93,0.4320574328712035,0.0211,15.191323
2009-11-27,BOEING CO,09G725,1.034259563445374,0.30000001,0.5,5,0.75,52.450001,0.4314122602131103,0.020300001,15.191323
2009-11-30,BOEING CO,09G725,1.05225246339733,0.30000001,0.5,5,0.75,52.41,0.4302763880697005,0.020099999,15.191323
2009-12-01,BOEING CO,09G725,0.9903625,0.30000001,0.5,5,0.75,53.720001,0.4258124389158203,0.020300001,15.191323
2009-12-02,BOEING CO,09G725,0.985972364594079,0.30000001,0.5,5,0.75,53.779999,0.4253907494959301,0.0209,15.191323
2009-12-03,BOEING CO,09G725,0.965004457125,0.30000001,0.5,5,0.75,53.77,0.4253322261544595,0.021400001,15.191323
2009-12-04,BOEING CO,09G725,0.917828768479384,0.30000001,0.5,5,0.75,54.68,0.4242905780548167,0.022399999,15.191323
2009-12-07,BOEING CO,09G725,0.897469977174987,0.30000001,0.5,5,0.75,55.82,0.4246624537012538,0.0219,15.191323
2009-12-08,BOEING CO,09G725,0.892810415243454,0.30000001,0.5,5,0.75,55.66,0.4166061190893118,0.021199999,15.191323
2009-12-09,BOEING CO,09G725,0.8506652389999999,0.30000001,0.5,5,0.75,55.470001,0.4137350701916821,0.021500001,15.191323
2009-12-10,BOEING CO,09G725,0.7994379878509039,0.30000001,0.5,5,0.75,55.009998,0.4133967922743698,0.0219,15.191323
2009-12-11,BOEING CO,09G725,0.773419719070365,0.30000001,0.5,5,0.75,55.599998,0.4119634148573115,0.022600001,15.191323
2009-12-14,BOEING CO,09G725,0.7006552913866341,0.30000001,0.5,5,0.75,56.049999,0.4110273716802499,0.023,15.191323
2009-12-15,BOEING CO,09G725,0.6815928964,0.30000001,0.5,5,0.75,55.669998,0.410892219770646,0.023499999,15.191323
2009-12-16,BOEING CO,09G725,0.635692676781891,0.30000001,0.5,5,0.75,55.130001,0.4031935283819289,0.023499999,15.191323
2009-12-17,BOEING CO,09G725,0.608914875407069,0.30000001,0.5,5,0.75,54.470001,0.4027871987395855,0.022399999,15.191323
2009-12-18,BOEING CO,09G725,0.6023642069269151,0.30000001,0.5,5,0.75,53.439999,0.4033084753697246,0.023,15.191323
2009-12-21,BOEING CO,09G725,0.575183125,0.30000001,0.5,5,0.75,54.299999,0.4035637395775292,0.0243,15.191323
2009-12-22,BOEING CO,09G725,0.548455,0.30000001,0.5,5,0.75,55.099998,0.4037532125632141,0.024900001,15.191323
2009-12-23,BOEING CO,09G725,0.56000671684492,0.30000001,0.5,5,0.75,54.959999,0.4029812123473097,0.0251,15.191323
2009-12-24,BOEING CO,09G725,0.544257083333333,0.30000001,0.5,5,0.75,55.48,0.4030479604396082,0.025699999,15.191323
2009-12-28,BOEING CO,09G725,0.537829,0.30000001,0.5,5,0.75,55.139999,0.4030347178772554,0.0262,15.191323
2009-12-29,BOEING CO,09G725,0.52007625,0.30000001,0.5,5,0.75,55.209999,0.4027531194992318,0.0262,15.191323
2009-12-30,BOEING CO,09G725,0.5332661249999999,0.30000001,0.5,5,0.75,54.959999,0.4016903185516471,0.0261,15.191323
2009-12-31,BOEING CO,09G725,0.5211833502,0.30000001,0.5,5,0.75,54.130001,0.4006793722580125,0.026900001,15.191323
2010-01-04,BOEING CO,09G725,0.5082023553659389,0.30000001,0.5,5,0.75,56.18,0.3979638625066646,0.0265,15.191323
2010-01-05,BOEING CO,09G725,0.482996466,0.30000001,0.5,5,0.75,58.02,0.3987527173338146,0.025599999,15.191323
2010-01-06,BOEING CO,09G725,0.468252365012428,0.30000001,0.5,5,0.75,59.779999,0.3998005581833499,0.026000001,15.191323
2010-01-07,BOEING CO,09G725,0.466574505601881,0.30000001,0.5,5,0.75,62.200001,0.4001504417413156,0.0262,15.191323
2010-01-08,BOEING CO,09G725,0.46336375,0.30000001,0.5,5,0.75,61.599998,0.4003118059280946,0.025699999,15.191323
2010-01-11,BOEING CO,09G725,0.457468,0.30000001,0.5,5,0.75,60.869999,0.4004339940852598,0.025800001,15.191323
2010-01-12,BOEING CO,09G725,0.4825971978799614,0.30000001,0.5,5,0.75,60.43,0.4001416787837782,0.024900001,15.191323
2010-01-13,BOEING CO,09G725,0.499613268717951,0.30000001,0.5,5,0.75,61.16,0.3990594545899746,0.0255,15.191323
2010-01-14,BOEING CO,09G725,0.504697502347764,0.30000001,0.5,5,0.75,61.560001,0.3978231583558513,0.0251,15.191323
2010-01-15,BOEING CO,09G725,0.5196467578962161,0.30000001,0.5,5,0.75,60.82,0.3979945361835982,0.0244,15.191323
2010-01-19,BOEING CO,09G725,0.5291360796732301,0.30000001,0.5,5,0.75,60.650002,0.3965039030872953,0.024800001,15.191323
2010-01-20,BOEING CO,09G725,0.5495817223128295,0.30000001,0.5,5,0.75,60.200001,0.3932553181746098,0.024499999,15.191323
2010-01-21,BOEING CO,09G725,0.576258724306649,0.30000001,0.5,5,0.75,59.200001,0.3910545481564167,0.023800001,15.191323
2010-01-22,BOEING CO,09G725,0.629812977877957,0.30000001,0.5,5,0.75,57.77,0.3919092182846487,0.023700001,15.191323
2010-01-25,BOEING CO,09G725,0.633347177424901,0.30000001,0.5,5,0.75,57.779999,0.3918233569533069,0.0239,15.191323
2010-01-26,BOEING CO,09G725,0.6143364319122719,0.30000001,0.5,5,0.75,57.709999,0.3911633024299388,0.023800001,15.191323
2010-01-27,BOEING CO,09G725,0.613368381301615,0.30000001,0.5,5,0.75,61.93,0.3976348786986554,0.0243,15.191323
2010-01-28,BOEING CO,09G725,0.6226342914241618,0.30000001,0.5,5,0.75,62.560001,0.3977185551336274,0.0241,15.191323
2010-01-29,BOEING CO,09G725,0.632728994582914,0.30000001,0.5,5,0.75,60.599998,0.3944875829911355,0.023399999,15.191323
2010-02-01,BOEING CO,09G725,0.610480136294835,0.30000001,0.5,5,0.75,61.700001,0.3930456911393886,0.023800001,15.191323
2010-02-02,BOEING CO,09G725,0.620013022474307,0.30000001,0.5,5,0.75,61.939999,0.3912282528381353,0.023700001,15.191323
2010-02-03,BOEING CO,09G725,0.612374358210723,0.30000001,0.5,5,0.75,61.459999,0.390116529612188,0.024,15.191323
2010-02-04,BOEING CO,09G725,0.6099681645486684,0.30000001,0.5,5,0.75,59.32,0.39181194872076,0.0229,15.191323
2010-02-05,BOEING CO,09G725,0.648280182459355,0.30000001,0.5,5,0.75,58.400002,0.3918604585177662,0.022299999,15.191323
2010-02-08,BOEING CO,09G725,0.7003544986764706,0.30000001,0.5,5,0.75,57.889999,0.3919868447906719,0.022600001,15.191323
2010-02-09,BOEING CO,09G725,0.713936,0.30000001,0.5,5,0.75,59.740002,0.3931322701062585,0.0232,15.191323
2010-02-10,BOEING CO,09G725,0.715472125,0.30000001,0.5,5,0.75,59.540001,0.388163939432801,0.0239,15.191323
2010-02-11,BOEING CO,09G725,0.71482875,0.30000001,0.5,5,0.75,60.59,0.3884780742520068,0.0239,15.191323
2010-02-12,BOEING CO,09G725,0.71582225,0.30000001,0.5,5,0.75,59.650002,0.3886335467150335,0.023499999,15.191323
2010-02-16,BOEING CO,09G725,0.713189375,0.30000001,0.5,5,0.75,61.259998,0.3892012832403672,0.0232,15.191323
2010-02-17,BOEING CO,09G725,0.690382349259839,0.30000001,0.5,5,0.75,61.82,0.3856450446361461,0.024,15.191323
2010-02-18,BOEING CO,09G725,0.671184301301232,0.30000001,0.5,5,0.75,62.889999,0.3856770045496159,0.024599999,15.191323
2010-02-19,BOEING CO,09G725,0.657806083886913,0.30000001,0.5,5,0.75,63.59,0.3855450850419056,0.024800001,15.191323
2010-02-22,BOEING CO,09G725,0.643819990261949,0.30000001,0.5,5,0.75,63.970001,0.3838555142920828,0.024700001,15.191323
2010-02-23,BOEING CO,09G725,0.636594274652498,0.30000001,0.5,5,0.75,62.77,0.3806758488013471,0.023700001,15.191323
2010-02-24,BOEING CO,09G725,0.641766302719434,0.30000001,0.5,5,0.75,63.48,0.3799029290839157,0.024,15.191323
2010-02-25,BOEING CO,09G725,0.649596406059248,0.30000001,0.5,5,0.75,62.869999,0.3773038026972265,0.0233,15.191323
2010-02-26,BOEING CO,09G725,0.65361653181832,0.30000001,0.5,5,0.75,63.16,0.3753463658767434,0.023,14.581704
2010-03-01,BOEING CO,09G725,0.6423527134868631,0.30000001,0.5,5,0.75,64.0,0.3731229743759234,0.0228,17.073196
2010-03-02,BOEING CO,09G725,0.625845749909243,0.30000001,0.5,5,0.75,64.440002,0.3674534516728571,0.022700001,17.073196
2010-03-03,BOEING CO,09G725,0.619018175970082,0.30000001,0.5,5,0.75,64.449997,0.3673676652498287,0.022700001,17.073196
2010-03-04,BOEING CO,09G725,0.634540955073444,0.30000001,0.5,5,0.75,65.550003,0.3664807524227599,0.0228,17.073196
2010-03-05,BOEING CO,09G725,0.635068103964293,0.30000001,0.5,5,0.75,67.93,0.3663670399950323,0.023499999,17.073196
2010-03-08,BOEING CO,09G725,0.630788694637514,0.30000001,0.5,5,0.75,67.239998,0.3660532948241753,0.023600001,17.073196
2010-03-09,BOEING CO,09G725,0.629403858734052,0.30000001,0.5,5,0.75,67.790001,0.365129942465834,0.023399999,17.073196
2010-03-10,BOEING CO,09G725,0.623171417354627,0.30000001,0.5,5,0.75,70.010002,0.3611077065658656,0.0239,17.073196
2010-03-11,BOEING CO,09G725,0.626551194253138,0.30000001,0.5,5,0.75,70.07,0.3610882583996492,0.0243,17.073196
2010-03-12,BOEING CO,09G725,0.6299315413333401,0.30000001,0.5,5,0.75,69.830002,0.3610735707092781,0.0242,17.073196
2010-03-15,BOEING CO,09G725,0.68555775,0.30000001,0.5,5,0.75,69.400002,0.361054735992599,0.0242,17.073196
2010-03-16,BOEING CO,09G725,0.6701419589251337,0.30000001,0.5,5,0.75,68.720001,0.3611629969347586,0.023700001,17.073196
2010-03-17,BOEING CO,09G725,0.6833750000000001,0.30000001,0.5,5,0.75,69.379997,0.3609143464173789,0.023800001,17.073196
2010-03-18,BOEING CO,09G725,0.6829155,0.30000001,0.5,5,0.75,70.870003,0.360620897805958,0.0244,17.073196
2010-03-19,BOEING CO,09G725,0.687949809686684,0.30000001,0.5,5,0.75,70.720001,0.3601072973009846,0.024800001,17.073196
2010-03-22,BOEING CO,09G725,0.70866824213478,0.30000001,0.5,5,0.75,71.910004,0.3596337119738724,0.0243,17.073196
2010-03-23,BOEING CO,09G725,0.70478933315547,0.30000001,0.5,5,0.75,72.18,0.3488452487794999,0.0244,17.073196
2010-03-24,BOEING CO,09G725,0.673944360511735,0.30000001,0.5,5,0.75,72.32,0.3485761362000792,0.0262,17.073196
2010-03-25,BOEING CO,09G725,0.654548444886821,0.30000001,0.5,5,0.75,72.489998,0.347780932673314,0.0265,17.073196
2010-03-26,BOEING CO,09G725,0.636776919379832,0.30000001,0.5,5,0.75,72.589996,0.3454431297410271,0.025900001,17.073196
2010-03-29,BOEING CO,09G725,0.635888894914318,0.30000001,0.5,5,0.75,74.110001,0.3444029381198844,0.026000001,17.073196
2010-03-30,BOEING CO,09G725,0.6398919356,0.30000001,0.5,5,0.75,73.529999,0.3398581557283737,0.026000001,17.073196
2010-03-31,BOEING CO,09G725,0.64425939925,0.30000001,0.5,5,0.75,72.610001,0.3402202223517812,0.0255,17.073196
2010-04-01,BOEING CO,09G725,0.6345019202470996,0.30000001,0.5,5,0.75,72.989998,0.3401505295414453,0.025900001,17.073196
2010-04-05,BOEING CO,09G725,0.623851029496089,0.30000001,0.5,5,0.75,72.040001,0.337326070272621,0.0275,17.073196
2010-04-06,BOEING CO,09G725,0.624857154242198,0.30000001,0.5,5,0.75,72.360001,0.3371745568487257,0.027100001,17.073196
2010-04-07,BOEING CO,09G725,0.626653524916832,0.30000001,0.5,5,0.75,72.099998,0.3371022944743411,0.0262,17.073196
2010-04-08,BOEING CO,09G725,0.626355232354898,0.30000001,0.5,5,0.75,72.279999,0.3343620749278403,0.0264,17.073196
2010-04-09,BOEING CO,09G725,0.627859336631689,0.30000001,0.5,5,0.75,72.419998,0.3343483677177232,0.0265,17.073196
2010-04-12,BOEING CO,09G725,0.625410294175584,0.30000001,0.5,5,0.75,71.919998,0.3292402222608433,0.026000001,17.073196
2010-04-13,BOEING CO,09G725,0.6099151884500651,0.30000001,0.5,5,0.75,71.190002,0.3250349810655774,0.025800001,17.073196
2010-04-14,BOEING CO,09G725,0.5904309636,0.30000001,0.5,5,0.75,71.699997,0.3250082386798571,0.0261,17.073196
2010-04-15,BOEING CO,09G725,0.5933589242147269,0.30000001,0.5,5,0.75,72.089996,0.3248187183126603,0.025699999,17.073196
2010-04-16,BOEING CO,09G725,0.594665639955255,0.30000001,0.5,5,0.75,70.790001,0.3249376854314695,0.024900001,17.073196
2010-04-19,BOEING CO,09G725,0.6202123626,0.30000001,0.5,5,0.75,70.959999,0.3249050158442584,0.0254,17.073196
2010-04-20,BOEING CO,09G725,0.605387609969452,0.30000001,0.5,5,0.75,71.410004,0.3208916744762615,0.025599999,17.073196
2010-04-21,BOEING CO,09G725,0.608808982571429,0.30000001,0.5,5,0.75,74.160004,0.3228452459104077,0.0252,17.073196
2010-04-22,BOEING CO,09G725,0.6143896297741069,0.30000001,0.5,5,0.75,75.589996,0.3229191246619922,0.025699999,17.073196
2010-04-23,BOEING CO,09G725,0.601900771316649,0.30000001,0.5,5,0.75,75.129997,0.3227553756640318,0.0261,17.073196
2010-04-26,BOEING CO,09G725,0.605039433711681,0.30000001,0.5,5,0.75,74.339996,0.3225453386149207,0.026000001,17.073196
2010-04-27,BOEING CO,09G725,0.6397892165,0.30000001,0.5,5,0.75,72.480003,0.323328880581153,0.024599999,17.073196
2010-04-28,BOEING CO,09G725,0.632599014510161,0.30000001,0.5,5,0.75,72.370003,0.322825918726059,0.0253,17.073196
2010-04-29,BOEING CO,09G725,0.630768686888724,0.30000001,0.5,5,0.75,73.790001,0.3206479350854878,0.024900001,17.073196
2010-04-30,BOEING CO,09G725,0.6408934869999999,0.30000001,0.5,5,0.75,72.43,0.3209933431099031,0.0243,17.026838
2010-05-03,BOEING CO,09G725,0.633323824445826,0.30000001,0.5,5,0.75,74.389999,0.3208417918771734,0.024700001,17.05187
2010-05-04,BOEING CO,09G725,0.656244,0.30000001,0.5,5,0.75,72.790001,0.3210650308934744,0.023800001,17.05187
2010-05-05,BOEING CO,09G725,0.6674187579211759,0.30000001,0.5,5,0.75,71.0,0.321109327043663,0.0231,17.05187
2010-05-06,BOEING CO,09G725,0.7364225133975295,0.30000001,0.5,5,0.75,67.970001,0.322664346557191,0.021299999,17.05187
2010-05-07,BOEING CO,09G725,0.768196652750528,0.30000001,0.5,5,0.75,66.720001,0.322854010032292,0.0217,17.05187
2010-05-10,BOEING CO,09G725,0.675299884,0.30000001,0.5,5,0.75,71.0,0.3248316595322205,0.022700001,17.05187
2010-05-11,BOEING CO,09G725,0.6728176661085733,0.30000001,0.5,5,0.75,71.419998,0.323779398042303,0.022600001,17.05187
2010-05-12,BOEING CO,09G725,0.6439478422921789,0.30000001,0.5,5,0.75,72.870003,0.3238811724703713,0.0229,17.05187
2010-05-13,BOEING CO,09G725,0.640830779645039,0.30000001,0.5,5,0.75,71.760002,0.3231077156516208,0.022700001,17.05187
2010-05-14,BOEING CO,09G725,0.6798903035,0.30000001,0.5,5,0.75,69.82,0.3243129317870706,0.021600001,17.05187
2010-05-17,BOEING CO,09G725,0.7066709776000001,0.30000001,0.5,5,0.75,69.68,0.3241044008490307,0.022,17.05187
2010-05-18,BOEING CO,09G725,0.721589839103985,0.30000001,0.5,5,0.75,67.724998,0.3241466872883528,0.0211,17.05187
2010-05-19,BOEING CO,09G725,0.745826571949473,0.30000001,0.5,5,0.75,66.209999,0.3250411554026067,0.021299999,17.05187
2010-05-20,BOEING CO,09G725,0.783389740008767,0.30000001,0.5,5,0.75,63.0,0.3289131084650041,0.020400001,17.05187
2010-05-21,BOEING CO,09G725,0.799317066268717,0.30000001,0.5,5,0.75,64.559998,0.3282725917502479,0.020199999,17.05187
2010-05-24,BOEING CO,09G725,0.7969922431078851,0.30000001,0.5,5,0.75,63.150002,0.3289815676707543,0.020400001,17.05187
2010-05-25,BOEING CO,09G725,0.826665775214927,0.30000001,0.5,5,0.75,62.779999,0.3279887845867939,0.020099999,17.05187
2010-05-26,BOEING CO,09G725,0.8089369289547369,0.30000001,0.5,5,0.75,63.259998,0.3276909440885926,0.0206,17.05187
2010-05-27,BOEING CO,09G725,0.7802975576666671,0.30000001,0.5,5,0.75,65.129997,0.3285043359622148,0.0218,17.05187
2010-05-28,BOEING CO,09G725,0.775499495545181,0.30000001,0.5,5,0.75,64.18,0.3287579741725749,0.021,17.05187
2010-06-01,BOEING CO,09G725,0.7865802220000001,0.30000001,0.5,5,0.75,62.950001,0.3235136746641538,0.0209,17.05187
2010-06-02,BOEING CO,09G725,0.779652703375,0.30000001,0.5,5,0.75,64.339996,0.3227752298955597,0.021400001,17.05187
2010-06-03,BOEING CO,09G725,0.768651146714286,0.30000001,0.5,5,0.75,64.309998,0.3222600467107636,0.0217,17.05187
2010-06-04,BOEING CO,09G725,0.776167962519316,0.30000001,0.5,5,0.75,61.1525,0.323166284780451,0.0198,17.05187
2010-06-07,BOEING CO,09G725,0.781888722142857,0.30000001,0.5,5,0.75,60.110001,0.3211583067547121,0.0195,17.05187
2010-06-08,BOEING CO,09G725,0.784382158305574,0.30000001,0.5,5,0.75,61.014999,0.3214620595968281,0.0198,17.05187
2010-06-09,BOEING CO,09G725,0.782842277748724,0.30000001,0.5,5,0.75,61.709999,0.321475635729422,0.0199,17.05187
2010-06-10,BOEING CO,09G725,0.793187449,0.30000001,0.5,5,0.75,63.889999,0.3232979996589394,0.021199999,17.05187
2010-06-11,BOEING CO,09G725,0.776130598566827,0.30000001,0.5,5,0.75,65.379997,0.3224052735670536,0.020300001,17.05187
2010-06-14,BOEING CO,09G725,0.751022479491652,0.30000001,0.5,5,0.75,64.82,0.3222468428434224,0.0207,17.05187
2010-06-15,BOEING CO,09G725,0.7506931126,0.30000001,0.5,5,0.75,67.480003,0.3223576623611846,0.021,17.05187
2010-06-16,BOEING CO,09G725,0.730481417808053,0.30000001,0.5,5,0.75,67.029999,0.3220892726679581,0.0206,17.05187
2010-06-17,BOEING CO,09G725,0.730394906150205,0.30000001,0.5,5,0.75,67.260002,0.3220106188130879,0.020099999,17.05187
2010-06-18,BOEING CO,09G725,0.7205099691832471,0.30000001,0.5,5,0.75,67.959999,0.3220580959920182,0.020400001,17.05187
2010-06-21,BOEING CO,09G725,0.675712900774418,0.30000001,0.5,5,0.75,67.970001,0.3218269952709763,0.020500001,17.05187
2010-06-22,BOEING CO,09G725,0.694417375,0.30000001,0.5,5,0.75,66.279999,0.3211785889650574,0.0198,17.05187
2010-06-23,BOEING CO,09G725,0.687353823990264,0.30000001,0.5,5,0.75,67.449997,0.3145961445035732,0.019300001,17.05187
2010-06-24,BOEING CO,09G725,0.7069644822,0.30000001,0.5,5,0.75,67.43,0.3087566469767419,0.019300001,17.05187
2010-06-25,BOEING CO,09G725,0.690851672212037,0.30000001,0.5,5,0.75,68.769997,0.3080714841703799,0.018999999,17.05187
2010-06-28,BOEING CO,09G725,0.7050710248,0.30000001,0.5,5,0.75,67.300003,0.3084796088186262,0.018300001,17.05187
2010-06-29,BOEING CO,09G725,0.7163435935,0.30000001,0.5,5,0.75,63.040001,0.3149235172383574,0.0178,17.05187
2010-06-30,BOEING CO,09G725,0.7158532696000001,0.30000001,0.5,5,0.75,62.75,0.3149441730736988,0.017899999,17.05187
2010-07-01,BOEING CO,09G725,0.744930096333333,0.30000001,0.5,5,0.75,62.259998,0.314985702137837,0.017999999,17.05187
2010-07-02,BOEING CO,09G725,0.7365737869759358,0.30000001,0.5,5,0.75,61.939999,0.3130991191338938,0.018200001,17.05187
2010-07-06,BOEING CO,09G725,0.742347554084034,0.30000001,0.5,5,0.75,61.360001,0.3131869633667959,0.0176,17.05187
2010-07-07,BOEING CO,09G725,0.745787956857143,0.30000001,0.5,5,0.75,63.299999,0.3120704650410003,0.017899999,17.05187
2010-07-08,BOEING CO,09G725,0.724819940187329,0.30000001,0.5,5,0.75,64.730003,0.3125473006508276,0.017999999,17.05187
2010-07-09,BOEING CO,09G725,0.7070835915614461,0.30000001,0.5,5,0.75,64.660004,0.3124464798757399,0.0185,17.05187
2010-07-12,BOEING CO,09G725,0.698286231319601,0.30000001,0.5,5,0.75,64.339996,0.3124594945541235,0.0185,17.05187
2010-07-13,BOEING CO,09G725,0.6662626279267869,0.30000001,0.5,5,0.75,64.43,0.311955799811327,0.018999999,17.05187
2010-07-14,BOEING CO,09G725,0.6683457754308519,0.30000001,0.5,5,0.75,64.75,0.3119545382256047,0.018200001,17.05187
2010-07-15,BOEING CO,09G725,0.669102555428571,0.30000001,0.5,5,0.75,64.370003,0.3113217397795753,0.0176,17.05187
2010-07-16,BOEING CO,09G725,0.670594887714286,0.30000001,0.5,5,0.75,61.900002,0.3135880679183217,0.017000001,17.05187
2010-07-19,BOEING CO,09G725,0.670501324857143,0.30000001,0.5,5,0.75,63.18,0.3136122665582913,0.0173,17.05187
2010-07-20,BOEING CO,09G725,0.67238916375,0.30000001,0.5,5,0.75,63.880001,0.3132069454325743,0.017100001,17.05187
2010-07-21,BOEING CO,09G725,0.671430641428571,0.30000001,0.5,5,0.75,63.18,0.3129799881748652,0.0166,17.05187
2010-07-22,BOEING CO,09G725,0.66111342337803,0.30000001,0.5,5,0.75,66.599998,0.3162610262294531,0.016899999,17.05187
2010-07-23,BOEING CO,09G725,0.6566466681666671,0.30000001,0.5,5,0.75,67.93,0.3167437508487214,0.0175,17.05187
2010-07-26,BOEING CO,09G725,0.6365158006645699,0.30000001,0.5,5,0.75,68.849998,0.3168504131814851,0.0176,17.05187
2010-07-27,BOEING CO,09G725,0.629476858111744,0.30000001,0.5,5,0.75,68.620003,0.3168551239503423,0.018200001,17.05187
2010-07-28,BOEING CO,09G725,0.634030111240252,0.30000001,0.5,5,0.75,67.32,0.3168123570499063,0.0175,17.05187
2010-07-29,BOEING CO,09G725,0.627450920501553,0.30000001,0.5,5,0.75,67.220001,0.3168316616742993,0.017000001,17.05187
2010-07-30,BOEING CO,09G725,0.6209302854475239,0.30000001,0.5,5,0.75,68.139999,0.3170031849861468,0.016000001,17.689404
2010-08-02,BOEING CO,09G725,0.618457120714286,0.30000001,0.5,5,0.75,69.690002,0.3175189660592697,0.0164,17.693502
2010-08-03,BOEING CO,09G725,0.61146544858509,0.30000001,0.5,5,0.75,69.540001,0.317019168192272,0.0155,17.693502
2010-08-04,BOEING CO,09G725,0.60958626276548,0.30000001,0.5,5,0.75,69.25,0.3169564488517009,0.0162,17.693502
2010-08-05,BOEING CO,09G725,0.6263593718,0.30000001,0.5,5,0.75,68.709999,0.3170803614252521,0.015699999,17.693502
2010-08-06,BOEING CO,09G725,0.6344405558,0.30000001,0.5,5,0.75,68.699997,0.3154798916122081,0.0151,17.693502
2010-08-09,BOEING CO,09G725,0.6292283238987191,0.30000001,0.5,5,0.75,68.989998,0.3145858170406343,0.0154,17.693502
2010-08-10,BOEING CO,09G725,0.6338237972523331,0.30000001,0.5,5,0.75,68.620003,0.313925036226834,0.0146,17.693502
2010-08-11,BOEING CO,09G725,0.652854666,0.30000001,0.5,5,0.75,65.599998,0.3171067885364121,0.0144,17.693502
2010-08-12,BOEING CO,09G725,0.6511260232010939,0.30000001,0.5,5,0.75,64.699997,0.3168984073577297,0.0148,17.693502
2010-08-13,BOEING CO,09G725,0.647928496523142,0.30000001,0.5,5,0.75,64.839996,0.3168680153783456,0.0147,17.693502
2010-08-16,BOEING CO,09G725,0.656625370224272,0.30000001,0.5,5,0.75,64.400002,0.3145361062913315,0.014,17.693502
2010-08-17,BOEING CO,09G725,0.658843342379928,0.30000001,0.5,5,0.75,65.989998,0.3148732406809043,0.0144,17.693502
2010-08-18,BOEING CO,09G725,0.665885743237397,0.30000001,0.5,5,0.75,66.0,0.3147015079808825,0.0146,17.693502
2010-08-19,BOEING CO,09G725,0.681087354977731,0.30000001,0.5,5,0.75,64.620003,0.3154329908300396,0.0141,17.693502
2010-08-20,BOEING CO,09G725,0.701374810434782,0.30000001,0.5,5,0.75,64.599998,0.3143451698933953,0.0147,17.693502
2010-08-23,BOEING CO,09G725,0.6994301653299831,0.30000001,0.5,5,0.75,63.299999,0.3142163080728928,0.0143,17.693502
2010-08-24,BOEING CO,09G725,0.7166860097625619,0.30000001,0.5,5,0.75,60.93,0.3155501147367263,0.0136,17.693502
2010-08-25,BOEING CO,09G725,0.7324612855845741,0.30000001,0.5,5,0.75,60.759998,0.3147710624546509,0.014,17.693502
2010-08-26,BOEING CO,09G725,0.7270538797676868,0.30000001,0.5,5,0.75,61.32,0.3147069700195289,0.0138,17.693502
2010-08-27,BOEING CO,09G725,0.7538061677069237,0.30000001,0.5,5,0.75,63.16,0.3050376255735319,0.0149,17.693502
2010-08-30,BOEING CO,09G725,0.7507645779550544,0.30000001,0.5,5,0.75,62.099998,0.3051344361090947,0.0139,17.693502
2010-08-31,BOEING CO,09G725,0.7728080660722656,0.30000001,0.5,5,0.75,61.130001,0.3043088243261238,0.0133,17.693502
2010-09-01,BOEING CO,09G725,0.7612138112274922,0.30000001,0.5,5,0.75,62.290001,0.3042155982617213,0.0141,17.693502
2010-09-02,BOEING CO,09G725,0.7381056231295342,0.30000001,0.5,5,0.75,63.389999,0.3045254813323092,0.0143,17.693502
2010-09-03,BOEING CO,09G725,0.7310359504566726,0.30000001,0.5,5,0.75,64.639999,0.3050778194734132,0.0149,17.693502
2010-09-07,BOEING CO,09G725,0.7243636901213056,0.30000001,0.5,5,0.75,63.419998,0.3054796571157467,0.0141,17.693502
2010-09-08,BOEING CO,09G725,0.7267235849867472,0.30000001,0.5,5,0.75,64.5,0.3058291710191752,0.0146,17.693502
2010-09-09,BOEING CO,09G725,0.7174009090595395,0.30000001,0.5,5,0.75,63.439999,0.3057171316726548,0.015699999,17.693502
2010-09-10,BOEING CO,09G725,0.715382398985589,0.30000001,0.5,5,0.75,63.84,0.3057531027940418,0.015900001,17.693502
2010-09-13,BOEING CO,09G725,0.6968941152727968,0.30000001,0.5,5,0.75,64.190002,0.3053711508383733,0.0151,17.693502
2010-09-14,BOEING CO,09G725,0.6871411424974276,0.30000001,0.5,5,0.75,62.759998,0.3061527403564069,0.0143,17.693502
2010-09-15,BOEING CO,09G725,0.6885862170213388,0.30000001,0.5,5,0.75,62.73,0.3054662207220661,0.0146,17.693502
2010-09-16,BOEING CO,09G725,0.6914756842244114,0.30000001,0.5,5,0.75,62.580002,0.305451227621204,0.0148,17.693502
2010-09-17,BOEING CO,09G725,0.6826366706009843,0.30000001,0.5,5,0.75,62.950001,0.3053594601987467,0.0146,17.693502
2010-09-20,BOEING CO,09G725,0.6997719848629237,0.30000001,0.5,5,0.75,63.720001,0.3055619856997517,0.0143,17.693502
2010-09-21,BOEING CO,09G725,0.7126252084606374,0.30000001,0.5,5,0.75,64.230003,0.3056143764097682,0.0134,17.693502
2010-09-22,BOEING CO,09G725,0.7275848142118511,0.30000001,0.5,5,0.75,63.900002,0.3056475347834197,0.0133,17.693502
2010-09-23,BOEING CO,09G725,0.7458347694954242,0.30000001,0.5,5,0.75,62.650002,0.3059485381604611,0.0134,17.693502
2010-09-24,BOEING CO,09G725,0.7410114314834015,0.30000001,0.5,5,0.75,64.599998,0.307183270497787,0.0137,17.693502
2010-09-27,BOEING CO,09G725,0.7378201702645116,0.30000001,0.5,5,0.75,63.889999,0.3073584321987204,0.0131,17.693502
2010-09-28,BOEING CO,09G725,0.733779689791159,0.30000001,0.5,5,0.75,64.519997,0.3061090728670465,0.0125,17.693502
2010-09-29,BOEING CO,09G725,0.7217741758485401,0.30000001,0.5,5,0.75,65.970001,0.3055604573976579,0.0128,17.693502
2010-09-30,BOEING CO,09G725,0.7089328629936611,0.30000001,0.5,5,0.75,66.540001,0.30550048080145,0.0127,17.693502
2010-10-01,BOEING CO,09G725,0.7170196065131103,0.30000001,0.5,5,0.75,66.830002,0.303025176262691,0.0126,17.693502
2010-10-04,BOEING CO,09G725,0.7116638702870544,0.30000001,0.5,5,0.75,66.330002,0.3027844157332505,0.0123,17.693502
2010-10-05,BOEING CO,09G725,0.6893607570239232,0.30000001,0.5,5,0.75,68.599998,0.3041605175563662,0.0121,17.693502
2010-10-06,BOEING CO,09G725,0.7019371013115159,0.30000001,0.5,5,0.75,68.580002,0.304162825730284,0.0116,17.693502
2010-10-07,BOEING CO,09G725,0.686371647433085,0.30000001,0.5,5,0.75,68.459999,0.303981483898938,0.0114,17.693502
2010-10-08,BOEING CO,09G725,0.6969797616937744,0.30000001,0.5,5,0.75,69.230003,0.3040234708444297,0.0111,17.693502
2010-10-11,BOEING CO,09G725,0.693024653470356,0.30000001,0.5,5,0.75,69.989998,0.3041139608700282,0.0111,17.693502
2010-10-12,BOEING CO,09G725,0.6968352553642173,0.30000001,0.5,5,0.75,70.220001,0.3033901328757783,0.0114,17.693502
2010-10-13,BOEING CO,09G725,0.6812166914487461,0.30000001,0.5,5,0.75,71.470001,0.3038113026458169,0.0113,17.693502
2010-10-14,BOEING CO,09G725,0.693116461197395,0.30000001,0.5,5,0.75,71.360001,0.3036542174511261,0.0118,17.693502
2010-10-15,BOEING CO,09G725,0.6915446460151067,0.30000001,0.5,5,0.75,70.110001,0.3038407964309235,0.012,17.693502
2010-10-18,BOEING CO,09G725,0.6919777072576198,0.30000001,0.5,5,0.75,70.230003,0.3027056713957794,0.0114,17.693502
2010-10-19,BOEING CO,09G725,0.7015188507008655,0.30000001,0.5,5,0.75,69.050003,0.3032310702917456,0.0111,17.693502
2010-10-20,BOEING CO,09G725,0.6989092061685422,0.30000001,0.5,5,0.75,71.360001,0.3033768695623313,0.0111,17.693502
2010-10-21,BOEING CO,09G725,0.6953892870296495,0.30000001,0.5,5,0.75,71.5,0.3022664297926583,0.0115,17.693502
2010-10-22,BOEING CO,09G725,0.692936012373658,0.30000001,0.5,5,0.75,71.260002,0.302225103447003,0.0117,17.693502
2010-10-25,BOEING CO,09G725,0.6786373905272531,0.30000001,0.5,5,0.75,71.660004,0.3012302591384453,0.012,17.693502
2010-10-26,BOEING CO,09G725,0.6803760511715445,0.30000001,0.5,5,0.75,71.300003,0.2993930502824675,0.0127,17.693502
2010-10-27,BOEING CO,09G725,0.7046003066842907,0.30000001,0.5,5,0.75,70.860001,0.2992165783726509,0.0134,17.693502
2010-10-28,BOEING CO,09G725,0.6792360129879835,0.30000001,0.5,5,0.75,71.269997,0.2989592600410308,0.0123,17.693502
2010-10-29,BOEING CO,09G725,0.6894370117601201,0.30000001,0.5,5,0.75,70.639999,0.2974443934003701,0.0117,17.647701
2010-11-01,BOEING CO,09G725,0.6889891666952372,0.30000001,0.5,5,0.75,70.480003,0.2966185691793574,0.0117,16.929306
2010-11-02,BOEING CO,09G725,0.6756482886646761,0.30000001,0.5,5,0.75,69.779999,0.2967412939396505,0.0115,16.929306
2010-11-03,BOEING CO,09G725,0.6834115153282676,0.30000001,0.5,5,0.75,68.940002,0.2967965104487485,0.0111,16.929306
2010-11-04,BOEING CO,09G725,0.6749683760001057,0.30000001,0.5,5,0.75,70.849998,0.2978635097685808,0.0104,16.929306
2010-11-05,BOEING CO,09G725,0.6534331781830857,0.30000001,0.5,5,0.75,71.269997,0.2959824308691499,0.011,16.929306
2010-11-08,BOEING CO,09G725,0.665499531329488,0.30000001,0.5,5,0.75,70.209999,0.2964260703275847,0.0113,16.929306
2010-11-09,BOEING CO,09G725,0.6585212009136502,0.30000001,0.5,5,0.75,69.25,0.2950740139051935,0.0127,16.929306
2010-11-10,BOEING CO,09G725,0.691610640988445,0.30000001,0.5,5,0.75,67.07,0.296130220145056,0.0123,16.929306
2010-11-11,BOEING CO,09G725,0.6917793562072038,0.30000001,0.5,5,0.75,65.370003,0.2972790203436376,0.0123,16.929306
2010-11-12,BOEING CO,09G725,0.694106411162887,0.30000001,0.5,5,0.75,63.09,0.2993336675446242,0.0135,16.929306
2010-11-15,BOEING CO,09G725,0.7004064120572713,0.30000001,0.5,5,0.75,63.610001,0.299340093339653,0.0151,16.929306
2010-11-16,BOEING CO,09G725,0.710004635729194,0.30000001,0.5,5,0.75,62.779999,0.2976810811513185,0.0149,16.929306
2010-11-17,BOEING CO,09G725,0.7060828914839585,0.30000001,0.5,5,0.75,62.5,0.2977309353795511,0.0149,16.929306
2010-11-18,BOEING CO,09G725,0.6962143072610755,0.30000001,0.5,5,0.75,64.610001,0.2993353718489139,0.0151,16.929306
2010-11-19,BOEING CO,09G725,0.6910510708723334,0.30000001,0.5,5,0.75,63.59,0.2995548016300221,0.0154,16.929306
2010-11-22,BOEING CO,09G725,0.6997043283861278,0.30000001,0.5,5,0.75,64.029999,0.2995824133634746,0.0144,16.929306
2010-11-23,BOEING CO,09G725,0.7157125271682017,0.30000001,0.5,5,0.75,63.599998,0.2992043051066571,0.014,16.929306
2010-11-24,BOEING CO,09G725,0.7112124298527273,0.30000001,0.5,5,0.75,65.410004,0.3001454039769626,0.0156,16.929306
2010-11-26,BOEING CO,09G725,0.7150970725359443,0.30000001,0.5,5,0.75,64.910004,0.2997712887352736,0.0153,16.929306
2010-11-29,BOEING CO,09G725,0.713784922565871,0.30000001,0.5,5,0.75,64.360001,0.2997519689791573,0.0151,16.929306
2010-11-30,BOEING CO,09G725,0.7214414823888152,0.30000001,0.5,5,0.75,63.77,0.2999219952705124,0.0147,16.929306
2010-12-01,BOEING CO,09G725,0.7051559333584361,0.30000001,0.5,5,0.75,65.720001,0.300420148295594,0.0164,16.929306
2010-12-02,BOEING CO,09G725,0.6954213972294343,0.30000001,0.5,5,0.75,66.589996,0.3006660629704474,0.016799999,16.929306
2010-12-03,BOEING CO,09G725,0.7033332520282578,0.30000001,0.5,5,0.75,66.540001,0.3006691158042776,0.0164,16.929306
2010-12-06,BOEING CO,09G725,0.6888238535140887,0.30000001,0.5,5,0.75,66.589996,0.3002501002281385,0.0153,16.929306
2010-12-07,BOEING CO,09G725,0.6784780020931226,0.30000001,0.5,5,0.75,66.230003,0.2996596259162767,0.0174,16.929306
2010-12-08,BOEING CO,09G725,0.6734864924547143,0.30000001,0.5,5,0.75,65.18,0.300107248389316,0.0187,16.929306
2010-12-09,BOEING CO,09G725,0.6676427038975683,0.30000001,0.5,5,0.75,64.610001,0.3002317630255845,0.018999999,16.929306
2010-12-10,BOEING CO,09G725,0.6662871432405358,0.30000001,0.5,5,0.75,64.160004,0.3001942487266825,0.0198,16.929306
2010-12-13,BOEING CO,09G725,0.6712383329789441,0.30000001,0.5,5,0.75,63.790001,0.3001044327079113,0.019099999,16.929306
2010-12-14,BOEING CO,09G725,0.6654760544039582,0.30000001,0.5,5,0.75,64.489998,0.3001880324194626,0.0208,16.929306
2010-12-15,BOEING CO,09G725,0.6632650423482377,0.30000001,0.5,5,0.75,64.239998,0.3001283774212459,0.0211,16.929306
2010-12-16,BOEING CO,09G725,0.6638670719239859,0.30000001,0.5,5,0.75,64.400002,0.2999461434947346,0.0206,16.929306
2010-12-17,BOEING CO,09G725,0.675970409109672,0.30000001,0.5,5,0.75,65.029999,0.299798484320748,0.0197,16.929306
2010-12-20,BOEING CO,09G725,0.683303814193039,0.30000001,0.5,5,0.75,63.27,0.3004525711438216,0.0199,16.929306
2010-12-21,BOEING CO,09G725,0.678369191994127,0.30000001,0.5,5,0.75,64.190002,0.300377531231923,0.0199,16.929306
2010-12-22,BOEING CO,09G725,0.6573888794521341,0.30000001,0.5,5,0.75,64.610001,0.3001111219400318,0.020199999,16.929306
2010-12-23,BOEING CO,09G725,0.6881020625307022,0.30000001,0.5,5,0.75,65.059998,0.3001520169415037,0.0209,16.929306
2010-12-27,BOEING CO,09G725,0.6754330024728672,0.30000001,0.5,5,0.75,64.75,0.300083762589683,0.0208,16.929306
2010-12-28,BOEING CO,09G725,0.6766848731521188,0.30000001,0.5,5,0.75,64.860001,0.3000022262401342,0.0218,16.929306
2010-12-29,BOEING CO,09G725,0.6808088750241574,0.30000001,0.5,5,0.75,65.050003,0.3000087321558332,0.020300001,16.929306
2010-12-30,BOEING CO,09G725,0.6730711939548297,0.30000001,0.5,5,0.75,65.010002,0.299962961761766,0.0206,16.929306
2010-12-31,BOEING CO,09G725,0.666167075541502,0.30000001,0.5,5,0.75,65.260002,0.2995439748739105,0.020099999,16.929306
2011-01-03,BOEING CO,09G725,0.6561653996119309,0.30000001,0.5,5,0.75,66.400002,0.2977124426608984,0.020199999,16.929306
2011-01-04,BOEING CO,09G725,0.6572996217701206,0.30000001,0.5,5,0.75,66.940002,0.296083870314768,0.020099999,16.929306
2011-01-05,BOEING CO,09G725,0.6616689040366173,0.30000001,0.5,5,0.75,67.480003,0.2946902695223724,0.021400001,16.929306
2011-01-06,BOEING CO,09G725,0.666445218838696,0.30000001,0.5,5,0.75,68.800003,0.2925930477572478,0.0209,16.929306
2011-01-07,BOEING CO,09G725,0.6697820698651338,0.30000001,0.5,5,0.75,69.379997,0.2925121528319347,0.0196,16.929306
2011-01-10,BOEING CO,09G725,0.6706396907500723,0.30000001,0.5,5,0.75,69.089996,0.2922813670313358,0.019300001,16.929306
2011-01-11,BOEING CO,09G725,0.6713423922330212,0.30000001,0.5,5,0.75,68.959999,0.2921834954102569,0.0198,16.929306
2011-01-12,BOEING CO,09G725,0.6652308581870597,0.30000001,0.5,5,0.75,70.150002,0.2924301721716948,0.0199,16.929306
2011-01-13,BOEING CO,09G725,0.6741257610478432,0.30000001,0.5,5,0.75,69.830002,0.292422269286153,0.019300001,16.929306
2011-01-14,BOEING CO,09G725,0.6766591704723588,0.30000001,0.5,5,0.75,70.07,0.2921524050868569,0.0195,16.929306
2011-01-18,BOEING CO,09G725,0.675661999912512,0.30000001,0.5,5,0.75,72.470001,0.2940347957285279,0.0197,16.929306
2011-01-19,BOEING CO,09G725,0.6611281628252867,0.30000001,0.5,5,0.75,71.730003,0.2941279806011697,0.0195,16.929306
2011-01-20,BOEING CO,09G725,0.6691247909091467,0.30000001,0.5,5,0.75,71.120003,0.293753295349152,0.0206,16.929306
2011-01-21,BOEING CO,09G725,0.6543676827223823,0.30000001,0.5,5,0.75,71.68,0.2927451427330413,0.020400001,16.929306
2011-01-24,BOEING CO,09G725,0.6473101720062742,0.30000001,0.5,5,0.75,72.730003,0.293056026754979,0.020300001,16.929306
2011-01-25,BOEING CO,09G725,0.651368606715399,0.30000001,0.5,5,0.75,72.239998,0.2931532661521727,0.0196,16.929306
2011-01-26,BOEING CO,09G725,0.6510081841532362,0.30000001,0.5,5,0.75,70.019997,0.2858597378801951,0.020300001,16.929306
2011-01-27,BOEING CO,09G725,0.6554926849259114,0.30000001,0.5,5,0.75,70.559998,0.2857887973378698,0.0198,16.929306
2011-01-28,BOEING CO,09G725,0.6645916779594818,0.30000001,0.5,5,0.75,69.230003,0.2846533793523466,0.019200001,16.929306
2011-01-31,BOEING CO,09G725,0.658788594170905,0.30000001,0.5,5,0.75,69.480003,0.2841333437404152,0.0195,16.929306
2011-02-01,BOEING CO,09G725,0.6301241316119416,0.30000001,0.5,5,0.75,70.290001,0.2843260393097068,0.020199999,16.929306
2011-02-02,BOEING CO,09G725,0.6275819894964005,0.30000001,0.5,5,0.75,71.0,0.2844738743965865,0.021,16.929306
2011-02-03,BOEING CO,09G725,0.6296495808341178,0.30000001,0.5,5,0.75,70.980003,0.2822202542122532,0.0218,16.929306
2011-02-04,BOEING CO,09G725,0.630810574361442,0.30000001,0.5,5,0.75,71.379997,0.281775003631881,0.022700001,16.929306
2011-02-07,BOEING CO,09G725,0.6173283633900328,0.30000001,0.5,5,0.75,71.93,0.2816831535449114,0.0229,16.929306
2011-02-08,BOEING CO,09G725,0.6139034931764226,0.30000001,0.5,5,0.75,72.709999,0.2801464825834825,0.0239,16.929306
2011-02-09,BOEING CO,09G725,0.6138672687289499,0.30000001,0.5,5,0.75,72.629997,0.2801362683498916,0.0233,16.929306
2011-02-10,BOEING CO,09G725,0.621653969784367,0.30000001,0.5,5,0.75,72.660004,0.2796403621307639,0.024,16.929306
2011-02-11,BOEING CO,09G725,0.619152289081452,0.30000001,0.5,5,0.75,72.139999,0.2792709178449842,0.023800001,16.929306
2011-02-14,BOEING CO,09G725,0.6126947047141905,0.30000001,0.5,5,0.75,72.260002,0.2780497680019852,0.023700001,16.929306
2011-02-15,BOEING CO,09G725,0.6256346407457263,0.30000001,0.5,5,0.75,71.400002,0.2782198535362868,0.023499999,16.929306
2011-02-16,BOEING CO,09G725,0.6206954660936062,0.30000001,0.5,5,0.75,72.480003,0.278097957672762,0.023700001,16.929306
2011-02-17,BOEING CO,09G725,0.621807695374887,0.30000001,0.5,5,0.75,72.239998,0.2779345700834497,0.023,16.929306
2011-02-18,BOEING CO,09G725,0.6228591704567149,0.30000001,0.5,5,0.75,73.040001,0.2780772555903684,0.023,16.929306
2011-02-22,BOEING CO,09G725,0.6364566351986881,0.30000001,0.5,5,0.75,70.93,0.2789754083655738,0.021600001,16.929306
2011-02-23,BOEING CO,09G725,0.6343491394169579,0.30000001,0.5,5,0.75,70.230003,0.278972894607661,0.0221,16.929306
2011-02-24,BOEING CO,09G725,0.6358914064113659,0.30000001,0.5,5,0.75,70.760002,0.2788672642492694,0.0219,16.929306
2011-02-25,BOEING CO,09G725,0.620874507735937,0.30000001,0.5,5,0.75,72.300003,0.2796339029499719,0.021600001,16.929306
2011-02-28,BOEING CO,09G725,0.6073860595496577,0.30000001,0.5,5,0.75,72.010002,0.2793914908310748,0.021299999,16.866858
2011-03-01,BOEING CO,09G725,0.6111467339340767,0.30000001,0.5,5,0.75,70.120003,0.2806180900813958,0.0211,16.869574
2011-03-02,BOEING CO,09G725,0.6100564600361855,0.30000001,0.5,5,0.75,69.57,0.2807441373073121,0.021600001,16.869574
2011-03-03,BOEING CO,09G725,0.61385824530707,0.30000001,0.5,5,0.75,71.709999,0.2818847965408153,0.023,16.869574
2011-03-04,BOEING CO,09G725,0.6172043080635655,0.30000001,0.5,5,0.75,71.800003,0.2795968487560643,0.0217,16.869574
2011-03-07,BOEING CO,09G725,0.6252686334862964,0.30000001,0.5,5,0.75,70.879997,0.2797107030884588,0.0219,16.869574
2011-03-08,BOEING CO,09G725,0.6263567849978351,0.30000001,0.5,5,0.75,72.040001,0.2800573948706909,0.0222,16.869574
2011-03-09,BOEING CO,09G725,0.6171696260102797,0.30000001,0.5,5,0.75,72.089996,0.2781777665819544,0.021600001,16.869574
2011-03-10,BOEING CO,09G725,0.6189438533740877,0.30000001,0.5,5,0.75,71.290001,0.278412874674979,0.020500001,16.869574
2011-03-11,BOEING CO,09G725,0.618977995236741,0.30000001,0.5,5,0.75,71.639999,0.2784254323583954,0.0206,16.869574
2011-03-14,BOEING CO,09G725,0.6228541192733533,0.30000001,0.5,5,0.75,70.739998,0.2786491094296019,0.02,16.869574
2011-03-15,BOEING CO,09G725,0.6362001643649315,0.30000001,0.5,5,0.75,69.690002,0.2788785129427436,0.02,16.869574
2011-03-16,BOEING CO,09G725,0.6483041151760851,0.30000001,0.5,5,0.75,67.690002,0.2802220265054411,0.0187,16.869574
2011-03-17,BOEING CO,09G725,0.6426361736940268,0.30000001,0.5,5,0.75,68.300003,0.2795457626538987,0.019099999,16.869574
2011-03-18,BOEING CO,09G725,0.6290330657134964,0.30000001,0.5,5,0.75,69.099998,0.2797779532998608,0.0196,16.869574
2011-03-21,BOEING CO,09G725,0.6318697908728992,0.30000001,0.5,5,0.75,71.199997,0.280916207830534,0.020400001,16.869574
2011-03-22,BOEING CO,09G725,0.6398761627097168,0.30000001,0.5,5,0.75,71.849998,0.2810358241930879,0.0207,16.869574
2011-03-23,BOEING CO,09G725,0.6469716085782241,0.30000001,0.5,5,0.75,72.720001,0.2812820169068838,0.0207,16.869574
2011-03-24,BOEING CO,09G725,0.6435502142332865,0.30000001,0.5,5,0.75,72.760002,0.2812743719330133,0.021400001,16.869574
2011-03-25,BOEING CO,09G725,0.6446367226148878,0.30000001,0.5,5,0.75,73.339996,0.28137800005529,0.022,16.869574
2011-03-28,BOEING CO,09G725,0.6467808844542083,0.30000001,0.5,5,0.75,73.300003,0.2806137059651058,0.022299999,16.869574
2011-03-29,BOEING CO,09G725,0.6550051982529168,0.30000001,0.5,5,0.75,73.620003,0.280528518181315,0.022500001,16.869574
2011-03-30,BOEING CO,09G725,0.6520575364691223,0.30000001,0.5,5,0.75,73.800003,0.2802441529137548,0.0221,16.869574
2011-03-31,BOEING CO,09G725,0.6414479202386858,0.30000001,0.5,5,0.75,73.93,0.2802045438373181,0.022399999,16.851814
2011-04-01,BOEING CO,09G725,0.6390082422205398,0.30000001,0.5,5,0.75,74.010002,0.2798863256657454,0.022399999,16.851814
2011-04-04,BOEING CO,09G725,0.6363490638111434,0.30000001,0.5,5,0.75,73.949997,0.2798586249748001,0.022,16.851814
2011-04-05,BOEING CO,09G725,0.6440439387435721,0.30000001,0.5,5,0.75,73.230003,0.2800122643844593,0.0228,16.851814
2011-04-06,BOEING CO,09G725,0.6367662106827306,0.30000001,0.5,5,0.75,73.720001,0.2800767447595317,0.0232,16.851814
2011-04-07,BOEING CO,09G725,0.6388245377103987,0.30000001,0.5,5,0.75,74.290001,0.2801703339539093,0.0229,16.851814
2011-04-08,BOEING CO,09G725,0.6477946526129247,0.30000001,0.5,5,0.75,73.470001,0.2803078818627345,0.0231,16.851814
2011-04-11,BOEING CO,09G725,0.6373838090072006,0.30000001,0.5,5,0.75,73.760002,0.2801329591070181,0.0231,16.851814
2011-04-12,BOEING CO,09G725,0.637316935002896,0.30000001,0.5,5,0.75,73.080002,0.2802140700985338,0.0222,16.851814
2011-04-13,BOEING CO,09G725,0.6425100007061432,0.30000001,0.5,5,0.75,72.129997,0.2804824080396445,0.0219,16.851814
2011-04-14,BOEING CO,09G725,0.6507187270247665,0.30000001,0.5,5,0.75,72.300003,0.2798882838318232,0.022299999,16.851814
2011-04-15,BOEING CO,09G725,0.6501881896438453,0.30000001,0.5,5,0.75,72.599998,0.2799068326059974,0.021400001,16.851814
2011-04-18,BOEING CO,09G725,0.6551010066821928,0.30000001,0.5,5,0.75,72.790001,0.2798515396612205,0.0209,16.851814
2011-04-19,BOEING CO,09G725,0.6499216803984228,0.30000001,0.5,5,0.75,73.150002,0.2772547316410197,0.0209,16.851814
2011-04-20,BOEING CO,09G725,0.6368716896705765,0.30000001,0.5,5,0.75,75.07,0.2778239961127877,0.021500001,16.851814
2011-04-21,BOEING CO,09G725,0.6336442565605108,0.30000001,0.5,5,0.75,75.440002,0.2777914399962954,0.021400001,16.851814
2011-04-25,BOEING CO,09G725,0.626794292174307,0.30000001,0.5,5,0.75,74.900002,0.2776806297443901,0.021,16.851814
2011-04-26,BOEING CO,09G725,0.6297613756700897,0.30000001,0.5,5,0.75,75.550003,0.2766412943987444,0.020500001,16.851814
2011-04-27,BOEING CO,09G725,0.6304382127394045,0.30000001,0.5,5,0.75,76.120003,0.2767264815880066,0.0206,16.851814
2011-04-28,BOEING CO,09G725,0.6344020492266371,0.30000001,0.5,5,0.75,78.550003,0.2778544792774546,0.02,16.851814
2011-04-29,BOEING CO,09G725,0.6336582531911295,0.30000001,0.5,5,0.75,79.779999,0.277614567374637,0.0197,16.824354
2011-05-02,BOEING CO,09G725,0.6134054001947188,0.30000001,0.5,5,0.75,79.529999,0.2763678437595697,0.0196,15.832853
2011-05-03,BOEING CO,09G725,0.6172024344964,0.30000001,0.5,5,0.75,79.510002,0.2754833544256167,0.0196,15.832853
2011-05-04,BOEING CO,09G725,0.621963364958447,0.30000001,0.5,5,0.75,78.839996,0.274942963578878,0.0195,15.832853
2011-05-05,BOEING CO,09G725,0.6231861497737564,0.30000001,0.5,5,0.75,78.449997,0.271542837669112,0.0188,15.832853
2011-05-06,BOEING CO,09G725,0.6201132330189802,0.30000001,0.5,5,0.75,79.309998,0.2710477746926863,0.0187,15.832853
2011-05-09,BOEING CO,09G725,0.6167623554380045,0.30000001,0.5,5,0.75,79.639999,0.2635291180450058,0.0184,15.832853
2011-05-10,BOEING CO,09G725,0.6125524362213585,0.30000001,0.5,5,0.75,79.949997,0.2634965549387401,0.019099999,15.832853
2011-05-11,BOEING CO,09G725,0.6173140085994995,0.30000001,0.5,5,0.75,79.080002,0.2628306020265708,0.0187,15.832853
2011-05-12,BOEING CO,09G725,0.6096979985010069,0.30000001,0.5,5,0.75,79.410004,0.2623763435930765,0.0189,15.832853
2011-05-13,BOEING CO,09G725,0.6053787617840579,0.30000001,0.5,5,0.75,79.029999,0.2609601064979633,0.0186,15.832853
2011-05-16,BOEING CO,09G725,0.6133039989429776,0.30000001,0.5,5,0.75,77.769997,0.2614774062536376,0.018300001,15.832853
2011-05-17,BOEING CO,09G725,0.6129514783950615,0.30000001,0.5,5,0.75,76.68,0.2603026333742197,0.017999999,15.832853
2011-05-18,BOEING CO,09G725,0.6062650977958522,0.30000001,0.5,5,0.75,77.139999,0.2593201628469881,0.0187,15.832853
2011-05-19,BOEING CO,09G725,0.6003142333285999,0.30000001,0.5,5,0.75,78.019997,0.2547611709047835,0.0185,15.832853
2011-05-20,BOEING CO,09G725,0.6002582346304479,0.30000001,0.5,5,0.75,77.519997,0.2537557936020723,0.018200001,15.832853
2011-05-23,BOEING CO,09G725,0.6031423506593068,0.30000001,0.5,5,0.75,76.279999,0.253295061473404,0.017999999,15.832853
2011-05-24,BOEING CO,09G725,0.6034274671925545,0.30000001,0.5,5,0.75,75.57,0.2534114846353584,0.018100001,15.832853
2011-05-25,BOEING CO,09G725,0.6108036202923367,0.30000001,0.5,5,0.75,76.32,0.2534824522474352,0.018100001,15.832853
2011-05-26,BOEING CO,09G725,0.6072522375639517,0.30000001,0.5,5,0.75,76.660004,0.2518775638098259,0.017200001,15.832853
2011-05-27,BOEING CO,09G725,0.610032176353881,0.30000001,0.5,5,0.75,76.989998,0.2514220179247284,0.017100001,15.832853
2011-05-31,BOEING CO,09G725,0.595365280998159,0.30000001,0.5,5,0.75,78.029999,0.2509215253117898,0.016799999,15.832853
2011-06-01,BOEING CO,09G725,0.5991028356594543,0.30000001,0.5,5,0.75,75.349998,0.2525164769726009,0.016000001,15.832853
2011-06-02,BOEING CO,09G725,0.598507711418589,0.30000001,0.5,5,0.75,75.690002,0.2525396700626499,0.0165,15.832853
2011-06-03,BOEING CO,09G725,0.6043070475347927,0.30000001,0.5,5,0.75,74.839996,0.2478117774061328,0.016000001,15.832853
2011-06-06,BOEING CO,09G725,0.6125230556312563,0.30000001,0.5,5,0.75,74.580002,0.2471890439746001,0.016000001,15.832853
2011-06-07,BOEING CO,09G725,0.6096314867084864,0.30000001,0.5,5,0.75,74.18,0.2468722774320811,0.015900001,15.832853
2011-06-08,BOEING CO,09G725,0.6154224126446468,0.30000001,0.5,5,0.75,73.849998,0.2467102804595623,0.0152,15.832853
2011-06-09,BOEING CO,09G725,0.6216288189191802,0.30000001,0.5,5,0.75,74.18,0.2443090519795483,0.016000001,15.832853
2011-06-10,BOEING CO,09G725,0.6274595372808549,0.30000001,0.5,5,0.75,72.690002,0.2441481163283072,0.015799999,15.832853
2011-06-13,BOEING CO,09G725,0.6174833919371003,0.30000001,0.5,5,0.75,72.940002,0.2439891667265876,0.015900001,15.832853
2011-06-14,BOEING CO,09G725,0.6085965357926909,0.30000001,0.5,5,0.75,74.639999,0.2416792111142627,0.017000001,15.832853
2011-06-15,BOEING CO,09G725,0.6131677065601282,0.30000001,0.5,5,0.75,73.849998,0.2418288368015923,0.0155,15.832853
2011-06-16,BOEING CO,09G725,0.6156369431744656,0.30000001,0.5,5,0.75,74.010002,0.241817322599124,0.0152,15.832853
2011-06-17,BOEING CO,09G725,0.6039647709599646,0.30000001,0.5,5,0.75,74.160004,0.2416209760634751,0.0153,15.832853
2011-06-20,BOEING CO,09G725,0.6247552584509605,0.30000001,0.5,5,0.75,74.519997,0.2416589663611575,0.0155,15.832853
2011-06-21,BOEING CO,09G725,0.6154998837168842,0.30000001,0.5,5,0.75,73.980003,0.2404356440998447,0.015699999,15.832853
2011-06-22,BOEING CO,09G725,0.6282880640613936,0.30000001,0.5,5,0.75,72.120003,0.2412029087337584,0.015799999,15.832853
2011-06-23,BOEING CO,09G725,0.6304387891063351,0.30000001,0.5,5,0.75,71.25,0.2415270625537672,0.0148,15.832853
2011-06-24,BOEING CO,09G725,0.6324647367486849,0.30000001,0.5,5,0.75,71.260002,0.2407370895769108,0.014,15.832853
2011-06-27,BOEING CO,09G725,0.632367581432093,0.30000001,0.5,5,0.75,71.620003,0.2397913059894479,0.0147,15.832853
2011-06-28,BOEING CO,09G725,0.6368037885171608,0.30000001,0.5,5,0.75,72.089996,0.2311644483707121,0.0162,15.832853
2011-06-29,BOEING CO,09G725,0.6188530561497558,0.30000001,0.5,5,0.75,72.720001,0.2312406091911934,0.017000001,15.832853
2011-06-30,BOEING CO,09G725,0.6197959337969945,0.30000001,0.5,5,0.75,73.93,0.2316209383745517,0.0176,15.832853
2011-07-01,BOEING CO,09G725,0.6189865411402823,0.30000001,0.5,5,0.75,74.269997,0.231571538631412,0.017999999,15.832853
2011-07-05,BOEING CO,09G725,0.6198724805399418,0.30000001,0.5,5,0.75,74.150002,0.2313553942101767,0.017000001,15.832853
2011-07-06,BOEING CO,09G725,0.6241166740350673,0.30000001,0.5,5,0.75,74.739998,0.2294090300088318,0.0166,15.832853
2011-07-07,BOEING CO,09G725,0.6160676738815154,0.30000001,0.5,5,0.75,75.989998,0.2289263171959116,0.0174,15.832853
2011-07-08,BOEING CO,09G725,0.6293576875505438,0.30000001,0.5,5,0.75,75.07,0.229283712382425,0.015699999,15.832853
2011-07-11,BOEING CO,09G725,0.6266820173415335,0.30000001,0.5,5,0.75,73.349998,0.2304350584251312,0.0149,15.832853
2011-07-12,BOEING CO,09G725,0.6378265503873983,0.30000001,0.5,5,0.75,71.93,0.2313062529827293,0.0147,15.832853
2011-07-13,BOEING CO,09G725,0.6344120347346848,0.30000001,0.5,5,0.75,72.169998,0.231281495403812,0.0145,15.832853
2011-07-14,BOEING CO,09G725,0.6316347543134851,0.30000001,0.5,5,0.75,71.190002,0.231626749436679,0.0151,15.832853
2011-07-15,BOEING CO,09G725,0.6437725581459439,0.30000001,0.5,5,0.75,71.279999,0.2282982741763114,0.0146,15.832853
2011-07-18,BOEING CO,09G725,0.6526499445548996,0.30000001,0.5,5,0.75,69.550003,0.2287841964674202,0.0145,15.832853
2011-07-19,BOEING CO,09G725,0.6546261811725349,0.30000001,0.5,5,0.75,70.529999,0.2289432664211566,0.0145,15.832853
2011-07-20,BOEING CO,09G725,0.6531532899719138,0.30000001,0.5,5,0.75,72.07,0.2296305524356772,0.0149,15.832853
2011-07-21,BOEING CO,09G725,0.6279732275586257,0.30000001,0.5,5,0.75,72.889999,0.2235472185278775,0.0156,15.832853
2011-07-22,BOEING CO,09G725,0.6362873151412289,0.30000001,0.5,5,0.75,72.669998,0.2227229310929615,0.0153,15.832853
2011-07-25,BOEING CO,09G725,0.6318923641945945,0.30000001,0.5,5,0.75,71.309998,0.223155610414547,0.0155,15.832853
2011-07-26,BOEING CO,09G725,0.6410027338380566,0.30000001,0.5,5,0.75,70.160004,0.2237318490917095,0.0151,15.832853
2011-07-27,BOEING CO,09G725,0.6507119769844961,0.30000001,0.5,5,0.75,70.629997,0.2229877528961199,0.0156,15.832853
2011-07-28,BOEING CO,09G725,0.6562186495854885,0.30000001,0.5,5,0.75,70.660004,0.2229798430309148,0.0152,15.832853
2011-07-29,BOEING CO,09G725,0.6574847645977007,0.30000001,0.5,5,0.75,70.470001,0.2226005674338344,0.0135,15.772671
2011-08-01,BOEING CO,09G725,0.6592125069392665,0.30000001,0.5,5,0.75,70.330002,0.2214707719351935,0.0132,15.69036
2011-08-02,BOEING CO,09G725,0.6662248245527387,0.30000001,0.5,5,0.75,67.699997,0.2246313039724334,0.0123,15.69036
2011-08-03,BOEING CO,09G725,0.6700649633017041,0.30000001,0.5,5,0.75,67.339996,0.2246888872085839,0.0125,15.69036
2011-08-04,BOEING CO,09G725,0.6801969125027248,0.30000001,0.5,5,0.75,63.09,0.2332735349219551,0.0112,15.69036
2011-08-05,BOEING CO,09G725,0.6875367802932486,0.30000001,0.5,5,0.75,62.75,0.2333319687413219,0.0123,15.69036
2011-08-08,BOEING CO,09G725,0.767345223133296,0.30000001,0.5,5,0.75,58.709999,0.2419565143129969,0.0111,15.69036
2011-08-09,BOEING CO,09G725,0.7648327992920416,0.30000001,0.5,5,0.75,62.34,0.2497923184528376,0.0091000004,15.69036
2011-08-10,BOEING CO,09G725,0.8180030166413834,0.30000001,0.5,5,0.75,57.41,0.2563028297246847,0.0093,15.69036
2011-08-11,BOEING CO,09G725,0.8247058614088452,0.30000001,0.5,5,0.75,58.849998,0.2571991323894123,0.0102,15.69036
2011-08-12,BOEING CO,09G725,0.7902400151076974,0.30000001,0.5,5,0.75,61.75,0.261897427309018,0.0096000005,15.69036
2011-08-15,BOEING CO,09G725,0.7746615828909958,0.30000001,0.5,5,0.75,62.700001,0.2622556196614787,0.0098999999,15.69036
2011-08-16,BOEING CO,09G725,0.7728150701229051,0.30000001,0.5,5,0.75,62.23,0.2612024938012479,0.0094999997,15.69036
2011-08-17,BOEING CO,09G725,0.7667481212571085,0.30000001,0.5,5,0.75,62.18,0.2612036718177174,0.0092000002,15.69036
2011-08-18,BOEING CO,09G725,0.814279887924868,0.30000001,0.5,5,0.75,58.93,0.2655679655726652,0.0089999996,15.69036
2011-08-19,BOEING CO,09G725,0.8237420237320379,0.30000001,0.5,5,0.75,57.540001,0.2666016734812146,0.0089999996,15.69036
2011-08-22,BOEING CO,09G725,0.837039948618162,0.30000001,0.5,5,0.75,58.380001,0.26625990196077,0.0093999999,15.69036
2011-08-23,BOEING CO,09G725,0.8456883913644285,0.30000001,0.5,5,0.75,60.77,0.2667547917376341,0.0094999997,15.69036
2011-08-24,BOEING CO,09G725,0.8410743911794144,0.30000001,0.5,5,0.75,61.689999,0.2671535356234918,0.0105,15.69036
2011-08-25,BOEING CO,09G725,0.8349966006094296,0.30000001,0.5,5,0.75,61.099998,0.2671843086485892,0.0098000001,15.69036
2011-08-26,BOEING CO,09G725,0.8368636772745266,0.30000001,0.5,5,0.75,62.799999,0.2669498807833796,0.0093999999,15.69036
2011-08-29,BOEING CO,09G725,0.8133384014859499,0.30000001,0.5,5,0.75,64.599998,0.267911117894903,0.0098999999,15.69036
2011-08-30,BOEING CO,09G725,0.7902236453713593,0.30000001,0.5,5,0.75,66.029999,0.2683051375767633,0.0093999999,15.69036
2011-08-31,BOEING CO,09G725,0.7679434651153925,0.30000001,0.5,5,0.75,66.860001,0.2679401801142068,0.0096000005,15.69036
2011-09-01,BOEING CO,09G725,0.7714013399539578,0.30000001,0.5,5,0.75,66.050003,0.2676824605837312,0.0089999996,15.69036
2011-09-02,BOEING CO,09G725,0.7883709074859792,0.30000001,0.5,5,0.75,64.029999,0.2687621752641918,0.0088,15.69036
2011-09-06,BOEING CO,09G725,0.8105575027866421,0.30000001,0.5,5,0.75,62.77,0.2688199770230809,0.0088,15.69036
2011-09-07,BOEING CO,09G725,0.7992452506420296,0.30000001,0.5,5,0.75,64.900002,0.2704101403746137,0.0092000002,15.69036
2011-09-08,BOEING CO,09G725,0.8022711385332717,0.30000001,0.5,5,0.75,62.810001,0.2718431099439603,0.0088,15.69036
2011-09-09,BOEING CO,09G725,0.8431520258726365,0.30000001,0.5,5,0.75,61.790001,0.2722695387536325,0.0081000002,15.69036
2011-09-12,BOEING CO,09G725,0.8615829887017497,0.30000001,0.5,5,0.75,62.389999,0.2723862774560497,0.0087000001,15.69036
2011-09-13,BOEING CO,09G725,0.8467640526464084,0.30000001,0.5,5,0.75,62.849998,0.2715493127077133,0.0088999998,15.69036
2011-09-14,BOEING CO,09G725,0.8228715064607499,0.30000001,0.5,5,0.75,63.029999,0.2715609111144207,0.0091000004,15.69036
2011-09-15,BOEING CO,09G725,0.8063892825458087,0.30000001,0.5,5,0.75,64.32,0.2722978532105799,0.0094999997,15.69036
2011-09-16,BOEING CO,09G725,0.7956799642123147,0.30000001,0.5,5,0.75,65.379997,0.2727195436579308,0.0093999999,15.69036
2011-09-19,BOEING CO,09G725,0.8034613137448869,0.30000001,0.5,5,0.75,64.150002,0.2731334394923179,0.0085000005,15.69036
2011-09-20,BOEING CO,09G725,0.8110033446801214,0.30000001,0.5,5,0.75,63.560001,0.2731862547432968,0.0085000005,15.69036
2011-09-21,BOEING CO,09G725,0.8243765922785063,0.30000001,0.5,5,0.75,61.02,0.2760735890258732,0.0088,15.69036
2011-09-22,BOEING CO,09G725,0.8589444945939927,0.30000001,0.5,5,0.75,58.720001,0.2779557123252769,0.0078999996,15.69036
2011-09-23,BOEING CO,09G725,0.8727116902283101,0.30000001,0.5,5,0.75,59.509998,0.2765275513688719,0.0088999998,15.69036
2011-09-26,BOEING CO,09G725,0.8474865485082987,0.30000001,0.5,5,0.75,62.009998,0.2794909050161621,0.0092000002,15.69036
2011-09-27,BOEING CO,09G725,0.8320348662470174,0.30000001,0.5,5,0.75,62.779999,0.2795922948802145,0.0097000003,15.69036
2011-09-28,BOEING CO,09G725,0.834919357514541,0.30000001,0.5,5,0.75,61.919998,0.2790315626891348,0.0098999999,15.69036
2011-09-29,BOEING CO,09G725,0.837860019089297,0.30000001,0.5,5,0.75,62.369999,0.2789925537256497,0.0098000001,15.69036
2011-09-30,BOEING CO,09G725,0.8594994741161065,0.30000001,0.5,5,0.75,60.509998,0.2805450572391666,0.0096000005,15.69036
2011-10-03,BOEING CO,09G725,0.8723776918776642,0.30000001,0.5,5,0.75,58.25,0.2829090175370211,0.0087000001,15.69036
2011-10-04,BOEING CO,09G725,0.9156057449214796,0.30000001,0.5,5,0.75,59.139999,0.2812210929734814,0.0089999996,15.69036
2011-10-05,BOEING CO,09G725,0.9160350460950792,0.30000001,0.5,5,0.75,59.959999,0.2815795310487536,0.0096000005,15.69036
2011-10-06,BOEING CO,09G725,0.8904852561625145,0.30000001,0.5,5,0.75,61.48,0.282739296148464,0.0101,15.69036
2011-10-07,BOEING CO,09G725,0.8814200697970364,0.30000001,0.5,5,0.75,61.810001,0.282562320292824,0.0108,15.69036
2011-10-10,BOEING CO,09G725,0.8814378261835525,0.30000001,0.5,5,0.75,64.029999,0.2846457822288608,0.0108,15.69036
2011-10-11,BOEING CO,09G725,0.8493377574704641,0.30000001,0.5,5,0.75,63.970001,0.2846268178365485,0.0114,15.69036
2011-10-12,BOEING CO,09G725,0.8115577768194412,0.30000001,0.5,5,0.75,64.32,0.2841148465607666,0.0117,15.69036
2011-10-13,BOEING CO,09G725,0.805921007573359,0.30000001,0.5,5,0.75,63.529999,0.2843700159194743,0.0111,15.69036
2011-10-14,BOEING CO,09G725,0.8056812161330119,0.30000001,0.5,5,0.75,63.889999,0.2838971602616524,0.0112,15.69036
2011-10-17,BOEING CO,09G725,0.8129112230433879,0.30000001,0.5,5,0.75,61.779999,0.2857917880750431,0.0108,15.69036
2011-10-18,BOEING CO,09G725,0.8014625850733994,0.30000001,0.5,5,0.75,63.470001,0.2866340031873684,0.0107,15.69036
2011-10-19,BOEING CO,09G725,0.8012964324091537,0.30000001,0.5,5,0.75,63.110001,0.2847038183593223,0.0105,15.69036
2011-10-20,BOEING CO,09G725,0.8224161627945328,0.30000001,0.5,5,0.75,62.490002,0.284856625194754,0.0107,15.69036
2011-10-21,BOEING CO,09G725,0.8090797069257619,0.30000001,0.5,5,0.75,64.589996,0.2868466200171498,0.0108,15.69036
2011-10-24,BOEING CO,09G725,0.8005387659136668,0.30000001,0.5,5,0.75,64.75,0.2868008974979988,0.011,15.69036
2011-10-25,BOEING CO,09G725,0.8038234687237936,0.30000001,0.5,5,0.75,63.720001,0.2871928631675901,0.0101,15.69036
2011-10-26,BOEING CO,09G725,0.7949528132530306,0.30000001,0.5,5,0.75,66.559998,0.2905935898912221,0.0109,15.69036
2011-10-27,BOEING CO,09G725,0.757461306627222,0.30000001,0.5,5,0.75,67.489998,0.290872222609513,0.012,15.69036
2011-10-28,BOEING CO,09G725,0.7568077604321858,0.30000001,0.5,5,0.75,68.169998,0.2909067864035518,0.0113,15.69036
2011-10-31,BOEING CO,09G725,0.7704991647154168,0.30000001,0.5,5,0.75,65.790001,0.2930000426497846,0.0098999999,15.64514
2011-11-01,BOEING CO,09G725,0.7971115906158635,0.30000001,0.5,5,0.75,63.169998,0.2955300167852448,0.0089999996,16.656935
2011-11-02,BOEING CO,09G725,0.79417584484114,0.30000001,0.5,5,0.75,64.400002,0.2961182850521558,0.0088999998,16.656935
2011-11-03,BOEING CO,09G725,0.7977024764314811,0.30000001,0.5,5,0.75,66.190002,0.2961276865002724,0.0091000004,16.656935
2011-11-04,BOEING CO,09G725,0.8026694871829285,0.30000001,0.5,5,0.75,65.800003,0.2961252245188431,0.0088,16.656935
2011-11-07,BOEING CO,09G725,0.8061783406230391,0.30000001,0.5,5,0.75,66.290001,0.2958457018575931,0.0088,16.656935
2011-11-08,BOEING CO,09G725,0.8061321418111143,0.30000001,0.5,5,0.75,66.650002,0.2957571194808902,0.0092000002,16.656935
2011-11-09,BOEING CO,09G725,0.8970742534530278,0.30000001,0.5,5,0.75,64.550003,0.295759019686915,0.0088,16.656935
2011-11-10,BOEING CO,09G725,0.8983945824233058,0.30000001,0.5,5,0.75,64.830002,0.2946799068780019,0.0089999996,16.656935
2011-11-11,BOEING CO,09G725,0.8984306915948663,0.30000001,0.5,5,0.75,66.919998,0.2942922923998242,0.0089999996,16.656935
2011-11-14,BOEING CO,09G725,0.9052109292816256,0.30000001,0.5,5,0.75,67.940002,0.2945605275923042,0.0091000004,16.656935
2011-11-15,BOEING CO,09G725,0.9288515040624497,0.30000001,0.5,5,0.75,67.940002,0.2942450355693086,0.0093,16.656935
2011-11-16,BOEING CO,09G725,0.9479089782525622,0.30000001,0.5,5,0.75,66.339996,0.2951910059271732,0.0089999996,16.656935
2011-11-17,BOEING CO,09G725,0.9599810103049142,0.30000001,0.5,5,0.75,66.089996,0.29332724744923,0.0088,16.656935
2011-11-18,BOEING CO,09G725,0.9599494312789262,0.30000001,0.5,5,0.75,67.459999,0.29358178992982,0.0093999999,16.656935
2011-11-21,BOEING CO,09G725,0.9718267140984796,0.30000001,0.5,5,0.75,65.559998,0.2949053980969112,0.0092000002,16.656935
2011-11-22,BOEING CO,09G725,0.9905520006610806,0.30000001,0.5,5,0.75,64.349998,0.2954213364579405,0.0091000004,16.656935
2011-11-23,BOEING CO,09G725,1.005405204542264,0.30000001,0.5,5,0.75,62.360001,0.2957109314000018,0.0088,16.656935
2011-11-25,BOEING CO,09G725,1.008298641491761,0.30000001,0.5,5,0.75,62.779999,0.2956831587517569,0.0093,16.656935
2011-11-28,BOEING CO,09G725,0.9768584516372674,0.30000001,0.5,5,0.75,64.989998,0.297625183982878,0.0091000004,16.656935
2011-11-29,BOEING CO,09G725,1.002169756426199,0.30000001,0.5,5,0.75,65.260002,0.2974970476872248,0.0093,16.656935
2011-11-30,BOEING CO,09G725,0.9697373378140248,0.30000001,0.5,5,0.75,68.690002,0.300535843997808,0.0096000005,16.656935
2011-12-01,BOEING CO,09G725,0.955388801772836,0.30000001,0.5,5,0.75,70.980003,0.3020631698163273,0.0097000003,16.656935
2011-12-02,BOEING CO,09G725,0.9316461122652596,0.30000001,0.5,5,0.75,71.300003,0.3020865049187536,0.0092000002,16.656935
2011-12-05,BOEING CO,09G725,0.9068184163224682,0.30000001,0.5,5,0.75,71.089996,0.3021066778760665,0.0093,16.656935
2011-12-06,BOEING CO,09G725,0.919843223880104,0.30000001,0.5,5,0.75,70.870003,0.3020696658835136,0.0093999999,16.656935
2011-12-07,BOEING CO,09G725,0.9245056492706812,0.30000001,0.5,5,0.75,70.599998,0.3016524297546967,0.0088999998,16.656935
2011-12-08,BOEING CO,09G725,0.9405238053956392,0.30000001,0.5,5,0.75,70.169998,0.301581282190882,0.0086000003,16.656935
2011-12-09,BOEING CO,09G725,0.9391118633049444,0.30000001,0.5,5,0.75,71.93,0.3024748259940194,0.0088999998,16.656935
2011-12-12,BOEING CO,09G725,0.938514079007094,0.30000001,0.5,5,0.75,70.900002,0.3027798592615633,0.0087000001,16.656935
2011-12-13,BOEING CO,09G725,0.9406962471208542,0.30000001,0.5,5,0.75,70.900002,0.3026051133271522,0.0085000005,16.656935
2011-12-14,BOEING CO,09G725,0.9448988860916324,0.30000001,0.5,5,0.75,69.940002,0.3029043943582856,0.0086000003,16.656935
2011-12-15,BOEING CO,09G725,0.9391439514863206,0.30000001,0.5,5,0.75,70.610001,0.3030314236264534,0.0086000003,16.656935
2011-12-16,BOEING CO,09G725,0.9436054542616472,0.30000001,0.5,5,0.75,71.010002,0.3029350215011946,0.0081000002,16.656935
2011-12-19,BOEING CO,09G725,0.9476565299111266,0.30000001,0.5,5,0.75,70.160004,0.3019231357775313,0.0082,16.656935
2011-12-20,BOEING CO,09G725,0.9464013408019384,0.30000001,0.5,5,0.75,72.440002,0.3032816446965759,0.0088,16.656935
2011-12-21,BOEING CO,09G725,0.9529034301321032,0.30000001,0.5,5,0.75,73.589996,0.3036039152758593,0.0091000004,16.656935
2011-12-22,BOEING CO,09G725,0.9508480325970704,0.30000001,0.5,5,0.75,74.290001,0.3036667620650833,0.0091000004,16.656935
2011-12-23,BOEING CO,09G725,0.9508883092090428,0.30000001,0.5,5,0.75,73.970001,0.3036584974653181,0.0097000003,16.656935
2011-12-27,BOEING CO,09G725,0.9496259132123646,0.30000001,0.5,5,0.75,74.269997,0.3036746105129917,0.0096000005,16.656935
2011-12-28,BOEING CO,09G725,0.9494717970053298,0.30000001,0.5,5,0.75,73.260002,0.3040089110918672,0.0091000004,16.656935
2011-12-29,BOEING CO,09G725,0.9495652130540856,0.30000001,0.5,5,0.75,74.110001,0.3041991375536399,0.0088,16.656935
2011-12-30,BOEING CO,09G725,0.9482288888162052,0.30000001,0.5,5,0.75,73.349998,0.3043842892079913,0.0082999999,16.656935
2012-01-03,BOEING CO,09G725,0.9358623400515784,0.30000001,0.5,5,0.75,74.220001,0.304126508950352,0.0088999998,16.656935
2012-01-04,BOEING CO,09G725,0.9566732441068788,0.30000001,0.5,5,0.75,74.330002,0.3040365277541748,0.0088999998,16.656935
2012-01-05,BOEING CO,09G725,0.9648595275808294,0.30000001,0.5,5,0.75,73.529999,0.3041612836059094,0.0088,16.656935
2012-01-06,BOEING CO,09G725,0.959918039047052,0.30000001,0.5,5,0.75,73.980003,0.3036174784315384,0.0086000003,16.656935
2012-01-09,BOEING CO,09G725,0.950911171557342,0.30000001,0.5,5,0.75,74.529999,0.3035932227618705,0.0085000005,16.656935
2012-01-10,BOEING CO,09G725,0.939134275996542,0.30000001,0.5,5,0.75,75.0,0.3036098037717742,0.0086000003,16.656935
2012-01-11,BOEING CO,09G725,0.92975542851056,0.30000001,0.5,5,0.75,74.739998,0.3036269793630942,0.0082,16.656935
2012-01-12,BOEING CO,09G725,0.9201524492321836,0.30000001,0.5,5,0.75,75.510002,0.3033234477086576,0.0083999997,16.656935
2012-01-13,BOEING CO,09G725,0.9221273955443822,0.30000001,0.5,5,0.75,74.599998,0.3035431035308877,0.0080000004,16.656935
2012-01-17,BOEING CO,09G725,0.9007361056277786,0.30000001,0.5,5,0.75,75.239998,0.3036358783512209,0.0078999996,16.656935
2012-01-18,BOEING CO,09G725,0.8973444428647824,0.30000001,0.5,5,0.75,75.059998,0.3017593422876356,0.0082,16.656935
2012-01-19,BOEING CO,09G725,0.8825620518164687,0.30000001,0.5,5,0.75,75.559998,0.3016343828233928,0.0087000001,16.656935
2012-01-20,BOEING CO,09G725,0.8727793210842478,0.30000001,0.5,5,0.75,75.519997,0.3015011909945637,0.0091000004,16.656935
2012-01-23,BOEING CO,09G725,0.8563555603541921,0.30000001,0.5,5,0.75,75.510002,0.3014113066620599,0.0093,16.656935
2012-01-24,BOEING CO,09G725,0.8520493295061422,0.30000001,0.5,5,0.75,75.360001,0.3010853196446406,0.0092000002,16.656935
2012-01-25,BOEING CO,09G725,0.8437360220801771,0.30000001,0.5,5,0.75,75.82,0.3010527689467719,0.0081000002,16.656935
2012-01-26,BOEING CO,09G725,0.8297627821991043,0.30000001,0.5,5,0.75,75.309998,0.2995081707235592,0.0077,16.656935
2012-01-27,BOEING CO,09G725,0.8077556965328673,0.30000001,0.5,5,0.75,74.550003,0.2996107198883181,0.0074999998,16.656935
2012-01-30,BOEING CO,09G725,0.8102655889492536,0.30000001,0.5,5,0.75,74.160004,0.2990369875418681,0.0073000002,16.656935
2012-01-31,BOEING CO,09G725,0.8080133963130872,0.30000001,0.5,5,0.75,74.18,0.2990212873726041,0.0071,16.656935
2012-02-01,BOEING CO,09G725,0.8023225560133669,0.30000001,0.5,5,0.75,75.370003,0.299217473483465,0.0071999999,16.644825
2012-02-02,BOEING CO,09G725,0.7935423465102845,0.30000001,0.5,5,0.75,75.220001,0.2990746448976251,0.0071,16.644825
2012-02-03,BOEING CO,09G725,0.7666583102528329,0.30000001,0.5,5,0.75,76.339996,0.2994192111945049,0.0077999998,16.644825
2012-02-06,BOEING CO,09G725,0.7605076973630234,0.30000001,0.5,5,0.75,75.459999,0.2996193567381509,0.0076000001,16.644825
2012-02-07,BOEING CO,09G725,0.7530324491202428,0.30000001,0.5,5,0.75,75.199997,0.2995577181347089,0.0082,16.644825
2012-02-08,BOEING CO,09G725,0.7452180039528644,0.30000001,0.5,5,0.75,75.459999,0.2995085224472371,0.0082,16.644825
2012-02-09,BOEING CO,09G725,0.7137434894960965,0.30000001,0.5,5,0.75,75.900002,0.2995272661639948,0.0086000003,16.644825
2012-02-10,BOEING CO,09G725,0.7167494683262009,0.30000001,0.5,5,0.75,74.949997,0.299807815931746,0.0081000002,16.644825
2012-02-13,BOEING CO,09G725,0.7067032858255266,0.30000001,0.5,5,0.75,74.849998,0.2997167631353504,0.0085000005,16.644825
2012-02-14,BOEING CO,09G725,0.7170771388558592,0.30000001,0.5,5,0.75,75.559998,0.2998513694308321,0.0081000002,16.644825
2012-02-15,BOEING CO,09G725,0.7240650316768671,0.30000001,0.5,5,0.75,75.209999,0.2996382807515388,0.0081000002,16.644825
2012-02-16,BOEING CO,09G725,0.7231250532112831,0.30000001,0.5,5,0.75,75.269997,0.2992780973488449,0.0087000001,16.644825
2012-02-17,BOEING CO,09G725,0.7272677919192011,0.30000001,0.5,5,0.75,75.349998,0.2992551035376228,0.0088,16.644825
2012-02-21,BOEING CO,09G725,0.7084232815521386,0.30000001,0.5,5,0.75,75.720001,0.2990990490432887,0.0092000002,16.644825
2012-02-22,BOEING CO,09G725,0.7117843733982663,0.30000001,0.5,5,0.75,76.059998,0.2976735697152491,0.0088,16.644825
2012-02-23,BOEING CO,09G725,0.7029541261523521,0.30000001,0.5,5,0.75,75.849998,0.29750823836597,0.0088,16.644825
2012-02-24,BOEING CO,09G725,0.691185347992875,0.30000001,0.5,5,0.75,76.059998,0.2974344880686994,0.0088999998,16.644825
2012-02-27,BOEING CO,09G725,0.685513319141619,0.30000001,0.5,5,0.75,75.209999,0.296901114821816,0.0083999997,16.644825
2012-02-28,BOEING CO,09G725,0.6607057505405465,0.30000001,0.5,5,0.75,75.160004,0.2968695715347871,0.0083999997,16.644825
2012-02-29,BOEING CO,09G725,0.6553431253375458,0.30000001,0.5,5,0.75,74.949997,0.2956767156423772,0.0087000001,16.589314
2012-03-01,BOEING CO,09G725,0.6343346003675068,0.30000001,0.5,5,0.75,75.080002,0.2955592983488244,0.0088999998,16.589314
2012-03-02,BOEING CO,09G725,0.6360042624726281,0.30000001,0.5,5,0.75,74.900002,0.2940151872008474,0.0083999997,16.589314
2012-03-05,BOEING CO,09G725,0.6395133499320832,0.30000001,0.5,5,0.75,74.129997,0.2942094030340506,0.0087000001,16.589314
2012-03-06,BOEING CO,09G725,0.6453942104520659,0.30000001,0.5,5,0.75,72.559998,0.2947050291315694,0.0082999999,16.589314
2012-03-07,BOEING CO,09G725,0.6428151037187047,0.30000001,0.5,5,0.75,73.519997,0.2945507417503315,0.0085000005,16.589314
2012-03-08,BOEING CO,09G725,0.6399304389779983,0.30000001,0.5,5,0.75,74.169998,0.2946729169514933,0.0088999998,16.589314
2012-03-09,BOEING CO,09G725,0.6416830720389675,0.30000001,0.5,5,0.75,73.290001,0.2947039324403221,0.0089999996,16.589314
2012-03-12,BOEING CO,09G725,0.6444850125301339,0.30000001,0.5,5,0.75,73.599998,0.2946942273682656,0.0092000002,16.589314
2012-03-13,BOEING CO,09G725,0.6400269024649663,0.30000001,0.5,5,0.75,74.309998,0.294551970395425,0.0098999999,16.589314
2012-03-14,BOEING CO,09G725,0.6363075080359988,0.30000001,0.5,5,0.75,75.230003,0.294389460228512,0.0113,16.589314
2012-03-15,BOEING CO,09G725,0.6333080377183568,0.30000001,0.5,5,0.75,75.43,0.2929254601705191,0.0111,16.589314
2012-03-16,BOEING CO,09G725,0.6351688733588761,0.30000001,0.5,5,0.75,75.199997,0.2928300759477456,0.0113,16.589314
2012-03-19,BOEING CO,09G725,0.623773453052955,0.30000001,0.5,5,0.75,75.400002,0.2926265697825038,0.012,16.589314
2012-03-20,BOEING CO,09G725,0.6289662408498519,0.30000001,0.5,5,0.75,75.139999,0.2911222285489283,0.0122,16.589314
2012-03-21,BOEING CO,09G725,0.6154242197054122,0.30000001,0.5,5,0.75,75.010002,0.291000824025361,0.0115,16.589314
2012-03-22,BOEING CO,09G725,0.6115194205213216,0.30000001,0.5,5,0.75,73.919998,0.29114743271287,0.0113,16.589314
2012-03-23,BOEING CO,09G725,0.6164334292217023,0.30000001,0.5,5,0.75,73.970001,0.2911475555112836,0.011,16.589314
2012-03-26,BOEING CO,09G725,0.612668045874161,0.30000001,0.5,5,0.75,75.18,0.2914890843754802,0.0109,16.589314
2012-03-27,BOEING CO,09G725,0.6130399389542932,0.30000001,0.5,5,0.75,74.809998,0.2915356534405537,0.0104,16.589314
2012-03-28,BOEING CO,09G725,0.6118938655036971,0.30000001,0.5,5,0.75,74.330002,0.2915858323522003,0.0105,16.589314
2012-03-29,BOEING CO,09G725,0.6160766439410178,0.30000001,0.5,5,0.75,74.080002,0.2916008821331897,0.0101,16.589314
2012-03-30,BOEING CO,09G725,0.6088052777876632,0.30000001,0.5,5,0.75,74.370003,0.2916198009011706,0.0104,16.54244
2012-04-02,BOEING CO,09G725,0.606486615991965,0.30000001,0.5,5,0.75,75.169998,0.2918066006689817,0.0103,16.54244
2012-04-03,BOEING CO,09G725,0.6027332058072152,0.30000001,0.5,5,0.75,74.650002,0.2918944310717052,0.011,16.54244
2012-04-04,BOEING CO,09G725,0.6050825179068,0.30000001,0.5,5,0.75,73.669998,0.2920312409162041,0.0105,16.54244
2012-04-05,BOEING CO,09G725,0.6120831203225031,0.30000001,0.5,5,0.75,73.589996,0.2919636676025832,0.0101,16.54244
2012-04-09,BOEING CO,09G725,0.6295504587664413,0.30000001,0.5,5,0.75,72.43,0.292305146790867,0.0089999996,16.54244
2012-04-10,BOEING CO,09G725,0.6450579146050542,0.30000001,0.5,5,0.75,70.599998,0.2931976252025408,0.0085000005,16.54244
2012-04-11,BOEING CO,09G725,0.6390979553446917,0.30000001,0.5,5,0.75,71.769997,0.2936349791502789,0.0088999998,16.54244
2012-04-12,BOEING CO,09G725,0.6219873631012673,0.30000001,0.5,5,0.75,73.5,0.2944560365529717,0.0089999996,16.54244
2012-04-13,BOEING CO,09G725,0.6256372213974183,0.30000001,0.5,5,0.75,72.919998,0.2942687681214208,0.0086000003,16.54244
2012-04-16,BOEING CO,09G725,0.6266200861030534,0.30000001,0.5,5,0.75,72.68,0.2942835879157,0.0085000005,16.54244
2012-04-17,BOEING CO,09G725,0.6206236892138391,0.30000001,0.5,5,0.75,74.089996,0.294878920178746,0.0088,16.54244
2012-04-18,BOEING CO,09G725,0.6208313181292263,0.30000001,0.5,5,0.75,73.709999,0.294920895652497,0.0086000003,16.54244
2012-04-19,BOEING CO,09G725,0.6215184433817006,0.30000001,0.5,5,0.75,73.099998,0.2950090649311533,0.0083999997,16.54244
2012-04-20,BOEING CO,09G725,0.6123965424611609,0.30000001,0.5,5,0.75,73.550003,0.293914832482404,0.0086000003,16.54244
2012-04-23,BOEING CO,09G725,0.6176282909556778,0.30000001,0.5,5,0.75,72.860001,0.2940314524778498,0.0082999999,16.54244
2012-04-24,BOEING CO,09G725,0.6088458398841144,0.30000001,0.5,5,0.75,73.209999,0.2939770275944317,0.0086000003,16.54244
2012-04-25,BOEING CO,09G725,0.5985951187407834,0.30000001,0.5,5,0.75,77.080002,0.2985443251071386,0.0086000003,16.54244
2012-04-26,BOEING CO,09G725,0.5923554106558293,0.30000001,0.5,5,0.75,76.989998,0.2984607677056625,0.0082999999,16.54244
2012-04-27,BOEING CO,09G725,0.5902853558459238,0.30000001,0.5,5,0.75,77.269997,0.2967893613348599,0.0082,16.54244
2012-04-30,BOEING CO,09G725,0.5870855826290335,0.30000001,0.5,5,0.75,76.800003,0.2964491014529543,0.0082,16.515608
2012-05-01,BOEING CO,09G725,0.582718183814888,0.30000001,0.5,5,0.75,77.25,0.2964863720770143,0.0083999997,15.518344
2012-05-02,BOEING CO,09G725,0.5772613028131617,0.30000001,0.5,5,0.75,77.260002,0.2964860900796379,0.0082,15.518344
2012-05-03,BOEING CO,09G725,0.5737981793757247,0.30000001,0.5,5,0.75,76.830002,0.2964167111885633,0.0082,15.518344
2012-05-04,BOEING CO,09G725,0.5822297460883998,0.30000001,0.5,5,0.75,75.839996,0.2966605061922272,0.0077999998,15.518344
2012-05-07,BOEING CO,09G725,0.5986503277685972,0.30000001,0.5,5,0.75,75.959999,0.2964651243064626,0.0078999996,15.518344
2012-05-08,BOEING CO,09G725,0.6098972577300237,0.30000001,0.5,5,0.75,75.400002,0.2965308826203298,0.0077,15.518344
2012-05-09,BOEING CO,09G725,0.6204134764660643,0.30000001,0.5,5,0.75,74.050003,0.2967530090837023,0.0077,15.518344
2012-05-10,BOEING CO,09G725,0.6236785581738962,0.30000001,0.5,5,0.75,73.800003,0.2967187261027446,0.0078999996,15.518344
2012-05-11,BOEING CO,09G725,0.6368255060982962,0.30000001,0.5,5,0.75,73.559998,0.2967068090133868,0.0074999998,15.518344
2012-05-14,BOEING CO,09G725,0.6803116332940164,0.30000001,0.5,5,0.75,73.120003,0.2967284709352009,0.0073000002,15.518344
2012-05-15,BOEING CO,09G725,0.6846366593239623,0.30000001,0.5,5,0.75,72.580002,0.2963909942712474,0.0074,15.518344
2012-05-16,BOEING CO,09G725,0.6998150458472536,0.30000001,0.5,5,0.75,72.349998,0.296074316669426,0.0074999998,15.518344
2012-05-17,BOEING CO,09G725,0.7264145014719064,0.30000001,0.5,5,0.75,69.730003,0.2982231745394025,0.0074,15.518344
2012-05-18,BOEING CO,09G725,0.7266872606329086,0.30000001,0.5,5,0.75,69.150002,0.2981097306944394,0.0074999998,15.518344
2012-05-21,BOEING CO,09G725,0.7158355982893636,0.30000001,0.5,5,0.75,71.779999,0.3004840018857023,0.0074999998,15.518344
2012-05-22,BOEING CO,09G725,0.7021888629197428,0.30000001,0.5,5,0.75,71.480003,0.3000855560396835,0.0077999998,15.518344
2012-05-23,BOEING CO,09G725,0.7114594003430609,0.30000001,0.5,5,0.75,71.57,0.299941759699476,0.0074,15.518344
2012-05-24,BOEING CO,09G725,0.7142434244801216,0.30000001,0.5,5,0.75,71.389999,0.2997890567224869,0.0077,15.518344
2012-05-25,BOEING CO,09G725,0.7102773183894487,0.30000001,0.5,5,0.75,70.0,0.3003873173450163,0.0076000001,15.518344
2012-05-29,BOEING CO,09G725,0.7029589591611197,0.30000001,0.5,5,0.75,70.400002,0.3004112882460364,0.0076000001,15.518344
2012-05-30,BOEING CO,09G725,0.7049313481888747,0.30000001,0.5,5,0.75,69.389999,0.30043812071557,0.0068999999,15.518344
2012-05-31,BOEING CO,09G725,0.7017321442448599,0.30000001,0.5,5,0.75,69.610001,0.2984916148891396,0.0066999998,15.518344
2012-06-01,BOEING CO,09G725,0.7234713956849542,0.30000001,0.5,5,0.75,67.239998,0.3003860784258159,0.0062000002,15.518344
2012-06-04,BOEING CO,09G725,0.7258317205690574,0.30000001,0.5,5,0.75,67.5,0.3002083476285707,0.0068000001,15.518344
2012-06-05,BOEING CO,09G725,0.7205165112721069,0.30000001,0.5,5,0.75,67.580002,0.3001924037494997,0.0068000001,15.518344
2012-06-06,BOEING CO,09G725,0.7021410182688761,0.30000001,0.5,5,0.75,69.019997,0.3009079583561422,0.0073000002,15.518344
2012-06-07,BOEING CO,09G725,0.6920228407557406,0.30000001,0.5,5,0.75,69.949997,0.3011759476339377,0.0071999999,15.518344
2012-06-08,BOEING CO,09G725,0.6837127996989151,0.30000001,0.5,5,0.75,69.940002,0.3011435568978895,0.0071,15.518344
2012-06-11,BOEING CO,09G725,0.6861699218592344,0.30000001,0.5,5,0.75,70.110001,0.3004732536945332,0.0068999999,15.518344
2012-06-12,BOEING CO,09G725,0.6877815355399897,0.30000001,0.5,5,0.75,72.580002,0.3024991095915853,0.0074999998,15.518344
2012-06-13,BOEING CO,09G725,0.6884819560143056,0.30000001,0.5,5,0.75,72.059998,0.3017022073241344,0.0071,15.518344
2012-06-14,BOEING CO,09G725,0.6868418900447307,0.30000001,0.5,5,0.75,71.849998,0.3015258980560019,0.0073000002,15.518344
2012-06-15,BOEING CO,09G725,0.6789484093445994,0.30000001,0.5,5,0.75,71.989998,0.3015245282142313,0.0068000001,15.518344
2012-06-18,BOEING CO,09G725,0.6798730805578037,0.30000001,0.5,5,0.75,71.900002,0.3015220847351277,0.0068999999,15.518344
2012-06-19,BOEING CO,09G725,0.6750354781560134,0.30000001,0.5,5,0.75,72.919998,0.3018122891807371,0.0071,15.518344
2012-06-20,BOEING CO,09G725,0.6663916975770474,0.30000001,0.5,5,0.75,73.010002,0.3017215006056845,0.0074,15.518344
2012-06-21,BOEING CO,09G725,0.6722002719625405,0.30000001,0.5,5,0.75,71.370003,0.3015071341564807,0.0073000002,15.518344
2012-06-22,BOEING CO,09G725,0.6753205371605688,0.30000001,0.5,5,0.75,71.959999,0.3013596683765282,0.0076000001,15.518344
2012-06-25,BOEING CO,09G725,0.6979579889469117,0.30000001,0.5,5,0.75,71.050003,0.3016384358073614,0.0071999999,15.518344
2012-06-26,BOEING CO,09G725,0.7090148696160391,0.30000001,0.5,5,0.75,70.93,0.3016064457806751,0.0074999998,15.518344
2012-06-27,BOEING CO,09G725,0.7091735775234589,0.30000001,0.5,5,0.75,71.870003,0.3018213171956786,0.0073000002,15.518344
2012-06-28,BOEING CO,09G725,0.7158290409676615,0.30000001,0.5,5,0.75,71.580002,0.301731710811265,0.0068999999,15.518344
2012-06-29,BOEING CO,09G725,0.7046098402416036,0.30000001,0.5,5,0.75,74.300003,0.3036488010396851,0.0071999999,15.518344
2012-07-02,BOEING CO,09G725,0.6890896811776541,0.30000001,0.5,5,0.75,73.18,0.3040064478391255,0.0066999998,15.518344
2012-07-03,BOEING CO,09G725,0.684318824832914,0.30000001,0.5,5,0.75,74.269997,0.3043542233218335,0.0068999999,15.518344
2012-07-05,BOEING CO,09G725,0.6891307235426284,0.30000001,0.5,5,0.75,74.440002,0.3042636496870717,0.0068000001,15.518344
2012-07-06,BOEING CO,09G725,0.6924034246017787,0.30000001,0.5,5,0.75,73.690002,0.3039885086471643,0.0063999998,15.518344
2012-07-09,BOEING CO,09G725,0.7061705787230345,0.30000001,0.5,5,0.75,74.029999,0.3037707798917099,0.0063,15.518344
2012-07-10,BOEING CO,09G725,0.6945350274497765,0.30000001,0.5,5,0.75,73.220001,0.303090381940371,0.0063,15.518344
2012-07-11,BOEING CO,09G725,0.7011099640358509,0.30000001,0.5,5,0.75,71.519997,0.3033657766936626,0.0063999998,15.518344
2012-07-12,BOEING CO,09G725,0.6969247509453632,0.30000001,0.5,5,0.75,71.709999,0.3033596161691665,0.0063,15.518344
2012-07-13,BOEING CO,09G725,0.6961739129982021,0.30000001,0.5,5,0.75,73.510002,0.30405353758017,0.0063,15.518344
2012-07-16,BOEING CO,09G725,0.6932618715041842,0.30000001,0.5,5,0.75,72.970001,0.3041511741026184,0.0060000001,15.518344
2012-07-17,BOEING CO,09G725,0.6882318337011537,0.30000001,0.5,5,0.75,73.110001,0.3031463109389872,0.0062000002,15.518344
2012-07-18,BOEING CO,09G725,0.6815404148627948,0.30000001,0.5,5,0.75,73.889999,0.3030113624528467,0.0060000001,15.518344
2012-07-19,BOEING CO,09G725,0.6726716489707365,0.30000001,0.5,5,0.75,74.860001,0.3025196175476401,0.0062000002,15.518344
2012-07-20,BOEING CO,09G725,0.6674411197935228,0.30000001,0.5,5,0.75,73.889999,0.3026144302375241,0.0059000002,15.518344
2012-07-23,BOEING CO,09G725,0.6744376300518466,0.30000001,0.5,5,0.75,72.910004,0.302901710758771,0.0057000001,15.518344
2012-07-24,BOEING CO,09G725,0.6800656371097021,0.30000001,0.5,5,0.75,72.029999,0.3025556997937371,0.0057000001,15.518344
2012-07-25,BOEING CO,09G725,0.6661545822912321,0.30000001,0.5,5,0.75,74.029999,0.3033427901713927,0.0055999998,15.518344
2012-07-26,BOEING CO,09G725,0.6636298543151514,0.30000001,0.5,5,0.75,74.910004,0.3034936376481954,0.0057999999,15.518344
2012-07-27,BOEING CO,09G725,0.6469955528183982,0.30000001,0.5,5,0.75,75.510002,0.3035861009849544,0.0065000001,15.518344
2012-07-30,BOEING CO,09G725,0.630963306937054,0.30000001,0.5,5,0.75,74.860001,0.3037071183817597,0.0060999999,15.518344
2012-07-31,BOEING CO,09G725,0.6193590538912394,0.30000001,0.5,5,0.75,73.910004,0.3039844128577626,0.0060000001,15.4616
2012-08-01,BOEING CO,09G725,0.6179898878162199,0.30000001,0.5,5,0.75,72.769997,0.3020236402168496,0.0063,14.898949
2012-08-02,BOEING CO,09G725,0.6208180776101863,0.30000001,0.5,5,0.75,71.989998,0.3021775631286362,0.0060999999,14.898949
2012-08-03,BOEING CO,09G725,0.6139012954973311,0.30000001,0.5,5,0.75,72.809998,0.2955310956751111,0.0066999998,14.898949
2012-08-06,BOEING CO,09G725,0.6108789483238058,0.30000001,0.5,5,0.75,72.889999,0.2954649641117333,0.0065000001,14.898949
2012-08-07,BOEING CO,09G725,0.6043518366596782,0.30000001,0.5,5,0.75,74.459999,0.2888331500437502,0.0071,14.898949
2012-08-08,BOEING CO,09G725,0.603183101942031,0.30000001,0.5,5,0.75,74.599998,0.2823494685260699,0.0073000002,14.898949
2012-08-09,BOEING CO,09G725,0.6031841409356226,0.30000001,0.5,5,0.75,74.279999,0.2726424276686074,0.0074,14.898949
2012-08-10,BOEING CO,09G725,0.60837312962397,0.30000001,0.5,5,0.75,74.209999,0.271597650513869,0.0071,14.898949
2012-08-13,BOEING CO,09G725,0.6068634542659395,0.30000001,0.5,5,0.75,74.190002,0.267265366881033,0.0071,14.898949
2012-08-14,BOEING CO,09G725,0.6072837644730743,0.30000001,0.5,5,0.75,73.809998,0.2669392417654067,0.0074999998,14.898949
2012-08-15,BOEING CO,09G725,0.6054504421726029,0.30000001,0.5,5,0.75,73.07,0.2668534427218539,0.0080000004,14.898949
2012-08-16,BOEING CO,09G725,0.6064214176873792,0.30000001,0.5,5,0.75,73.639999,0.2669378647423632,0.0082999999,14.898949
2012-08-17,BOEING CO,09G725,0.6067642822470196,0.30000001,0.5,5,0.75,73.910004,0.2615571750363626,0.0081000002,14.898949
2012-08-20,BOEING CO,09G725,0.6053917632616508,0.30000001,0.5,5,0.75,73.830002,0.2603876009472244,0.0080000004,14.898949
2012-08-21,BOEING CO,09G725,0.599870160844873,0.30000001,0.5,5,0.75,73.269997,0.2601880510938006,0.0080000004,14.898949
2012-08-22,BOEING CO,09G725,0.5998340412985084,0.30000001,0.5,5,0.75,72.800003,0.2572062429788607,0.0071,14.898949
2012-08-23,BOEING CO,09G725,0.6034580540763594,0.30000001,0.5,5,0.75,70.360001,0.2591050976206122,0.0071,14.898949
2012-08-24,BOEING CO,09G725,0.6100735298120588,0.30000001,0.5,5,0.75,71.089996,0.2590754585645512,0.0071999999,14.898949
2012-08-27,BOEING CO,09G725,0.6121572163029708,0.30000001,0.5,5,0.75,71.379997,0.2576758620890242,0.0070000002,14.898949
2012-08-28,BOEING CO,09G725,0.6155774092018375,0.30000001,0.5,5,0.75,71.519997,0.2561492679253974,0.0068999999,14.898949
2012-08-29,BOEING CO,09G725,0.6132012086432054,0.30000001,0.5,5,0.75,71.440002,0.2552428957403213,0.0068999999,14.898949
2012-08-30,BOEING CO,09G725,0.611864332680108,0.30000001,0.5,5,0.75,70.82,0.2551215441205424,0.0066,14.898949
2012-08-31,BOEING CO,09G725,0.6067585507512792,0.30000001,0.5,5,0.75,71.400002,0.2549253184978823,0.0059000002,14.898949
2012-09-04,BOEING CO,09G725,0.607130649806804,0.30000001,0.5,5,0.75,70.870003,0.2531329507754044,0.0062000002,14.898949
2012-09-05,BOEING CO,09G725,0.6058138616336054,0.30000001,0.5,5,0.75,71.919998,0.2527051723144918,0.0062000002,14.898949
2012-09-06,BOEING CO,09G725,0.5931725813974541,0.30000001,0.5,5,0.75,72.82,0.2507827325790123,0.0068000001,14.898949
2012-09-07,BOEING CO,09G725,0.5768056187652562,0.30000001,0.5,5,0.75,72.889999,0.2486006718874618,0.0063999998,14.898949
2012-09-10,BOEING CO,09G725,0.5771585083875455,0.30000001,0.5,5,0.75,71.080002,0.2493396265480738,0.0066,14.898949
2012-09-11,BOEING CO,09G725,0.5771743453530732,0.30000001,0.5,5,0.75,71.269997,0.2491856640628098,0.0066999998,14.898949
2012-09-12,BOEING CO,09G725,0.57380205408561,0.30000001,0.5,5,0.75,70.959999,0.2491483961326867,0.0070000002,14.898949
2012-09-13,BOEING CO,09G725,0.5668129472577516,0.30000001,0.5,5,0.75,71.580002,0.2492688264155004,0.0065000001,14.898949
2012-09-14,BOEING CO,09G725,0.5591317991433014,0.30000001,0.5,5,0.75,71.279999,0.248526456545912,0.0071999999,14.898949
2012-09-17,BOEING CO,09G725,0.5570538653369471,0.30000001,0.5,5,0.75,69.919998,0.2487926647623671,0.0073000002,14.898949
2012-09-18,BOEING CO,09G725,0.5576577673647188,0.30000001,0.5,5,0.75,70.449997,0.2481365014432965,0.0071,14.898949
2012-09-19,BOEING CO,09G725,0.5605840425804266,0.30000001,0.5,5,0.75,69.900002,0.2480853435576348,0.0070000002,14.898949
2012-09-20,BOEING CO,09G725,0.5759096266846621,0.30000001,0.5,5,0.75,69.849998,0.2447254753526237,0.0070000002,14.898949
2012-09-21,BOEING CO,09G725,0.5740583923749968,0.30000001,0.5,5,0.75,69.970001,0.2416642571962458,0.0068000001,14.898949
2012-09-24,BOEING CO,09G725,0.5809194139856224,0.30000001,0.5,5,0.75,70.029999,0.2413356933894872,0.0068000001,14.898949
2012-09-25,BOEING CO,09G725,0.5870791855448653,0.30000001,0.5,5,0.75,69.379997,0.2379816322432315,0.0066,14.898949
2012-09-26,BOEING CO,09G725,0.5940807267009695,0.30000001,0.5,5,0.75,70.25,0.2379877344950128,0.0063,14.898949
2012-09-27,BOEING CO,09G725,0.5797066021478037,0.30000001,0.5,5,0.75,70.099998,0.237568183184846,0.0063999998,14.898949
2012-09-28,BOEING CO,09G725,0.5765124814987518,0.30000001,0.5,5,0.75,69.595001,0.2376072310557979,0.0062000002,14.898949
2012-10-01,BOEING CO,09G725,0.5722764430555755,0.30000001,0.5,5,0.75,70.010002,0.2356879225197587,0.0062000002,14.898949
2012-10-02,BOEING CO,09G725,0.5679661087688804,0.30000001,0.5,5,0.75,69.529999,0.2326881853942718,0.0060999999,14.898949
2012-10-03,BOEING CO,09G725,0.5564897960836898,0.30000001,0.5,5,0.75,69.860001,0.2322729435042505,0.0060999999,14.898949
2012-10-04,BOEING CO,09G725,0.5358004019347785,0.30000001,0.5,5,0.75,69.940002,0.2319060457642106,0.0063,14.898949
2012-10-05,BOEING CO,09G725,0.5312122828915103,0.30000001,0.5,5,0.75,70.889999,0.2309525802769881,0.0066999998,14.898949
2012-10-08,BOEING CO,09G725,0.5312676113124226,0.30000001,0.5,5,0.75,70.57,0.2309662919038218,0.0066999998,14.898949
2012-10-09,BOEING CO,09G725,0.5317884955264163,0.30000001,0.5,5,0.75,70.639999,0.2282484695626855,0.0066999998,14.898949
2012-10-10,BOEING CO,09G725,0.5286631151818943,0.30000001,0.5,5,0.75,70.339996,0.2282946640515347,0.0066,14.898949
2012-10-11,BOEING CO,09G725,0.5245914379044054,0.30000001,0.5,5,0.75,70.830002,0.2283317482738021,0.0066999998,14.898949
2012-10-12,BOEING CO,09G725,0.5231726308582904,0.30000001,0.5,5,0.75,71.849998,0.2283816758836464,0.0066999998,14.898949
2012-10-15,BOEING CO,09G725,0.5175143497463011,0.30000001,0.5,5,0.75,72.25,0.2283795202932348,0.0066999998,14.898949
2012-10-16,BOEING CO,09G725,0.5114655544046565,0.30000001,0.5,5,0.75,73.480003,0.2264381235757586,0.0070000002,14.898949
2012-10-17,BOEING CO,09G725,0.501069868143009,0.30000001,0.5,5,0.75,73.629997,0.2248767143821984,0.0077999998,14.898949
2012-10-18,BOEING CO,09G725,0.5064666197887192,0.30000001,0.5,5,0.75,74.260002,0.2249167122028734,0.0078999996,14.898949
2012-10-19,BOEING CO,09G725,0.5046322449122518,0.30000001,0.5,5,0.75,74.010002,0.2247018946967186,0.0077,14.898949
2012-10-22,BOEING CO,09G725,0.5098722640658925,0.30000001,0.5,5,0.75,73.699997,0.2223393730700352,0.0078999996,14.898949
2012-10-23,BOEING CO,09G725,0.5234112113794611,0.30000001,0.5,5,0.75,72.82,0.2226919039161238,0.0077,14.898949
2012-10-24,BOEING CO,09G725,0.5090816788984643,0.30000001,0.5,5,0.75,72.709999,0.2220811642210347,0.0076000001,14.898949
2012-10-25,BOEING CO,09G725,0.5056140681735236,0.30000001,0.5,5,0.75,71.540001,0.218307577129634,0.0082,14.898949
2012-10-26,BOEING CO,09G725,0.5017486295671754,0.30000001,0.5,5,0.75,71.110001,0.2179815502964403,0.0076000001,14.898949
2012-10-31,BOEING CO,09G725,0.5011121968560428,0.30000001,0.5,5,0.75,70.440002,0.2179843154147359,0.0071999999,14.853921
2012-11-01,BOEING CO,09G725,0.4979655556668014,0.30000001,0.5,5,0.75,70.790001,0.2151425650303995,0.0073000002,14.834029
2012-11-02,BOEING CO,09G725,0.4926435098675644,0.30000001,0.5,5,0.75,70.050003,0.2115944441549747,0.0073000002,14.834029
2012-11-05,BOEING CO,09G725,0.4924174171683475,0.30000001,0.5,5,0.75,70.410004,0.2107945681421983,0.0070000002,14.834029
2012-11-06,BOEING CO,09G725,0.4918048701654668,0.30000001,0.5,5,0.75,72.019997,0.2102114639377641,0.0074999998,14.834029
2012-11-07,BOEING CO,09G725,0.5087513529210441,0.30000001,0.5,5,0.75,70.110001,0.211155181783539,0.0066999998,14.834029
2012-11-08,BOEING CO,09G725,0.5222801866785001,0.30000001,0.5,5,0.75,70.980003,0.211378231402571,0.0065000001,14.834029
2012-11-09,BOEING CO,09G725,0.5228212391760438,0.30000001,0.5,5,0.75,73.25,0.2134186405070143,0.0065000001,14.834029
2012-11-12,BOEING CO,09G725,0.5228563439705325,0.30000001,0.5,5,0.75,73.690002,0.2110433235807917,0.0065000001,14.834029
2012-11-13,BOEING CO,09G725,0.5265705846887642,0.30000001,0.5,5,0.75,73.360001,0.2110752458953175,0.0063,14.834029
2012-11-14,BOEING CO,09G725,0.5338622074138283,0.30000001,0.5,5,0.75,71.290001,0.2106558448186215,0.0063,14.834029
2012-11-15,BOEING CO,09G725,0.5539232852099665,0.30000001,0.5,5,0.75,71.040001,0.2101663729765074,0.0062000002,14.834029
2012-11-16,BOEING CO,09G725,0.5725402562477365,0.30000001,0.5,5,0.75,70.769997,0.2102072568161892,0.0062000002,14.834029
2012-11-19,BOEING CO,09G725,0.5718227571482182,0.30000001,0.5,5,0.75,71.959999,0.2094749630680574,0.0063999998,14.834029
2012-11-20,BOEING CO,09G725,0.5733626089859324,0.30000001,0.5,5,0.75,72.540001,0.2095666762586268,0.0066999998,14.834029
2012-11-21,BOEING CO,09G725,0.570548140076115,0.30000001,0.5,5,0.75,73.150002,0.2087361976003825,0.0068999999,14.834029
2012-11-23,BOEING CO,09G725,0.5677560004242389,0.30000001,0.5,5,0.75,73.739998,0.206876586134903,0.0070000002,14.834029
2012-11-26,BOEING CO,09G725,0.5634840169903497,0.30000001,0.5,5,0.75,74.269997,0.2060871299714168,0.0068000001,14.834029
2012-11-27,BOEING CO,09G725,0.5660786416660387,0.30000001,0.5,5,0.75,74.489998,0.203629846321111,0.0066,14.834029
2012-11-28,BOEING CO,09G725,0.5692223747753475,0.30000001,0.5,5,0.75,74.089996,0.2036403312167657,0.0063999998,14.834029
2012-11-29,BOEING CO,09G725,0.5687931196631458,0.30000001,0.5,5,0.75,74.120003,0.2006959857330608,0.0063,14.834029
2012-11-30,BOEING CO,09G725,0.5661604347534218,0.30000001,0.5,5,0.75,74.279999,0.2006713781972795,0.0060999999,14.834029
2012-12-03,BOEING CO,09G725,0.5629690407302885,0.30000001,0.5,5,0.75,74.019997,0.1938372550254362,0.0063,14.834029
2012-12-04,BOEING CO,09G725,0.5563542687984363,0.30000001,0.5,5,0.75,74.050003,0.1910069640031007,0.0063,14.834029
2012-12-05,BOEING CO,09G725,0.5478187648048176,0.30000001,0.5,5,0.75,73.870003,0.1909809367039025,0.0060999999,14.834029
2012-12-06,BOEING CO,09G725,0.5447940699839644,0.30000001,0.5,5,0.75,73.980003,0.1909565271019378,0.0060000001,14.834029
2012-12-07,BOEING CO,09G725,0.5446914790391433,0.30000001,0.5,5,0.75,74.639999,0.1911180222247042,0.0063,14.834029
2012-12-10,BOEING CO,09G725,0.541512789955034,0.30000001,0.5,5,0.75,75.529999,0.1914191244577236,0.0062000002,14.834029
2012-12-11,BOEING CO,09G725,0.5279464865009007,0.30000001,0.5,5,0.75,75.82,0.1913366225530406,0.0063999998,14.834029
2012-12-12,BOEING CO,09G725,0.5234786118843493,0.30000001,0.5,5,0.75,75.470001,0.1898008487217715,0.0066,14.834029
2012-12-13,BOEING CO,09G725,0.5285646523109794,0.30000001,0.5,5,0.75,74.32,0.1898751778000422,0.0070000002,14.834029
2012-12-14,BOEING CO,09G725,0.533855645143646,0.30000001,0.5,5,0.75,74.019997,0.1899258420261265,0.0070000002,14.834029
2012-12-17,BOEING CO,09G725,0.5247091038208338,0.30000001,0.5,5,0.75,74.650002,0.1895876498343707,0.0074,14.834029
2012-12-18,BOEING CO,09G725,0.5084447903051251,0.30000001,0.5,5,0.75,75.519997,0.1896989639243712,0.0077999998,14.834029
2012-12-19,BOEING CO,09G725,0.5064176401145702,0.30000001,0.5,5,0.75,75.510002,0.189627018500145,0.0077,14.834029
2012-12-20,BOEING CO,09G725,0.5111132649099747,0.30000001,0.5,5,0.75,76.199997,0.1894177468329411,0.0077,14.834029
2012-12-21,BOEING CO,09G725,0.5249422185224684,0.30000001,0.5,5,0.75,76.169998,0.1866741556680971,0.0074999998,14.834029
2012-12-24,BOEING CO,09G725,0.526251941652665,0.30000001,0.5,5,0.75,75.970001,0.1860465055868682,0.0077,14.834029
2012-12-26,BOEING CO,09G725,0.5285792570464459,0.30000001,0.5,5,0.75,76.019997,0.1858163442546955,0.0076000001,14.834029
2012-12-27,BOEING CO,09G725,0.5302298772588476,0.30000001,0.5,5,0.75,75.830002,0.185780724604282,0.0071999999,14.834029
2012-12-28,BOEING CO,09G725,0.5288998016336626,0.30000001,0.5,5,0.75,74.690002,0.1863698871985264,0.0071999999,14.834029
2012-12-31,BOEING CO,09G725,0.5307331160039847,0.30000001,0.5,5,0.75,75.360001,0.186059814290115,0.0071999999,14.834029
2013-01-02,BOEING CO,09G725,0.4953785579004743,0.30000001,0.5,5,0.75,77.07,0.1870653042009678,0.0076000001,14.834029
2013-01-03,BOEING CO,09G725,0.4888141598026098,0.30000001,0.5,5,0.75,77.470001,0.1868262559531185,0.0081000002,14.834029
2013-01-04,BOEING CO,09G725,0.4881444911812062,0.30000001,0.5,5,0.75,77.690002,0.1864871688612942,0.0082,14.834029
2013-01-07,BOEING CO,09G725,0.4894390532941086,0.30000001,0.5,5,0.75,76.129997,0.1875982955589479,0.0082,14.834029
2013-01-08,BOEING CO,09G725,0.5242166651460217,0.30000001,0.5,5,0.75,74.129997,0.1891476297930189,0.0078999996,14.834029
2013-01-09,BOEING CO,09G725,0.5483975538965126,0.30000001,0.5,5,0.75,76.760002,0.1923223519850458,0.0077,14.834029
2013-01-10,BOEING CO,09G725,0.5389358596234459,0.30000001,0.5,5,0.75,77.089996,0.1922313397171491,0.0080000004,14.834029
2013-01-11,BOEING CO,09G725,0.545106409982301,0.30000001,0.5,5,0.75,75.160004,0.1937970167343117,0.0077999998,14.834029
2013-01-14,BOEING CO,09G725,0.5593001445681834,0.30000001,0.5,5,0.75,76.550003,0.1946249798058264,0.0077999998,14.834029
2013-01-15,BOEING CO,09G725,0.5589934746289521,0.30000001,0.5,5,0.75,76.940002,0.1944248745547158,0.0074999998,14.834029
2013-01-16,BOEING CO,09G725,0.6186668745581126,0.30000001,0.5,5,0.75,74.339996,0.1970036783591951,0.0074999998,14.834029
2013-01-17,BOEING CO,09G725,0.6541815812125229,0.30000001,0.5,5,0.75,75.260002,0.197203112062638,0.0078999996,14.834029
2013-01-18,BOEING CO,09G725,0.6363076660090375,0.30000001,0.5,5,0.75,75.040001,0.1972107575365552,0.0077,14.834029
2013-01-22,BOEING CO,09G725,0.644426500597939,0.30000001,0.5,5,0.75,74.160004,0.1974602122604993,0.0076000001,14.834029
2013-01-23,BOEING CO,09G725,0.6369680613485136,0.30000001,0.5,5,0.75,74.290001,0.1974661323973193,0.0076000001,14.834029
2013-01-24,BOEING CO,09G725,0.6728944339668051,0.30000001,0.5,5,0.75,75.32,0.1979446505218757,0.0077999998,14.834029
2013-01-25,BOEING CO,09G725,0.6735397011572943,0.30000001,0.5,5,0.75,75.029999,0.1979737290692158,0.0087000001,14.834029
2013-01-28,BOEING CO,09G725,0.6802040278735403,0.30000001,0.5,5,0.75,74.0,0.1983682697885467,0.0088999998,14.834029
2013-01-29,BOEING CO,09G725,0.664257931351873,0.30000001,0.5,5,0.75,73.650002,0.1983095684795859,0.0089999996,14.834029
2013-01-30,BOEING CO,09G725,0.6677927654149486,0.30000001,0.5,5,0.75,74.589996,0.1984491622521555,0.0088,14.834029
2013-01-31,BOEING CO,09G725,0.6813749334965944,0.30000001,0.5,5,0.75,73.870003,0.1986192531087155,0.0088,14.834029
2013-02-01,BOEING CO,09G725,0.6793915522945321,0.30000001,0.5,5,0.75,74.870003,0.1990694566650611,0.0088,14.834029
2013-02-04,BOEING CO,09G725,0.6778909074815267,0.30000001,0.5,5,0.75,75.209999,0.1984824557840906,0.0085000005,14.834029
2013-02-05,BOEING CO,09G725,0.6832253811865614,0.30000001,0.5,5,0.75,75.889999,0.1986687451046261,0.0088,14.834029
2013-02-06,BOEING CO,09G725,0.6844658286954284,0.30000001,0.5,5,0.75,76.290001,0.198187328024584,0.0083999997,14.834029
2013-02-07,BOEING CO,09G725,0.6567550465316,0.30000001,0.5,5,0.75,77.43,0.1983864958599205,0.0082999999,14.834029
2013-02-08,BOEING CO,09G725,0.634190051408012,0.30000001,0.5,5,0.75,76.559998,0.1986858882014058,0.0083999997,14.834029
2013-02-11,BOEING CO,09G725,0.627498017140475,0.30000001,0.5,5,0.75,75.870003,0.1986913509452674,0.0085000005,14.834029
2013-02-12,BOEING CO,09G725,0.6227316114800503,0.30000001,0.5,5,0.75,75.989998,0.1986152399408545,0.0088,14.834029
2013-02-13,BOEING CO,09G725,0.6022440251561826,0.30000001,0.5,5,0.75,74.779999,0.1984468678392277,0.0092000002,14.834029
2013-02-14,BOEING CO,09G725,0.6056452180038353,0.30000001,0.5,5,0.75,74.93,0.1984496321691828,0.0086000003,14.834029
2013-02-15,BOEING CO,09G725,0.6047065382502276,0.30000001,0.5,5,0.75,75.029999,0.1982331261434806,0.0087000001,14.834029
2013-02-19,BOEING CO,09G725,0.6062000817341395,0.30000001,0.5,5,0.75,74.650002,0.1982440661868571,0.0088999998,14.834029
2013-02-20,BOEING CO,09G725,0.6053291650624469,0.30000001,0.5,5,0.75,74.779999,0.1982494325762076,0.0088,14.834029
2013-02-21,BOEING CO,09G725,0.5980360116153582,0.30000001,0.5,5,0.75,76.010002,0.1989165516570123,0.0086000003,14.834029
2013-02-22,BOEING CO,09G725,0.5963561672706099,0.30000001,0.5,5,0.75,76.660004,0.1990362288719031,0.0083999997,14.834029
2013-02-25,BOEING CO,09G725,0.5917208089186297,0.30000001,0.5,5,0.75,75.029999,0.2001450233894837,0.0077999998,14.834029
2013-02-26,BOEING CO,09G725,0.5922648613135074,0.30000001,0.5,5,0.75,75.650002,0.2002891675343249,0.0077999998,14.834029
2013-02-27,BOEING CO,09G725,0.5916005005759378,0.30000001,0.5,5,0.75,77.360001,0.2015263527797999,0.0077999998,14.834029
2013-02-28,BOEING CO,09G725,0.5899262704982644,0.30000001,0.5,5,0.75,76.900002,0.2012965679173275,0.0077,14.793048
2013-03-01,BOEING CO,09G725,0.5895435436037015,0.30000001,0.5,5,0.75,77.279999,0.2013486290521117,0.0074999998,13.765496
2013-03-04,BOEING CO,09G725,0.5883582812192674,0.30000001,0.5,5,0.75,77.089996,0.2013437534493466,0.0076000001,13.765496
2013-03-05,BOEING CO,09G725,0.5830318175882072,0.30000001,0.5,5,0.75,78.660004,0.2023376543004368,0.0077,13.765496
2013-03-06,BOEING CO,09G725,0.5767215409716117,0.30000001,0.5,5,0.75,79.080002,0.2023796109771599,0.0081000002,13.765496
2013-03-07,BOEING CO,09G725,0.5626844078437013,0.30000001,0.5,5,0.75,81.050003,0.2035724120470464,0.0085000005,13.765496
2013-03-08,BOEING CO,09G725,0.5524182146864041,0.30000001,0.5,5,0.75,81.230003,0.2024082961129185,0.0089999996,13.765496
2013-03-11,BOEING CO,09G725,0.5413628665592908,0.30000001,0.5,5,0.75,82.940002,0.2030473571173108,0.0089999996,13.765496
2013-03-12,BOEING CO,09G725,0.5319895721460784,0.30000001,0.5,5,0.75,84.160004,0.203369379444296,0.0088,13.765496
2013-03-13,BOEING CO,09G725,0.5254748184670597,0.30000001,0.5,5,0.75,84.75,0.2030761430101482,0.0088999998,13.765496
2013-03-14,BOEING CO,09G725,0.5183729114766839,0.30000001,0.5,5,0.75,84.620003,0.2030589222485381,0.0088,13.765496
2013-03-15,BOEING CO,09G725,0.5109964026125356,0.30000001,0.5,5,0.75,86.43,0.2039142588387696,0.0083999997,13.765496
2013-03-18,BOEING CO,09G725,0.514218055819801,0.30000001,0.5,5,0.75,85.18,0.2041475887457502,0.0081000002,13.765496
2013-03-19,BOEING CO,09G725,0.5151165727505072,0.30000001,0.5,5,0.75,85.510002,0.2041630830022766,0.0078999996,13.765496
2013-03-20,BOEING CO,09G725,0.5146944078156617,0.30000001,0.5,5,0.75,85.370003,0.2041420907493627,0.0081000002,13.765496
2013-03-21,BOEING CO,09G725,0.5174182292560029,0.30000001,0.5,5,0.75,84.330002,0.2045369351714033,0.0081000002,13.765496
2013-03-22,BOEING CO,09G725,0.5169597532773612,0.30000001,0.5,5,0.75,84.82,0.204561427332339,0.0080000004,13.765496
2013-03-25,BOEING CO,09G725,0.5164736103756692,0.30000001,0.5,5,0.75,84.849998,0.204547591352819,0.0080000004,13.765496
2013-03-26,BOEING CO,09G725,0.5063083128666727,0.30000001,0.5,5,0.75,86.620003,0.2049684965797817,0.0078999996,13.765496
2013-03-27,BOEING CO,09G725,0.5039248243737527,0.30000001,0.5,5,0.75,86.199997,0.205046546990539,0.0076000001,13.765496
2013-03-28,BOEING CO,09G725,0.5028277998846612,0.30000001,0.5,5,0.75,85.849998,0.2045057621810887,0.0077,13.744701
2013-04-01,BOEING CO,09G725,0.5039628706431664,0.30000001,0.5,5,0.75,85.25,0.2045733192387987,0.0076000001,13.744701
2013-04-02,BOEING CO,09G725,0.5039694821612521,0.30000001,0.5,5,0.75,84.089996,0.2049504212317412,0.0077999998,13.744701
2013-04-03,BOEING CO,09G725,0.5048967971831494,0.30000001,0.5,5,0.75,84.360001,0.2049259817209001,0.0073000002,13.744701
2013-04-04,BOEING CO,09G725,0.5022782244438967,0.30000001,0.5,5,0.75,84.949997,0.2049976620194118,0.0068999999,13.744701
2013-04-05,BOEING CO,09G725,0.5023845601072479,0.30000001,0.5,5,0.75,86.169998,0.2052066395942251,0.0068000001,13.744701
2013-04-08,BOEING CO,09G725,0.5053488378117678,0.30000001,0.5,5,0.75,86.75,0.2051503676019821,0.0071,13.744701
2013-04-09,BOEING CO,09G725,0.5034130264181667,0.30000001,0.5,5,0.75,87.209999,0.2047236904644929,0.0070000002,13.744701
2013-04-10,BOEING CO,09G725,0.4875237476529541,0.30000001,0.5,5,0.75,87.82,0.2048064506019993,0.0074,13.744701
2013-04-11,BOEING CO,09G725,0.4859410915504813,0.30000001,0.5,5,0.75,88.529999,0.2042482975505894,0.0074,13.744701
2013-04-12,BOEING CO,09G725,0.4857995367056924,0.30000001,0.5,5,0.75,88.889999,0.2025639253656375,0.0070000002,13.744701
2013-04-15,BOEING CO,09G725,0.488888620302724,0.30000001,0.5,5,0.75,86.769997,0.2034936240049058,0.0068999999,13.744701
2013-04-16,BOEING CO,09G725,0.4874963466627121,0.30000001,0.5,5,0.75,86.889999,0.2021600588646174,0.0071,13.744701
2013-04-17,BOEING CO,09G725,0.4847927285515479,0.30000001,0.5,5,0.75,86.690002,0.2019948398330065,0.0071,13.744701
2013-04-18,BOEING CO,09G725,0.4865901306165264,0.30000001,0.5,5,0.75,86.120003,0.2020893364337426,0.0071,13.744701
2013-04-19,BOEING CO,09G725,0.4910961795517281,0.30000001,0.5,5,0.75,87.959999,0.2022799222225423,0.0071999999,13.744701
2013-04-22,BOEING CO,09G725,0.4829491397424756,0.30000001,0.5,5,0.75,86.940002,0.2025752960491683,0.0070000002,13.744701
2013-04-23,BOEING CO,09G725,0.4796946737041367,0.30000001,0.5,5,0.75,88.18,0.2028114677437727,0.0071,13.744701
2013-04-24,BOEING CO,09G725,0.4725714654617214,0.30000001,0.5,5,0.75,90.830002,0.2048282875461275,0.0070000002,13.744701
2013-04-25,BOEING CO,09G725,0.466393659524652,0.30000001,0.5,5,0.75,91.669998,0.2047258824263819,0.0071,13.744701
2013-04-26,BOEING CO,09G725,0.4651787112881539,0.30000001,0.5,5,0.75,92.849998,0.2050315397903374,0.0068000001,13.744701
2013-04-29,BOEING CO,09G725,0.4575760737245405,0.30000001,0.5,5,0.75,91.900002,0.1986555205889292,0.0068000001,13.744701
2013-04-30,BOEING CO,09G725,0.4486915179620358,0.30000001,0.5,5,0.75,91.410004,0.1987420949687819,0.0068000001,13.719864
2013-05-01,BOEING CO,09G725,0.4382596406598885,0.30000001,0.5,5,0.75,91.18,0.1987509235619957,0.0065000001,12.088084
2013-05-02,BOEING CO,09G725,0.4412072489790268,0.30000001,0.5,5,0.75,92.209999,0.1989036417558883,0.0065000001,12.088084
2013-05-03,BOEING CO,09G725,0.430056633416412,0.30000001,0.5,5,0.75,93.739998,0.1994610733730094,0.0073000002,12.088084
2013-05-06,BOEING CO,09G725,0.4244197347624718,0.30000001,0.5,5,0.75,94.190002,0.1994966210508558,0.0074,12.088084
2013-05-07,BOEING CO,09G725,0.4137345459598971,0.30000001,0.5,5,0.75,94.790001,0.199461556691854,0.0074999998,12.088084
2013-05-08,BOEING CO,09G725,0.4164266899409616,0.30000001,0.5,5,0.75,94.040001,0.1990105446127932,0.0074999998,12.088084
2013-05-09,BOEING CO,09G725,0.4143341200899516,0.30000001,0.5,5,0.75,94.610001,0.199072972184635,0.0074999998,12.088084
2013-05-10,BOEING CO,09G725,0.4134438154479321,0.30000001,0.5,5,0.75,94.239998,0.1989556985462533,0.0082,12.088084
2013-05-13,BOEING CO,09G725,0.4116037419983813,0.30000001,0.5,5,0.75,94.760002,0.1985655720352923,0.0082999999,12.088084
2013-05-14,BOEING CO,09G725,0.4050550528151285,0.30000001,0.5,5,0.75,96.110001,0.1989438365088921,0.0085000005,12.088084
2013-05-15,BOEING CO,09G725,0.4087765740156201,0.30000001,0.5,5,0.75,97.019997,0.1990633282948489,0.0083999997,12.088084
2013-05-16,BOEING CO,09G725,0.4072446512276867,0.30000001,0.5,5,0.75,96.580002,0.1990156699140958,0.0078999996,12.088084
2013-05-17,BOEING CO,09G725,0.4073402307728002,0.30000001,0.5,5,0.75,98.919998,0.2001419277923048,0.0083999997,12.088084
2013-05-20,BOEING CO,09G725,0.4087377965534044,0.30000001,0.5,5,0.75,98.720001,0.2001189070376359,0.0085000005,12.088084
2013-05-21,BOEING CO,09G725,0.4053668933833986,0.30000001,0.5,5,0.75,98.75,0.1965263136231149,0.0083999997,12.088084
2013-05-22,BOEING CO,09G725,0.4028965870335673,0.30000001,0.5,5,0.75,97.93,0.1965256067369576,0.0091000004,12.088084
2013-05-23,BOEING CO,09G725,0.4066408160090311,0.30000001,0.5,5,0.75,99.75,0.1938450322238629,0.0091000004,12.088084
2013-05-24,BOEING CO,09G725,0.4119807993796729,0.30000001,0.5,5,0.75,100.0,0.1937645179049347,0.0089999996,12.088084
2013-05-28,BOEING CO,09G725,0.4071437044569325,0.30000001,0.5,5,0.75,100.11,0.1937647828968237,0.0102,12.088084
2013-05-29,BOEING CO,09G725,0.4116175624815334,0.30000001,0.5,5,0.75,99.089996,0.1940761632151087,0.0102,12.088084
2013-05-30,BOEING CO,09G725,0.4133759706823066,0.30000001,0.5,5,0.75,100.54,0.1933768578340721,0.0101,12.088084
2013-05-31,BOEING CO,09G725,0.4133380323832954,0.30000001,0.5,5,0.75,99.019997,0.1940534479782428,0.0105,12.088084
2013-06-03,BOEING CO,09G725,0.4151787724089535,0.30000001,0.5,5,0.75,100.74,0.1940412854095625,0.0103,12.088084
2013-06-04,BOEING CO,09G725,0.41822534692797,0.30000001,0.5,5,0.75,99.610001,0.1944609473005427,0.0105,12.088084
2013-06-05,BOEING CO,09G725,0.4259083333899285,0.30000001,0.5,5,0.75,98.489998,0.1915808605109508,0.0102,12.088084
2013-06-06,BOEING CO,09G725,0.4338662162807387,0.30000001,0.5,5,0.75,99.760002,0.191896668281278,0.0101,12.088084
2013-06-07,BOEING CO,09G725,0.4242199962067015,0.30000001,0.5,5,0.75,102.49,0.1936019973542354,0.011,12.088084
2013-06-10,BOEING CO,09G725,0.4185071462827222,0.30000001,0.5,5,0.75,102.24,0.1926564268022573,0.0113,12.088084
2013-06-11,BOEING CO,09G725,0.4263210629947999,0.30000001,0.5,5,0.75,101.75,0.1924040561242826,0.0112,12.088084
2013-06-12,BOEING CO,09G725,0.4234366148978091,0.30000001,0.5,5,0.75,100.88,0.1926664555670127,0.0115,12.088084
2013-06-13,BOEING CO,09G725,0.424197504996269,0.30000001,0.5,5,0.75,102.16,0.1929824943295286,0.0111,12.088084
2013-06-14,BOEING CO,09G725,0.4211704809603352,0.30000001,0.5,5,0.75,101.83,0.1900765630064864,0.0104,12.088084
2013-06-17,BOEING CO,09G725,0.4192096006699332,0.30000001,0.5,5,0.75,103.03,0.1901528459932704,0.0106,12.088084
2013-06-18,BOEING CO,09G725,0.4213646859085373,0.30000001,0.5,5,0.75,104.08,0.1902930768360474,0.0107,12.088084
2013-06-19,BOEING CO,09G725,0.4274806838766394,0.30000001,0.5,5,0.75,102.25,0.1912608450175491,0.0124,12.088084
2013-06-20,BOEING CO,09G725,0.4808080200035285,0.30000001,0.5,5,0.75,99.639999,0.1931501359385955,0.0131,12.088084
2013-06-21,BOEING CO,09G725,0.4783156110365988,0.30000001,0.5,5,0.75,99.980003,0.1927376630918134,0.0142,12.088084
2013-06-24,BOEING CO,09G725,0.5064508643191638,0.30000001,0.5,5,0.75,97.849998,0.1940727335174798,0.0148,12.088084
2013-06-25,BOEING CO,09G725,0.5023826751442924,0.30000001,0.5,5,0.75,98.669998,0.1927223965156992,0.0149,12.088084
2013-06-26,BOEING CO,09G725,0.4934801961891051,0.30000001,0.5,5,0.75,100.75,0.1936011665273547,0.0145,12.088084
2013-06-27,BOEING CO,09G725,0.490850958234863,0.30000001,0.5,5,0.75,103.15,0.1943582218049992,0.0138,12.088084
2013-06-28,BOEING CO,09G725,0.4870829911710004,0.30000001,0.5,5,0.75,102.44,0.1945171283203604,0.0141,12.088084
2013-07-01,BOEING CO,09G725,0.4868181181475401,0.30000001,0.5,5,0.75,103.24,0.194266554359724,0.0139,12.088084
2013-07-02,BOEING CO,09G725,0.4875065763999732,0.30000001,0.5,5,0.75,101.47,0.1950893781110907,0.0138,12.088084
2013-07-03,BOEING CO,09G725,0.4857103599704026,0.30000001,0.5,5,0.75,102.89,0.1920401630484108,0.0142,12.088084
2013-07-05,BOEING CO,09G725,0.4872874732928464,0.30000001,0.5,5,0.75,104.2,0.1916493328252358,0.016000001,12.088084
2013-07-08,BOEING CO,09G725,0.4953663703392537,0.30000001,0.5,5,0.75,104.37,0.191181882709207,0.0151,12.088084
2013-07-09,BOEING CO,09G725,0.4975870868159035,0.30000001,0.5,5,0.75,104.68,0.191185856578535,0.015,12.088084
2013-07-10,BOEING CO,09G725,0.5017884367465901,0.30000001,0.5,5,0.75,105.5,0.1909339845588562,0.0154,12.088084
2013-07-11,BOEING CO,09G725,0.4981328088868829,0.30000001,0.5,5,0.75,106.88,0.1912560089486727,0.014,12.088084
2013-07-12,BOEING CO,09G725,0.6249084923634124,0.30000001,0.5,5,0.75,101.87,0.1969181665806496,0.0143,12.088084
2013-07-15,BOEING CO,09G725,0.5809790231574312,0.30000001,0.5,5,0.75,105.66,0.1985720690923208,0.014,12.088084
2013-07-16,BOEING CO,09G725,0.5624696747171093,0.30000001,0.5,5,0.75,104.23,0.1991547451642328,0.0138,12.088084
2013-07-17,BOEING CO,09G725,0.5550261224775186,0.30000001,0.5,5,0.75,104.79,0.1977956762630719,0.0133,12.088084
2013-07-18,BOEING CO,09G725,0.5372206674085404,0.30000001,0.5,5,0.75,107.63,0.1992295560485942,0.0135,12.088084
2013-07-19,BOEING CO,09G725,0.5391265317690025,0.30000001,0.5,5,0.75,106.96,0.1993876166689855,0.0131,12.088084
2013-07-22,BOEING CO,09G725,0.540592661726197,0.30000001,0.5,5,0.75,106.86,0.1992001888150028,0.0132,12.088084
2013-07-23,BOEING CO,09G725,0.5364151445586316,0.30000001,0.5,5,0.75,107.79,0.1989929876511259,0.0133,12.088084
2013-07-24,BOEING CO,09G725,0.5269462137622908,0.30000001,0.5,5,0.75,106.95,0.1986799126427934,0.014,12.088084
2013-07-25,BOEING CO,09G725,0.5251661496087687,0.30000001,0.5,5,0.75,106.7,0.1981568113635603,0.0138,12.088084
2013-07-26,BOEING CO,09G725,0.5283292697051077,0.30000001,0.5,5,0.75,105.6,0.1980419201994969,0.0136,12.088084
2013-07-29,BOEING CO,09G725,0.5245426842215839,0.30000001,0.5,5,0.75,104.81,0.1965133171663991,0.0137,12.088084
2013-07-30,BOEING CO,09G725,0.5317837772157046,0.30000001,0.5,5,0.75,105.73,0.1963736733708673,0.0139,12.088084
2013-07-31,BOEING CO,09G725,0.5302011465462617,0.30000001,0.5,5,0.75,105.1,0.1964083430155713,0.0138,12.155972
2013-08-01,BOEING CO,09G725,0.5256148809978956,0.30000001,0.5,5,0.75,106.7,0.1966247173973222,0.0149,12.695442
2013-08-02,BOEING CO,09G725,0.5236503313969343,0.30000001,0.5,5,0.75,107.9,0.1963376188727816,0.0136,12.695442
2013-08-05,BOEING CO,09G725,0.526328542320165,0.30000001,0.5,5,0.75,107.5,0.1956616920328181,0.0139,12.695442
2013-08-06,BOEING CO,09G725,0.5291547731693939,0.30000001,0.5,5,0.75,107.04,0.1953564327325846,0.0139,12.695442
2013-08-07,BOEING CO,09G725,0.5313948367251506,0.30000001,0.5,5,0.75,106.42,0.195138830596405,0.0138,12.695442
2013-08-08,BOEING CO,09G725,0.5355183839669986,0.30000001,0.5,5,0.75,105.84,0.1952687571262807,0.0136,12.695442
2013-08-09,BOEING CO,09G725,0.5388701192720433,0.30000001,0.5,5,0.75,105.33,0.1943526635549492,0.0136,12.695442
2013-08-12,BOEING CO,09G725,0.538808215946596,0.30000001,0.5,5,0.75,104.24,0.1947170679224962,0.0139,12.695442
2013-08-13,BOEING CO,09G725,0.5427189997477118,0.30000001,0.5,5,0.75,106.23,0.195419644298313,0.0149,12.695442
2013-08-14,BOEING CO,09G725,0.5552675209312327,0.30000001,0.5,5,0.75,104.16,0.196539260123687,0.0148,12.695442
2013-08-15,BOEING CO,09G725,0.5516519452149004,0.30000001,0.5,5,0.75,102.73,0.19712330703262,0.0154,12.695442
2013-08-16,BOEING CO,09G725,0.5486981710940247,0.30000001,0.5,5,0.75,103.47,0.1970941030547723,0.016000001,12.695442
2013-08-19,BOEING CO,09G725,0.5622524903668298,0.30000001,0.5,5,0.75,104.72,0.1972951549656956,0.0163,12.695442
2013-08-20,BOEING CO,09G725,0.5720619602040823,0.30000001,0.5,5,0.75,104.63,0.1972116928363924,0.015699999,12.695442
2013-08-21,BOEING CO,09G725,0.5725051740615855,0.30000001,0.5,5,0.75,103.91,0.1973805785227384,0.0164,12.695442
2013-08-22,BOEING CO,09G725,0.5741876615503589,0.30000001,0.5,5,0.75,105.14,0.197632345823629,0.017100001,12.695442
2013-08-23,BOEING CO,09G725,0.5728953960256192,0.30000001,0.5,5,0.75,105.48,0.1974252297025914,0.0166,12.695442
2013-08-26,BOEING CO,09G725,0.5758636891975079,0.30000001,0.5,5,0.75,105.53,0.1972641528944456,0.016100001,12.695442
2013-08-27,BOEING CO,09G725,0.5781662318697315,0.30000001,0.5,5,0.75,103.21,0.1955301739941309,0.0156,12.695442
2013-08-28,BOEING CO,09G725,0.5770835246508417,0.30000001,0.5,5,0.75,103.27,0.1953383689122158,0.0162,12.695442
2013-08-29,BOEING CO,09G725,0.5803849263221038,0.30000001,0.5,5,0.75,104.93,0.1958559554000609,0.016000001,12.695442
2013-08-30,BOEING CO,09G725,0.5711335910212421,0.30000001,0.5,5,0.75,103.92,0.1961825512828526,0.0162,12.695442
2013-09-03,BOEING CO,09G725,0.5687816619877203,0.30000001,0.5,5,0.75,105.01,0.1963615062839565,0.016799999,12.695442
2013-09-04,BOEING CO,09G725,0.5739853588403901,0.30000001,0.5,5,0.75,106.37,0.1964056386305128,0.0174,12.695442
2013-09-05,BOEING CO,09G725,0.576759014019813,0.30000001,0.5,5,0.75,106.65,0.1963021463175958,0.0185,12.695442
2013-09-06,BOEING CO,09G725,0.5764575612815246,0.30000001,0.5,5,0.75,106.07,0.1962189726544665,0.0177,12.695442
2013-09-09,BOEING CO,09G725,0.5726610661662879,0.30000001,0.5,5,0.75,107.19,0.1959807718666065,0.017100001,12.695442
2013-09-10,BOEING CO,09G725,0.5617145831093714,0.30000001,0.5,5,0.75,108.17,0.1958237868143739,0.0178,12.695442
2013-09-11,BOEING CO,09G725,0.558585483272682,0.30000001,0.5,5,0.75,109.23,0.1959880774528396,0.017200001,12.695442
2013-09-12,BOEING CO,09G725,0.555730135209655,0.30000001,0.5,5,0.75,109.8,0.1941884260277649,0.017200001,12.695442
2013-09-13,BOEING CO,09G725,0.5552573105625647,0.30000001,0.5,5,0.75,111.33,0.1945601997952222,0.017100001,12.695442
2013-09-16,BOEING CO,09G725,0.5344026886903036,0.30000001,0.5,5,0.75,115.67,0.1979510149152714,0.0165,12.695442
2013-09-17,BOEING CO,09G725,0.5332762134744926,0.30000001,0.5,5,0.75,117.11,0.1981105843589071,0.0162,12.695442
2013-09-18,BOEING CO,09G725,0.5172862559493061,0.30000001,0.5,5,0.75,118.4,0.1982077051973553,0.0143,12.695442
2013-09-19,BOEING CO,09G725,0.4939199411880304,0.30000001,0.5,5,0.75,119.04,0.1970799174645848,0.0149,12.695442
2013-09-20,BOEING CO,09G725,0.5067278992234012,0.30000001,0.5,5,0.75,116.63,0.1982890623575286,0.015,12.695442
2013-09-23,BOEING CO,09G725,0.5097277010762431,0.30000001,0.5,5,0.75,117.51,0.1981078906122395,0.0148,12.695442
2013-09-24,BOEING CO,09G725,0.5088998390090014,0.30000001,0.5,5,0.75,119.0,0.1983606878525856,0.0144,12.695442
2013-09-25,BOEING CO,09G725,0.5029830680355396,0.30000001,0.5,5,0.75,118.51,0.1984631740403446,0.0141,12.695442
2013-09-26,BOEING CO,09G725,0.5040688054890212,0.30000001,0.5,5,0.75,119.38,0.1985230930588593,0.0143,12.695442
2013-09-27,BOEING CO,09G725,0.5026618244816459,0.30000001,0.5,5,0.75,118.74,0.1983323689759461,0.014,12.695442
2013-09-30,BOEING CO,09G725,0.5012327011662914,0.30000001,0.5,5,0.75,117.5,0.1984727023254516,0.0139,12.695442
2013-10-01,BOEING CO,09G725,0.4973244392065413,0.30000001,0.5,5,0.75,117.75,0.1984247883246634,0.0142,12.695442
2013-10-02,BOEING CO,09G725,0.4864456194766254,0.30000001,0.5,5,0.75,117.84,0.1982044531971698,0.0138,12.695442
2013-10-03,BOEING CO,09G725,0.478588719107331,0.30000001,0.5,5,0.75,115.24,0.1996546943446473,0.0136,12.695442
2013-10-04,BOEING CO,09G725,0.4717801794482652,0.30000001,0.5,5,0.75,117.2,0.2000002225206529,0.0141,12.695442
2013-10-07,BOEING CO,09G725,0.4735881933101366,0.30000001,0.5,5,0.75,116.69,0.2000927287928589,0.0141,12.695442
2013-10-08,BOEING CO,09G725,0.4693587931296063,0.30000001,0.5,5,0.75,115.44,0.2005067012263861,0.0143,12.695442
2013-10-09,BOEING CO,09G725,0.4732559349709765,0.30000001,0.5,5,0.75,114.47,0.200454342757637,0.0143,12.695442
2013-10-10,BOEING CO,09G725,0.4644901064022329,0.30000001,0.5,5,0.75,118.9,0.2036614897084327,0.0144,12.695442
2013-10-11,BOEING CO,09G725,0.4615366534379745,0.30000001,0.5,5,0.75,117.98,0.2039022499706046,0.0142,12.695442
2013-10-14,BOEING CO,09G725,0.4602273127060526,0.30000001,0.5,5,0.75,119.46,0.2040599047784566,0.0142,12.695442
2013-10-15,BOEING CO,09G725,0.4573925967366715,0.30000001,0.5,5,0.75,118.18,0.2044174530103115,0.0145,12.695442
2013-10-16,BOEING CO,09G725,0.4491890259923642,0.30000001,0.5,5,0.75,120.34,0.2046862433707333,0.0141,12.695442
2013-10-17,BOEING CO,09G725,0.435983982187835,0.30000001,0.5,5,0.75,122.29,0.2051367839195917,0.0135,12.695442
2013-10-18,BOEING CO,09G725,0.4350631352781637,0.30000001,0.5,5,0.75,122.52,0.2046009225136591,0.0135,12.695442
2013-10-21,BOEING CO,09G725,0.4339079088302534,0.30000001,0.5,5,0.75,121.47,0.2048842540964165,0.0138,12.695442
2013-10-22,BOEING CO,09G725,0.4318310556491897,0.30000001,0.5,5,0.75,122.48,0.2048768254278943,0.013,12.695442
2013-10-23,BOEING CO,09G725,0.4211083262607148,0.30000001,0.5,5,0.75,129.02,0.2111084749196695,0.013,12.695442
2013-10-24,BOEING CO,09G725,0.4112882295035553,0.30000001,0.5,5,0.75,128.98,0.2110228488989113,0.0132,12.695442
2013-10-25,BOEING CO,09G725,0.4057748152288054,0.30000001,0.5,5,0.75,131.19,0.2110422163225034,0.013,12.695442
2013-10-28,BOEING CO,09G725,0.4015038347724411,0.30000001,0.5,5,0.75,129.88,0.2113744128942736,0.0131,12.695442
2013-10-29,BOEING CO,09G725,0.4036605797628863,0.30000001,0.5,5,0.75,129.66,0.2105932257297438,0.0129,12.695442
2013-10-30,BOEING CO,09G725,0.4042776846788129,0.30000001,0.5,5,0.75,129.67999,0.2104321431165576,0.013,12.695442
2013-10-31,BOEING CO,09G725,0.3969051365549643,0.30000001,0.5,5,0.75,130.5,0.2101206578638059,0.0131,12.745974
2013-11-01,BOEING CO,09G725,0.3940830201752958,0.30000001,0.5,5,0.75,133.03,0.2107757662794806,0.0137,12.769927
2013-11-04,BOEING CO,09G725,0.3961668464996663,0.30000001,0.5,5,0.75,132.78999,0.2104117314580844,0.0136,12.769927
2013-11-05,BOEING CO,09G725,0.3974831746494363,0.30000001,0.5,5,0.75,133.57001,0.2104215082734957,0.0139,12.769927
2013-11-06,BOEING CO,09G725,0.3983661505918194,0.30000001,0.5,5,0.75,133.09,0.2094632873374779,0.0134,12.769927
2013-11-07,BOEING CO,09G725,0.397607796442532,0.30000001,0.5,5,0.75,131.50999,0.2086929087791928,0.0131,12.769927
2013-11-08,BOEING CO,09G725,0.3971875408232825,0.30000001,0.5,5,0.75,133.49001,0.2088337494845134,0.0142,12.769927
2013-11-11,BOEING CO,09G725,0.3976347494968066,0.30000001,0.5,5,0.75,132.53,0.2069801660372931,0.0142,12.769927
2013-11-12,BOEING CO,09G725,0.3974972121622077,0.30000001,0.5,5,0.75,132.33,0.2069894344133166,0.0147,12.769927
2013-11-13,BOEING CO,09G725,0.3937394250993951,0.30000001,0.5,5,0.75,133.17,0.2069067165837911,0.0141,12.769927
2013-11-14,BOEING CO,09G725,0.3888870311953701,0.30000001,0.5,5,0.75,135.09,0.2049287217981488,0.0134,12.769927
2013-11-15,BOEING CO,09G725,0.3874567555197107,0.30000001,0.5,5,0.75,136.08,0.2048856651407356,0.0136,12.769927
2013-11-18,BOEING CO,09G725,0.3780801806581514,0.30000001,0.5,5,0.75,138.36,0.2052573029442858,0.0133,12.769927
2013-11-19,BOEING CO,09G725,0.3685902764600696,0.30000001,0.5,5,0.75,136.98,0.2051722763747812,0.0137,12.769927
2013-11-20,BOEING CO,09G725,0.3676573671512693,0.30000001,0.5,5,0.75,132.45,0.2081976071572958,0.0139,12.769927
2013-11-21,BOEING CO,09G725,0.3660824859650936,0.30000001,0.5,5,0.75,132.92999,0.2081175048134242,0.0138,12.769927
2013-11-22,BOEING CO,09G725,0.3616822084825695,0.30000001,0.5,5,0.75,135.97,0.2090368397338671,0.0137,12.769927
2013-11-25,BOEING CO,09G725,0.3481322633235042,0.30000001,0.5,5,0.75,133.0,0.2104078807071696,0.0137,12.769927
2013-11-26,BOEING CO,09G725,0.3475070131018695,0.30000001,0.5,5,0.75,134.78,0.210689747762924,0.0134,12.769927
2013-11-27,BOEING CO,09G725,0.3434005915471439,0.30000001,0.5,5,0.75,134.72,0.2105620794183302,0.0136,12.769927
2013-11-29,BOEING CO,09G725,0.3406098524329465,0.30000001,0.5,5,0.75,134.25,0.2106377211089873,0.0137,12.769927
2013-12-02,BOEING CO,09G725,0.3397526727290539,0.30000001,0.5,5,0.75,134.16,0.2106616629362331,0.0143,12.769927
2013-12-03,BOEING CO,09G725,0.3405183719855072,0.30000001,0.5,5,0.75,132.0,0.2113980643843557,0.014,12.769927
2013-12-04,BOEING CO,09G725,0.3400293806231465,0.30000001,0.5,5,0.75,131.5,0.2114805410545227,0.0145,12.769927
2013-12-05,BOEING CO,09G725,0.3399400972206365,0.30000001,0.5,5,0.75,132.73,0.2115357074160555,0.0149,12.769927
2013-12-06,BOEING CO,09G725,0.3381405095259226,0.30000001,0.5,5,0.75,135.17999,0.2121344835083313,0.0151,12.769927
2013-12-09,BOEING CO,09G725,0.3352747875712974,0.30000001,0.5,5,0.75,134.67999,0.2121303374961506,0.015,12.769927
2013-12-10,BOEING CO,09G725,0.3346652585729621,0.30000001,0.5,5,0.75,133.7,0.2121444129247647,0.0146,12.769927
2013-12-11,BOEING CO,09G725,0.3349943367823527,0.30000001,0.5,5,0.75,132.56,0.2124225518723379,0.015,12.769927
2013-12-12,BOEING CO,09G725,0.3334075332625716,0.30000001,0.5,5,0.75,132.96001,0.2123066952605227,0.0155,12.769927
2013-12-13,BOEING CO,09G725,0.333789254377778,0.30000001,0.5,5,0.75,133.83,0.2116035169258897,0.0155,12.769927
2013-12-16,BOEING CO,09G725,0.3266403431176698,0.30000001,0.5,5,0.75,134.72,0.2115414464846731,0.0155,12.769927
2013-12-17,BOEING CO,09G725,0.3288433017239218,0.30000001,0.5,5,0.75,135.88,0.2115445611305966,0.0152,12.769927
2013-12-18,BOEING CO,09G725,0.3224673708124929,0.30000001,0.5,5,0.75,135.49001,0.2114157333346694,0.0155,12.769927
2013-12-19,BOEING CO,09G725,0.3166749979605398,0.30000001,0.5,5,0.75,135.17,0.2114551114432098,0.0163,12.769927
2013-12-20,BOEING CO,09G725,0.3245363014039447,0.30000001,0.5,5,0.75,136.67,0.2115264307796115,0.0166,12.769927
2013-12-23,BOEING CO,09G725,0.3249002632450697,0.30000001,0.5,5,0.75,136.39999,0.2115538416819521,0.016799999,12.769927
2013-12-24,BOEING CO,09G725,0.3232798392994196,0.30000001,0.5,5,0.75,136.83,0.2114924527772527,0.0173,12.769927
2013-12-26,BOEING CO,09G725,0.3234532537745292,0.30000001,0.5,5,0.75,138.27,0.2116359608068416,0.0174,12.769927
2013-12-27,BOEING CO,09G725,0.3234274924706578,0.30000001,0.5,5,0.75,136.89999,0.2119424312418695,0.0174,12.769927
2013-12-30,BOEING CO,09G725,0.3246223289100724,0.30000001,0.5,5,0.75,135.92,0.211432670486639,0.017100001,12.769927
2013-12-31,BOEING CO,09G725,0.3255645681294741,0.30000001,0.5,5,0.75,136.49001,0.2113411851262793,0.0175,12.769927
2014-01-02,BOEING CO,09G725,0.3175586968856898,0.30000001,0.5,5,0.75,136.67,0.2103723272320217,0.017200001,12.769927
2014-01-03,BOEING CO,09G725,0.3138856769179131,0.30000001,0.5,5,0.75,137.62,0.2104027912716517,0.0173,12.769927
2014-01-06,BOEING CO,09G725,0.31325346128554,0.30000001,0.5,5,0.75,138.41,0.2104281970763728,0.017000001,12.769927
2014-01-07,BOEING CO,09G725,0.3088571569945293,0.30000001,0.5,5,0.75,140.50999,0.2095882374752133,0.016899999,12.769927
2014-01-08,BOEING CO,09G725,0.3051631907879159,0.30000001,0.5,5,0.75,140.82001,0.2075747969327267,0.0177,12.769927
2014-01-09,BOEING CO,09G725,0.3042109109813316,0.30000001,0.5,5,0.75,142.13,0.2050617762671732,0.0175,12.769927
2014-01-10,BOEING CO,09G725,0.3073628839572724,0.30000001,0.5,5,0.75,141.89999,0.2050981963714336,0.0164,12.769927
2014-01-13,BOEING CO,09G725,0.3031032916311287,0.30000001,0.5,5,0.75,140.7,0.2035205515012812,0.016000001,12.769927
2014-01-14,BOEING CO,09G725,0.304641528834079,0.30000001,0.5,5,0.75,140.00999,0.2030363839075252,0.0165,12.769927
2014-01-15,BOEING CO,09G725,0.3058016191663421,0.30000001,0.5,5,0.75,140.62,0.2030284718676914,0.016799999,12.769927
2014-01-16,BOEING CO,09G725,0.3060432293606543,0.30000001,0.5,5,0.75,140.21001,0.1998007529386626,0.0166,12.769927
2014-01-17,BOEING CO,09G725,0.3062949525810906,0.30000001,0.5,5,0.75,140.46001,0.1995652448632115,0.0164,12.769927
2014-01-21,BOEING CO,09G725,0.309776748375454,0.30000001,0.5,5,0.75,141.67,0.1995760641063381,0.0167,12.769927
2014-01-22,BOEING CO,09G725,0.3102054272528379,0.30000001,0.5,5,0.75,144.37,0.1997188706219437,0.017200001,12.769927
2014-01-23,BOEING CO,09G725,0.3140370699589964,0.30000001,0.5,5,0.75,141.31,0.2011534373960954,0.0162,12.769927
2014-01-24,BOEING CO,09G725,0.3195720569083057,0.30000001,0.5,5,0.75,136.64999,0.2039803794369536,0.015799999,12.769927
2014-01-27,BOEING CO,09G725,0.3204282619341524,0.30000001,0.5,5,0.75,137.36,0.203896989635825,0.016100001,12.769927
2014-01-28,BOEING CO,09G725,0.3185890925026591,0.30000001,0.5,5,0.75,137.09,0.2032918286612099,0.015900001,12.769927
2014-01-29,BOEING CO,09G725,0.3121335454318905,0.30000001,0.5,5,0.75,129.78,0.2107249108522919,0.0152,12.769927
2014-01-30,BOEING CO,09G725,0.3128654366648271,0.30000001,0.5,5,0.75,126.53,0.2122471583456582,0.0155,12.769927
2014-01-31,BOEING CO,09G725,0.3154629921599309,0.30000001,0.5,5,0.75,125.26,0.2122691812151395,0.0149,12.769927
2014-02-03,BOEING CO,09G725,0.3183167220545479,0.30000001,0.5,5,0.75,123.08,0.2128738057220626,0.0144,12.769927
2014-02-04,BOEING CO,09G725,0.3172398416416729,0.30000001,0.5,5,0.75,122.04,0.2131231073696735,0.0146,12.769927
2014-02-05,BOEING CO,09G725,0.3224549195795101,0.30000001,0.5,5,0.75,121.4,0.2131341624225749,0.015,12.769927
2014-02-06,BOEING CO,09G725,0.3221528648477986,0.30000001,0.5,5,0.75,122.67,0.2132764435067625,0.0152,12.769927
2014-02-07,BOEING CO,09G725,0.3229150334962027,0.30000001,0.5,5,0.75,127.02,0.2154966433718706,0.0147,12.769927
2014-02-10,BOEING CO,09G725,0.3225426367068036,0.30000001,0.5,5,0.75,127.16,0.215080761122946,0.0148,12.769927
2014-02-11,BOEING CO,09G725,0.3202008938612491,0.30000001,0.5,5,0.75,130.16,0.2158464314844635,0.0154,12.769927
2014-02-12,BOEING CO,09G725,0.3191430275752182,0.30000001,0.5,5,0.75,128.13,0.2161956646660236,0.015900001,12.769927
2014-02-13,BOEING CO,09G725,0.3209236734399296,0.30000001,0.5,5,0.75,129.5,0.2160327377733259,0.0151,12.769927
2014-02-14,BOEING CO,09G725,0.3205539782620903,0.30000001,0.5,5,0.75,130.16,0.2160499132834864,0.0153,12.769927
2014-02-18,BOEING CO,09G725,0.3216124374620393,0.30000001,0.5,5,0.75,130.63,0.2160510420779893,0.015,12.769927
2014-02-19,BOEING CO,09G725,0.3250325604151301,0.30000001,0.5,5,0.75,128.39,0.2168050966342094,0.0153,12.769927
2014-02-20,BOEING CO,09G725,0.3250340517828659,0.30000001,0.5,5,0.75,129.56,0.2169105466420235,0.015699999,12.769927
2014-02-21,BOEING CO,09G725,0.3249100777399145,0.30000001,0.5,5,0.75,128.28,0.2167905144055623,0.0156,12.769927
2014-02-24,BOEING CO,09G725,0.3257767464972998,0.30000001,0.5,5,0.75,129.59,0.2168453451277265,0.015699999,12.769927
2014-02-25,BOEING CO,09G725,0.3259423550996519,0.30000001,0.5,5,0.75,126.78,0.2168915849782294,0.0153,12.769927
2014-02-26,BOEING CO,09G725,0.3261455898629066,0.30000001,0.5,5,0.75,126.61,0.2168369837217629,0.015,12.769927
2014-02-27,BOEING CO,09G725,0.3271532518370478,0.30000001,0.5,5,0.75,128.56,0.2162759058187954,0.0149,12.769927
2014-02-28,BOEING CO,09G725,0.3276051732300562,0.30000001,0.5,5,0.75,128.92,0.2161225389671327,0.0151,12.908173
2014-03-03,BOEING CO,09G725,0.3355202125978847,0.30000001,0.5,5,0.75,128.22,0.2162402491089301,0.0146,12.960634
2014-03-04,BOEING CO,09G725,0.3348553171705282,0.30000001,0.5,5,0.75,130.23,0.2166098665329026,0.0154,12.960634
2014-03-05,BOEING CO,09G725,0.3349473438318177,0.30000001,0.5,5,0.75,128.78999,0.2162504801762677,0.0154,12.960634
2014-03-06,BOEING CO,09G725,0.3351340376986215,0.30000001,0.5,5,0.75,128.86,0.2162321197744994,0.015699999,12.960634
2014-03-07,BOEING CO,09G725,0.3333389588012035,0.30000001,0.5,5,0.75,128.53999,0.215063712502713,0.0165,12.960634
2014-03-10,BOEING CO,09G725,0.3399758781832118,0.30000001,0.5,5,0.75,126.89,0.2155745931261542,0.0164,12.960634
2014-03-11,BOEING CO,09G725,0.344645810823074,0.30000001,0.5,5,0.75,125.67,0.2150254339940964,0.0162,12.960634
2014-03-12,BOEING CO,09G725,0.3512717487392952,0.30000001,0.5,5,0.75,124.43,0.2149505246979329,0.015900001,12.960634
2014-03-13,BOEING CO,09G725,0.3499527765018977,0.30000001,0.5,5,0.75,121.89,0.2160195415103347,0.0153,12.960634
2014-03-14,BOEING CO,09G725,0.355224950102718,0.30000001,0.5,5,0.75,123.11,0.2161591819162619,0.0155,12.960634
2014-03-17,BOEING CO,09G725,0.347786693589564,0.30000001,0.5,5,0.75,125.42,0.2159343332379582,0.015799999,12.960634
2014-03-18,BOEING CO,09G725,0.349369837664406,0.30000001,0.5,5,0.75,124.04,0.2157028084422831,0.0156,12.960634
2014-03-19,BOEING CO,09G725,0.3487154226974982,0.30000001,0.5,5,0.75,122.24,0.2162960744071886,0.0175,12.960634
2014-03-20,BOEING CO,09G725,0.364051355606214,0.30000001,0.5,5,0.75,123.73,0.2165309344561599,0.0173,12.960634
2014-03-21,BOEING CO,09G725,0.3641102580460633,0.30000001,0.5,5,0.75,122.58,0.2163650228390971,0.0173,12.960634
2014-03-24,BOEING CO,09G725,0.3621569855780488,0.30000001,0.5,5,0.75,123.42,0.2163876346024973,0.0176,12.960634
2014-03-25,BOEING CO,09G725,0.3626986123276845,0.30000001,0.5,5,0.75,124.02,0.2164073165243197,0.0176,12.960634
2014-03-26,BOEING CO,09G725,0.3640128696211172,0.30000001,0.5,5,0.75,123.53,0.2156198649161103,0.017000001,12.960634
2014-03-27,BOEING CO,09G725,0.3691873418006669,0.30000001,0.5,5,0.75,123.21,0.2155641138153412,0.017000001,12.960634
2014-03-28,BOEING CO,09G725,0.3727683058044162,0.30000001,0.5,5,0.75,124.46,0.2156585983765716,0.0174,12.960634
2014-03-31,BOEING CO,09G725,0.3713608331158428,0.30000001,0.5,5,0.75,125.49,0.2155854503136375,0.0173,13.071904
2014-04-01,BOEING CO,09G725,0.3719272858789408,0.30000001,0.5,5,0.75,128.21001,0.2159566592555268,0.0174,13.071904
2014-04-02,BOEING CO,09G725,0.3688740600272516,0.30000001,0.5,5,0.75,128.31,0.2159548808675221,0.017999999,13.071904
2014-04-03,BOEING CO,09G725,0.3654114868631478,0.30000001,0.5,5,0.75,128.78,0.2159006490022931,0.017899999,13.071904
2014-04-04,BOEING CO,09G725,0.3645490864063892,0.30000001,0.5,5,0.75,127.38,0.2159035669072862,0.017100001,13.071904
2014-04-07,BOEING CO,09G725,0.3621515691972255,0.30000001,0.5,5,0.75,125.59,0.2164189826554997,0.016799999,13.071904
2014-04-08,BOEING CO,09G725,0.3590100104685184,0.30000001,0.5,5,0.75,124.15,0.2167831811468946,0.0167,13.071904
2014-04-09,BOEING CO,09G725,0.3597266618012638,0.30000001,0.5,5,0.75,126.88,0.2176765932115384,0.0165,13.071904
2014-04-10,BOEING CO,09G725,0.3600276567256083,0.30000001,0.5,5,0.75,123.64,0.2192663186964257,0.015900001,13.071904
2014-04-11,BOEING CO,09G725,0.3623553568225831,0.30000001,0.5,5,0.75,122.07,0.2197095216633125,0.015799999,13.071904
2014-04-14,BOEING CO,09G725,0.3637298009828036,0.30000001,0.5,5,0.75,123.25,0.2183901803318632,0.016100001,13.071904
2014-04-15,BOEING CO,09G725,0.3633697857825133,0.30000001,0.5,5,0.75,124.27,0.2184932147798299,0.0163,13.071904
2014-04-16,BOEING CO,09G725,0.3614994712700431,0.30000001,0.5,5,0.75,126.04,0.2188234550598865,0.0167,13.071904
2014-04-17,BOEING CO,09G725,0.361331739421813,0.30000001,0.5,5,0.75,127.92,0.2190669966878767,0.0175,13.071904
2014-04-21,BOEING CO,09G725,0.3626970866665093,0.30000001,0.5,5,0.75,127.82,0.2181929440544872,0.0174,13.071904
2014-04-22,BOEING CO,09G725,0.3612100431681708,0.30000001,0.5,5,0.75,127.55,0.2178205265467131,0.0176,13.071904
2014-04-23,BOEING CO,09G725,0.3569658866936104,0.30000001,0.5,5,0.75,130.63,0.2186161151345616,0.0173,13.071904
2014-04-24,BOEING CO,09G725,0.3557226031819794,0.30000001,0.5,5,0.75,129.86,0.2168892123925065,0.0174,13.071904
2014-04-25,BOEING CO,09G725,0.3561441133026245,0.30000001,0.5,5,0.75,128.66,0.2170216311195524,0.017200001,13.071904
2014-04-28,BOEING CO,09G725,0.3545131713956902,0.30000001,0.5,5,0.75,127.04,0.2171775051340205,0.0173,13.071904
2014-04-29,BOEING CO,09G725,0.3550838665449778,0.30000001,0.5,5,0.75,128.37,0.2170496258393038,0.0174,13.071904
2014-04-30,BOEING CO,09G725,0.356254906413811,0.30000001,0.5,5,0.75,129.02,0.2169702448711997,0.016899999,13.212657
2014-05-01,BOEING CO,09G725,0.3552670858326332,0.30000001,0.5,5,0.75,128.46001,0.2170121233811053,0.0166,12.252734
2014-05-02,BOEING CO,09G725,0.3524664063512425,0.30000001,0.5,5,0.75,129.94,0.2170223940627355,0.0167,12.252734
2014-05-05,BOEING CO,09G725,0.3459669503727011,0.30000001,0.5,5,0.75,131.96001,0.2169519622877614,0.016799999,12.252734
2014-05-06,BOEING CO,09G725,0.3441174549412475,0.30000001,0.5,5,0.75,130.83,0.2171609751819523,0.016799999,12.252734
2014-05-07,BOEING CO,09G725,0.3454449015349997,0.30000001,0.5,5,0.75,130.35001,0.2171058032857989,0.0165,12.252734
2014-05-08,BOEING CO,09G725,0.3421688138201687,0.30000001,0.5,5,0.75,130.57001,0.2170639466996838,0.0163,12.252734
2014-05-09,BOEING CO,09G725,0.3421429017383906,0.30000001,0.5,5,0.75,131.10001,0.2170306938965088,0.0163,12.252734
2014-05-12,BOEING CO,09G725,0.3427739022383605,0.30000001,0.5,5,0.75,132.60001,0.2171918018575481,0.0167,12.252734
2014-05-13,BOEING CO,09G725,0.3410972092964764,0.30000001,0.5,5,0.75,133.45,0.2172100973878972,0.0162,12.252734
2014-05-14,BOEING CO,09G725,0.3393130289979837,0.30000001,0.5,5,0.75,132.99001,0.216890519802964,0.015699999,12.252734
2014-05-15,BOEING CO,09G725,0.339533420281726,0.30000001,0.5,5,0.75,131.21001,0.2172470015351724,0.0155,12.252734
2014-05-16,BOEING CO,09G725,0.3411537149521701,0.30000001,0.5,5,0.75,130.81,0.2172115239916438,0.0156,12.252734
2014-05-19,BOEING CO,09G725,0.3395123351107531,0.30000001,0.5,5,0.75,131.35001,0.216015008734754,0.0156,12.252734
2014-05-20,BOEING CO,09G725,0.3395884132367297,0.30000001,0.5,5,0.75,129.58,0.2164947122056027,0.0153,12.252734
2014-05-21,BOEING CO,09G725,0.3411187735026989,0.30000001,0.5,5,0.75,130.96001,0.2166964382481487,0.0155,12.252734
2014-05-22,BOEING CO,09G725,0.3409713591091518,0.30000001,0.5,5,0.75,131.84,0.2165493207033231,0.015699999,12.252734
2014-05-23,BOEING CO,09G725,0.3381733631413862,0.30000001,0.5,5,0.75,132.41,0.2158783745071374,0.0155,12.252734
2014-05-27,BOEING CO,09G725,0.3373383080296056,0.30000001,0.5,5,0.75,134.17,0.2162083716548884,0.0156,12.252734
2014-05-28,BOEING CO,09G725,0.3294640527004952,0.30000001,0.5,5,0.75,134.33,0.2162082897185476,0.015,12.252734
2014-05-29,BOEING CO,09G725,0.3267244866311795,0.30000001,0.5,5,0.75,135.14,0.215948394489617,0.0152,12.252734
2014-05-30,BOEING CO,09G725,0.3223790954619989,0.30000001,0.5,5,0.75,135.25,0.2155400637669126,0.0154,12.252734
2014-06-02,BOEING CO,09G725,0.3168434220624374,0.30000001,0.5,5,0.75,135.89999,0.2149320194295476,0.016000001,12.252734
2014-06-03,BOEING CO,09G725,0.3153340407621173,0.30000001,0.5,5,0.75,135.88,0.2143403684174373,0.0165,12.252734
2014-06-04,BOEING CO,09G725,0.3137846333842723,0.30000001,0.5,5,0.75,135.33,0.2140378304351849,0.0165,12.252734
2014-06-05,BOEING CO,09G725,0.300869257057669,0.30000001,0.5,5,0.75,136.82001,0.2138764219455178,0.0163,12.252734
2014-06-06,BOEING CO,09G725,0.295291338124477,0.30000001,0.5,5,0.75,138.25,0.2137593525244566,0.0166,12.252734
2014-06-09,BOEING CO,09G725,0.2920424715566835,0.30000001,0.5,5,0.75,137.96001,0.2121997346055357,0.016899999,12.252734
2014-06-10,BOEING CO,09G725,0.2925344113489913,0.30000001,0.5,5,0.75,137.25,0.2122654820834939,0.017100001,12.252734
2014-06-11,BOEING CO,09G725,0.2903491855271632,0.30000001,0.5,5,0.75,134.10001,0.213564498427806,0.017000001,12.252734
2014-06-12,BOEING CO,09G725,0.2895928558492472,0.30000001,0.5,5,0.75,132.19,0.2139027438015494,0.0166,12.252734
2014-06-13,BOEING CO,09G725,0.2818208566739567,0.30000001,0.5,5,0.75,132.28999,0.2135942095641846,0.017000001,12.252734
2014-06-16,BOEING CO,09G725,0.2820404533699765,0.30000001,0.5,5,0.75,132.53999,0.2135491043389406,0.017100001,12.252734
2014-06-17,BOEING CO,09G725,0.2787445503449806,0.30000001,0.5,5,0.75,132.45,0.2132932735627152,0.0177,12.252734
2014-06-18,BOEING CO,09G725,0.2796088975988857,0.30000001,0.5,5,0.75,132.48,0.2131025604594806,0.017100001,12.252734
2014-06-19,BOEING CO,09G725,0.2729674228550286,0.30000001,0.5,5,0.75,132.82001,0.2122776537829731,0.017100001,12.252734
2014-06-20,BOEING CO,09G725,0.2717990686266438,0.30000001,0.5,5,0.75,132.10001,0.2106819820760703,0.017100001,12.252734
2014-06-23,BOEING CO,09G725,0.2747799550378606,0.30000001,0.5,5,0.75,130.85001,0.2109446722367655,0.017200001,12.252734
2014-06-24,BOEING CO,09G725,0.2736967668986505,0.30000001,0.5,5,0.75,129.14999,0.2102155430809884,0.017000001,12.252734
2014-06-25,BOEING CO,09G725,0.2818623507630232,0.30000001,0.5,5,0.75,127.06,0.2108152178775509,0.016799999,12.252734
2014-06-26,BOEING CO,09G725,0.2841678747764765,0.30000001,0.5,5,0.75,128.02,0.2099648480464,0.0164,12.252734
2014-06-27,BOEING CO,09G725,0.2885230031947739,0.30000001,0.5,5,0.75,128.53999,0.2087457405600675,0.0164,12.252734
2014-06-30,BOEING CO,09G725,0.2889115812693326,0.30000001,0.5,5,0.75,127.23,0.2088979146646286,0.0162,12.252734
2014-07-01,BOEING CO,09G725,0.2878928988450444,0.30000001,0.5,5,0.75,128.14999,0.2088798495250436,0.0166,12.252734
2014-07-02,BOEING CO,09G725,0.2863424791663605,0.30000001,0.5,5,0.75,127.62,0.2081477837415954,0.017100001,12.252734
2014-07-03,BOEING CO,09G725,0.2886606478675668,0.30000001,0.5,5,0.75,128.50999,0.2078283907361401,0.0174,12.252734
2014-07-07,BOEING CO,09G725,0.28692210216241,0.30000001,0.5,5,0.75,129.09,0.2075266802795821,0.0174,12.252734
2014-07-08,BOEING CO,09G725,0.2960010618763778,0.30000001,0.5,5,0.75,126.79,0.2083780293108215,0.017000001,12.252734
2014-07-09,BOEING CO,09G725,0.2970184927331747,0.30000001,0.5,5,0.75,126.79,0.2083700808007641,0.016799999,12.252734
2014-07-10,BOEING CO,09G725,0.3005715639441949,0.30000001,0.5,5,0.75,126.79,0.2082565001681452,0.0166,12.252734
2014-07-11,BOEING CO,09G725,0.3033451272825389,0.30000001,0.5,5,0.75,128.09,0.2081095132979284,0.0165,12.252734
2014-07-14,BOEING CO,09G725,0.3049422712472305,0.30000001,0.5,5,0.75,129.52,0.2027622746390738,0.016799999,12.252734
2014-07-15,BOEING CO,09G725,0.3077755431650021,0.30000001,0.5,5,0.75,129.10001,0.1995424793059017,0.017000001,12.252734
2014-07-16,BOEING CO,09G725,0.3085246167650306,0.30000001,0.5,5,0.75,127.42,0.1995052021810048,0.017100001,12.252734
2014-07-17,BOEING CO,09G725,0.3118535582040575,0.30000001,0.5,5,0.75,125.88,0.1998804776830319,0.0165,12.252734
2014-07-18,BOEING CO,09G725,0.3117233530644594,0.30000001,0.5,5,0.75,127.64,0.1985790540773555,0.016899999,12.252734
2014-07-21,BOEING CO,09G725,0.3129094860757017,0.30000001,0.5,5,0.75,128.3,0.1984994301115935,0.017000001,12.252734
2014-07-22,BOEING CO,09G725,0.3163490415078942,0.30000001,0.5,5,0.75,129.74001,0.1987601925191704,0.016799999,12.252734
2014-07-23,BOEING CO,09G725,0.3196516778768201,0.30000001,0.5,5,0.75,126.71,0.2000816149473552,0.0167,12.252734
2014-07-24,BOEING CO,09G725,0.3179431167577772,0.30000001,0.5,5,0.75,124.4,0.2008025273205654,0.017200001,12.252734
2014-07-25,BOEING CO,09G725,0.3189138340118801,0.30000001,0.5,5,0.75,123.2,0.2010484672495387,0.016899999,12.252734
2014-07-28,BOEING CO,09G725,0.3198644673677722,0.30000001,0.5,5,0.75,123.06,0.2007519291036615,0.0173,12.252734
2014-07-29,BOEING CO,09G725,0.3259539178751303,0.30000001,0.5,5,0.75,122.32,0.2006967629497876,0.017000001,12.252734
2014-07-30,BOEING CO,09G725,0.331698821901818,0.30000001,0.5,5,0.75,122.29,0.2005380793345374,0.0177,12.252734
2014-07-31,BOEING CO,09G725,0.3557699562325226,0.30000001,0.5,5,0.75,120.48,0.2010286999984346,0.0176,12.399166
2014-08-01,BOEING CO,09G725,0.3591067309316272,0.30000001,0.5,5,0.75,120.38,0.2005045144854698,0.0167,12.327005
2014-08-04,BOEING CO,09G725,0.352004774063695,0.30000001,0.5,5,0.75,119.93,0.2002681380719211,0.0166,12.327005
2014-08-05,BOEING CO,09G725,0.355222793456204,0.30000001,0.5,5,0.75,121.27,0.2005013054691068,0.0166,12.327005
2014-08-06,BOEING CO,09G725,0.3576219358907671,0.30000001,0.5,5,0.75,118.34,0.2013199460796659,0.0166,12.327005
2014-08-07,BOEING CO,09G725,0.3619886461235797,0.30000001,0.5,5,0.75,119.84,0.2016740493969587,0.016000001,12.327005
2014-08-08,BOEING CO,09G725,0.3585733802592876,0.30000001,0.5,5,0.75,120.63,0.2016687597000144,0.0162,12.327005
2014-08-11,BOEING CO,09G725,0.3515802450434841,0.30000001,0.5,5,0.75,120.8,0.20159433158495,0.0162,12.327005
2014-08-12,BOEING CO,09G725,0.3443794578164929,0.30000001,0.5,5,0.75,120.47,0.2013186346149003,0.0163,12.327005
2014-08-13,BOEING CO,09G725,0.343053952606694,0.30000001,0.5,5,0.75,121.98,0.2008247198982239,0.015900001,12.327005
2014-08-14,BOEING CO,09G725,0.3357884465789067,0.30000001,0.5,5,0.75,124.11,0.2004924324136709,0.015799999,12.327005
2014-08-15,BOEING CO,09G725,0.3343534931334031,0.30000001,0.5,5,0.75,123.16,0.200140416582347,0.0155,12.327005
2014-08-18,BOEING CO,09G725,0.3259121855905139,0.30000001,0.5,5,0.75,124.98,0.2005235207866338,0.015799999,12.327005
2014-08-19,BOEING CO,09G725,0.3211843377849293,0.30000001,0.5,5,0.75,125.58,0.2002484135257874,0.015900001,12.327005
2014-08-20,BOEING CO,09G725,0.3198286914238625,0.30000001,0.5,5,0.75,127.35,0.2006756103700599,0.0165,12.327005
2014-08-21,BOEING CO,09G725,0.3186709634207721,0.30000001,0.5,5,0.75,127.5,0.2005218903713226,0.0164,12.327005
2014-08-22,BOEING CO,09G725,0.3086189882763513,0.30000001,0.5,5,0.75,127.46,0.2002290150263766,0.016799999,12.327005
2014-08-25,BOEING CO,09G725,0.3078347123871061,0.30000001,0.5,5,0.75,128.33,0.2003027640063733,0.016899999,12.327005
2014-08-26,BOEING CO,09G725,0.3046098476574933,0.30000001,0.5,5,0.75,128.60001,0.2003055781406272,0.016799999,12.327005
2014-08-27,BOEING CO,09G725,0.3013290881119379,0.30000001,0.5,5,0.75,128.2,0.1990212726507212,0.0165,12.327005
2014-08-28,BOEING CO,09G725,0.3005836356702901,0.30000001,0.5,5,0.75,127.11,0.1992486621229704,0.0163,12.327005
2014-08-29,BOEING CO,09G725,0.3013054329232179,0.30000001,0.5,5,0.75,126.8,0.1987005186001196,0.0163,12.327005
2014-09-02,BOEING CO,09G725,0.3005761691525369,0.30000001,0.5,5,0.75,125.48,0.1987438425774967,0.016899999,12.327005
2014-09-03,BOEING CO,09G725,0.3055605808768417,0.30000001,0.5,5,0.75,125.94,0.1985306902821013,0.016899999,12.327005
2014-09-04,BOEING CO,09G725,0.3067562060960119,0.30000001,0.5,5,0.75,125.46,0.1982150820185311,0.017100001,12.327005
2014-09-05,BOEING CO,09G725,0.3097996465385,0.30000001,0.5,5,0.75,124.69,0.1983283901992892,0.016899999,12.327005
2014-09-08,BOEING CO,09G725,0.3104478868577349,0.30000001,0.5,5,0.75,127.98,0.1998735569741973,0.017200001,12.327005
2014-09-09,BOEING CO,09G725,0.3107394217406121,0.30000001,0.5,5,0.75,128.21001,0.1996407045630825,0.0176,12.327005
2014-09-10,BOEING CO,09G725,0.3090818002714763,0.30000001,0.5,5,0.75,128.22,0.1994694522228887,0.017899999,12.327005
2014-09-11,BOEING CO,09G725,0.3092230323732021,0.30000001,0.5,5,0.75,127.64,0.1993375394988649,0.017899999,12.327005
2014-09-12,BOEING CO,09G725,0.3097703425734108,0.30000001,0.5,5,0.75,126.95,0.1993831797283127,0.018300001,12.327005
2014-09-15,BOEING CO,09G725,0.3100244273167724,0.30000001,0.5,5,0.75,126.31,0.1990249232867923,0.017999999,12.327005
2014-09-16,BOEING CO,09G725,0.3117779442373088,0.30000001,0.5,5,0.75,127.32,0.1954144128827323,0.0178,12.327005
2014-09-17,BOEING CO,09G725,0.3068032130139858,0.30000001,0.5,5,0.75,127.76,0.1950707838591519,0.018200001,12.327005
2014-09-18,BOEING CO,09G725,0.3018721444394343,0.30000001,0.5,5,0.75,128.58,0.194876164303993,0.0185,12.327005
2014-09-19,BOEING CO,09G725,0.2992482194525232,0.30000001,0.5,5,0.75,129.35001,0.1948918149399937,0.018300001,12.327005
2014-09-22,BOEING CO,09G725,0.3108374056778264,0.30000001,0.5,5,0.75,128.61,0.1938790629870513,0.017999999,12.327005
2014-09-23,BOEING CO,09G725,0.3149952117083343,0.30000001,0.5,5,0.75,127.38,0.1940137984711095,0.0178,12.327005
2014-09-24,BOEING CO,09G725,0.3175610499109943,0.30000001,0.5,5,0.75,128.58,0.193835306469346,0.018200001,12.327005
2014-09-25,BOEING CO,09G725,0.3284944710931886,0.30000001,0.5,5,0.75,127.14,0.1941325350966209,0.0175,12.327005
2014-09-26,BOEING CO,09G725,0.3278984353818965,0.30000001,0.5,5,0.75,128.69,0.1943661616776616,0.017999999,12.327005
2014-09-29,BOEING CO,09G725,0.3338460275634027,0.30000001,0.5,5,0.75,128.77,0.1942784441863614,0.0177,12.327005
2014-09-30,BOEING CO,09G725,0.3262378494348898,0.30000001,0.5,5,0.75,127.38,0.1942986039642351,0.0178,12.327005
2014-10-01,BOEING CO,09G725,0.3265672078583562,0.30000001,0.5,5,0.75,124.67,0.1955048260596626,0.016899999,12.327005
2014-10-02,BOEING CO,09G725,0.3228034177343715,0.30000001,0.5,5,0.75,124.17,0.1955538470645941,0.017000001,12.327005
2014-10-03,BOEING CO,09G725,0.3174465032194975,0.30000001,0.5,5,0.75,126.36,0.1950111368672111,0.0173,12.327005
2014-10-06,BOEING CO,09G725,0.3073666380700173,0.30000001,0.5,5,0.75,126.26,0.1943116743118471,0.017000001,12.327005
2014-10-07,BOEING CO,09G725,0.309164441576017,0.30000001,0.5,5,0.75,123.32,0.1956992658816142,0.0164,12.327005
2014-10-08,BOEING CO,09G725,0.3119474274298038,0.30000001,0.5,5,0.75,124.98,0.1958167781024749,0.015699999,12.327005
2014-10-09,BOEING CO,09G725,0.3009600706408687,0.30000001,0.5,5,0.75,122.76,0.1964654423669392,0.015799999,12.327005
2014-10-10,BOEING CO,09G725,0.3011647368055716,0.30000001,0.5,5,0.75,121.5,0.1929617125910124,0.0155,12.327005
2014-10-13,BOEING CO,09G725,0.3010024694454732,0.30000001,0.5,5,0.75,120.45,0.1930013827078728,0.0155,12.327005
2014-10-14,BOEING CO,09G725,0.3081965296704102,0.30000001,0.5,5,0.75,122.29,0.1931954668558379,0.0145,12.327005
2014-10-15,BOEING CO,09G725,0.2982337943130068,0.30000001,0.5,5,0.75,120.19,0.193670762079775,0.0137,12.327005
2014-10-16,BOEING CO,09G725,0.2938014377236316,0.30000001,0.5,5,0.75,120.29,0.1928220197748743,0.0139,12.327005
2014-10-17,BOEING CO,09G725,0.2933802899146719,0.30000001,0.5,5,0.75,123.24,0.1936947683946611,0.0144,12.327005
2014-10-20,BOEING CO,09G725,0.2952408414229513,0.30000001,0.5,5,0.75,124.31,0.1938737614423666,0.0141,12.327005
2014-10-21,BOEING CO,09G725,0.2906995867996963,0.30000001,0.5,5,0.75,127.12,0.1949588472379057,0.0144,12.327005
2014-10-22,BOEING CO,09G725,0.2941026752179613,0.30000001,0.5,5,0.75,121.45,0.1999045472317309,0.0146,12.327005
2014-10-23,BOEING CO,09G725,0.2803798783021416,0.30000001,0.5,5,0.75,122.03,0.1926794640619215,0.0152,12.327005
2014-10-24,BOEING CO,09G725,0.2807517644633377,0.30000001,0.5,5,0.75,122.24,0.1926875609549161,0.0152,12.327005
2014-10-27,BOEING CO,09G725,0.2799172259649914,0.30000001,0.5,5,0.75,122.12,0.1919150055861425,0.0151,12.327005
2014-10-28,BOEING CO,09G725,0.2741009116802234,0.30000001,0.5,5,0.75,123.61,0.192053234229758,0.0153,12.327005
2014-10-29,BOEING CO,09G725,0.2747169585221348,0.30000001,0.5,5,0.75,123.08,0.1920931770899793,0.016100001,12.327005
2014-10-30,BOEING CO,09G725,0.2773926804461779,0.30000001,0.5,5,0.75,123.82,0.1921887263343303,0.015799999,12.327005
2014-10-31,BOEING CO,09G725,0.2695922476053204,0.30000001,0.5,5,0.75,124.91,0.1922869593708824,0.0162,12.459848
2014-11-03,BOEING CO,09G725,0.2603024294464387,0.30000001,0.5,5,0.75,126.03,0.1915120275470654,0.0163,12.455641
2014-11-04,BOEING CO,09G725,0.2711280478515479,0.30000001,0.5,5,0.75,125.84,0.1915095426821253,0.0163,12.455641
2014-11-05,BOEING CO,09G725,0.2687899544545901,0.30000001,0.5,5,0.75,124.22,0.191544600599433,0.0163,12.455641
2014-11-06,BOEING CO,09G725,0.2784795343476889,0.30000001,0.5,5,0.75,124.58,0.1915681458811152,0.0167,12.455641
2014-11-07,BOEING CO,09G725,0.2647156064692009,0.30000001,0.5,5,0.75,124.45,0.1912056233405336,0.016000001,12.455641
2014-11-10,BOEING CO,09G725,0.2661604850542385,0.30000001,0.5,5,0.75,124.64,0.1906099405332962,0.0165,12.455641
2014-11-11,BOEING CO,09G725,0.2710975874099272,0.30000001,0.5,5,0.75,125.36,0.1905672074045461,0.0165,12.455641
2014-11-12,BOEING CO,09G725,0.257510170630723,0.30000001,0.5,5,0.75,125.87,0.1906061298589084,0.0165,12.455641
2014-11-13,BOEING CO,09G725,0.2563219532372458,0.30000001,0.5,5,0.75,128.53,0.1916735796940081,0.0164,12.455641
2014-11-14,BOEING CO,09G725,0.2498607467877697,0.30000001,0.5,5,0.75,128.86,0.1911457782509864,0.0162,12.455641
2014-11-17,BOEING CO,09G725,0.2492412324106452,0.30000001,0.5,5,0.75,128.42,0.1910328505048497,0.0164,12.455641
2014-11-18,BOEING CO,09G725,0.2495081316438043,0.30000001,0.5,5,0.75,130.66,0.1910948941843868,0.0163,12.455641
2014-11-19,BOEING CO,09G725,0.2491130501170378,0.30000001,0.5,5,0.75,131.61,0.1909749440890828,0.0166,12.455641
2014-11-20,BOEING CO,09G725,0.2455366824732766,0.30000001,0.5,5,0.75,131.7,0.1880662913780524,0.0164,12.455641
2014-11-21,BOEING CO,09G725,0.2329603290881835,0.30000001,0.5,5,0.75,132.78,0.1882070392925056,0.0163,12.455641
2014-11-24,BOEING CO,09G725,0.2384764080253983,0.30000001,0.5,5,0.75,134.61,0.1873234300953605,0.0162,12.455641
2014-11-25,BOEING CO,09G725,0.2346732272464509,0.30000001,0.5,5,0.75,134.81,0.1860251954446573,0.015799999,12.455641
2014-11-26,BOEING CO,09G725,0.2346542464428926,0.30000001,0.5,5,0.75,134.78,0.1855551710414684,0.0156,12.455641
2014-11-28,BOEING CO,09G725,0.233899205257954,0.30000001,0.5,5,0.75,134.36,0.1855831496081583,0.0149,12.455641
2014-12-01,BOEING CO,09G725,0.2229101659531091,0.30000001,0.5,5,0.75,132.39,0.1861386328430087,0.0152,12.455641
2014-12-02,BOEING CO,09G725,0.2197821637519087,0.30000001,0.5,5,0.75,132.28,0.1861393740509711,0.015900001,12.455641
2014-12-03,BOEING CO,09G725,0.2028136443307763,0.30000001,0.5,5,0.75,131.97,0.1854439871706117,0.016100001,12.455641
2014-12-04,BOEING CO,09G725,0.2028025998148436,0.30000001,0.5,5,0.75,131.32001,0.1854717829379489,0.015900001,12.455641
2014-12-05,BOEING CO,09G725,0.2020456823218309,0.30000001,0.5,5,0.75,132.21001,0.1853613661380515,0.016899999,12.455641
2014-12-08,BOEING CO,09G725,0.195372933447288,0.30000001,0.5,5,0.75,130.28,0.1850296894482194,0.0167,12.455641
2014-12-09,BOEING CO,09G725,0.1959667697334045,0.30000001,0.5,5,0.75,129.66,0.18505408207919,0.0163,12.455641
2014-12-10,BOEING CO,09G725,0.1920778817342466,0.30000001,0.5,5,0.75,124.64,0.1889271753194453,0.015799999,12.455641
2014-12-11,BOEING CO,09G725,0.1870685873908009,0.30000001,0.5,5,0.75,123.37,0.1890087995562703,0.0162,12.455641
2014-12-12,BOEING CO,09G725,0.2053981394707889,0.30000001,0.5,5,0.75,120.77,0.1901391649092758,0.0153,12.455641
2014-12-15,BOEING CO,09G725,0.2063334571157189,0.30000001,0.5,5,0.75,122.08,0.1903414033811418,0.015799999,12.455641
2014-12-16,BOEING CO,09G725,0.2217620573820069,0.30000001,0.5,5,0.75,124.25,0.1910671234639663,0.0153,12.455641
2014-12-17,BOEING CO,09G725,0.206052192466979,0.30000001,0.5,5,0.75,125.06,0.1909822108035457,0.016100001,12.455641
2014-12-18,BOEING CO,09G725,0.1991227620275485,0.30000001,0.5,5,0.75,125.67,0.1910291580137102,0.016799999,12.455641
2014-12-19,BOEING CO,09G725,0.1950483551301225,0.30000001,0.5,5,0.75,126.23,0.1910709812059452,0.0166,12.455641
2014-12-22,BOEING CO,09G725,0.1914469826708708,0.30000001,0.5,5,0.75,128.22,0.1914024976401594,0.0167,12.455641
2014-12-23,BOEING CO,09G725,0.2088038032301553,0.30000001,0.5,5,0.75,130.03,0.1919189343381028,0.0176,12.455641
2014-12-24,BOEING CO,09G725,0.203737438137841,0.30000001,0.5,5,0.75,131.24001,0.1921197201730496,0.0176,12.455641
2014-12-26,BOEING CO,09G725,0.20310246847926,0.30000001,0.5,5,0.75,131.63,0.1918526307757553,0.0175,12.455641
2014-12-29,BOEING CO,09G725,0.1986917614761938,0.30000001,0.5,5,0.75,132.28999,0.1916614548240758,0.017200001,12.455641
2014-12-30,BOEING CO,09G725,0.2000029999282484,0.30000001,0.5,5,0.75,131.83,0.1915581699121971,0.016799999,12.455641
2014-12-31,BOEING CO,09G725,0.2065869123918467,0.30000001,0.5,5,0.75,129.98,0.1920283330649845,0.0165,12.455641
2015-01-02,BOEING CO,09G725,0.2084797140387173,0.30000001,0.5,5,0.75,129.95,0.1920236720353878,0.016100001,12.455641
2015-01-05,BOEING CO,09G725,0.2225236528952111,0.30000001,0.5,5,0.75,129.05,0.1920182564571151,0.015699999,12.455641
2015-01-06,BOEING CO,09G725,0.2422987202656495,0.30000001,0.5,5,0.75,127.53,0.1922832245091272,0.015,12.455641
2015-01-07,BOEING CO,09G725,0.2371466883591065,0.30000001,0.5,5,0.75,129.50999,0.1923118433411465,0.0147,12.455641
2015-01-08,BOEING CO,09G725,0.2360430778124523,0.30000001,0.5,5,0.75,131.8,0.1931238049242164,0.015,12.455641
2015-01-09,BOEING CO,09G725,0.2357915257484025,0.30000001,0.5,5,0.75,131.53999,0.192901898965345,0.0145,12.455641
2015-01-12,BOEING CO,09G725,0.2308040565072906,0.30000001,0.5,5,0.75,130.87,0.1929599144281983,0.0139,12.455641
2015-01-13,BOEING CO,09G725,0.2286376037775548,0.30000001,0.5,5,0.75,131.17,0.1927949286871198,0.0137,12.455641
2015-01-14,BOEING CO,09G725,0.2290738247223648,0.30000001,0.5,5,0.75,130.38,0.1928260851202125,0.0133,12.455641
2015-01-15,BOEING CO,09G725,0.2286738946269087,0.30000001,0.5,5,0.75,130.14,0.192781327770762,0.0122,12.455641
2015-01-16,BOEING CO,09G725,0.2338353037061508,0.30000001,0.5,5,0.75,130.78,0.1928272855639155,0.0129,12.455641
2015-01-20,BOEING CO,09G725,0.2316734429339502,0.30000001,0.5,5,0.75,131.22,0.1928493562996108,0.0131,12.455641
2015-01-21,BOEING CO,09G725,0.2225403439801299,0.30000001,0.5,5,0.75,132.41,0.1928705083238585,0.0135,12.455641
2015-01-22,BOEING CO,09G725,0.2151870556633087,0.30000001,0.5,5,0.75,135.64,0.1934755201357268,0.0139,12.455641
2015-01-23,BOEING CO,09G725,0.2114893348059901,0.30000001,0.5,5,0.75,134.62,0.1924577485108875,0.0133,12.455641
2015-01-26,BOEING CO,09G725,0.2051563198566822,0.30000001,0.5,5,0.75,134.07001,0.1896394720871406,0.0136,12.455641
2015-01-27,BOEING CO,09G725,0.1972328121265556,0.30000001,0.5,5,0.75,132.48,0.1899449767797225,0.0134,12.455641
2015-01-28,BOEING CO,09G725,0.2018310343695776,0.30000001,0.5,5,0.75,139.64,0.1974664908641857,0.0125,12.455641
2015-01-29,BOEING CO,09G725,0.2025249330751253,0.30000001,0.5,5,0.75,147.78,0.1986100129863685,0.0128,12.455641
2015-01-30,BOEING CO,09G725,0.1978118749733243,0.30000001,0.5,5,0.75,145.37,0.1976638594136743,0.0118,12.455641
2015-02-02,BOEING CO,09G725,0.1921725908335345,0.30000001,0.5,5,0.75,146.25999,0.1974413228077832,0.0119,12.455641
2015-02-03,BOEING CO,09G725,0.1886219670463482,0.30000001,0.5,5,0.75,147.34,0.1967034016476496,0.0128,12.455641
2015-02-04,BOEING CO,09G725,0.1837178849226015,0.30000001,0.5,5,0.75,147.22,0.1964877702167334,0.0129,12.455641
2015-02-05,BOEING CO,09G725,0.1760088705897419,0.30000001,0.5,5,0.75,148.60001,0.1965716099614923,0.013,12.455641
2015-02-06,BOEING CO,09G725,0.1643130672612967,0.30000001,0.5,5,0.75,148.0,0.1964034787168973,0.0148,12.455641
2015-02-09,BOEING CO,09G725,0.1650507789432775,0.30000001,0.5,5,0.75,147.58,0.1933502825993024,0.0149,12.455641
2015-02-10,BOEING CO,09G725,0.1589370400737857,0.30000001,0.5,5,0.75,148.03999,0.1933643419174576,0.0152,12.455641
2015-02-11,BOEING CO,09G725,0.1591155858179788,0.30000001,0.5,5,0.75,147.92,0.1920583947213221,0.0153,12.455641
2015-02-12,BOEING CO,09G725,0.1598155445685867,0.30000001,0.5,5,0.75,148.09,0.1917590095547069,0.015,12.455641
2015-02-13,BOEING CO,09G725,0.1633838819541089,0.30000001,0.5,5,0.75,149.73,0.1917792972608098,0.0153,12.455641
2015-02-17,BOEING CO,09G725,0.1600485070602591,0.30000001,0.5,5,0.75,149.92,0.1917302481237304,0.0162,12.455641
2015-02-18,BOEING CO,09G725,0.166217141043189,0.30000001,0.5,5,0.75,151.17,0.1918598376808397,0.0152,12.455641
2015-02-19,BOEING CO,09G725,0.165229483248135,0.30000001,0.5,5,0.75,153.75,0.1917067492774745,0.015799999,12.455641
2015-02-20,BOEING CO,09G725,0.1684265768003551,0.30000001,0.5,5,0.75,158.31,0.1936831411653124,0.016100001,12.455641
2015-02-23,BOEING CO,09G725,0.1699158796418774,0.30000001,0.5,5,0.75,154.74001,0.1948065750525427,0.0156,12.455641
2015-02-24,BOEING CO,09G725,0.162586060454834,0.30000001,0.5,5,0.75,154.38,0.1946091106025917,0.0147,12.455641
2015-02-25,BOEING CO,09G725,0.162558629085586,0.30000001,0.5,5,0.75,153.00999,0.1935377114569691,0.0147,12.455641
2015-02-26,BOEING CO,09G725,0.1624392055781152,0.30000001,0.5,5,0.75,151.73,0.1937472654501996,0.0154,12.455641
2015-02-27,BOEING CO,09G725,0.1642603134393575,0.30000001,0.5,5,0.75,150.85001,0.1933121137403903,0.015,12.606688
2015-03-02,BOEING CO,09G725,0.1594926776478234,0.30000001,0.5,5,0.75,153.8,0.1942100321121836,0.015699999,12.876426
2015-03-03,BOEING CO,09G725,0.1587285524927904,0.30000001,0.5,5,0.75,155.57001,0.1943970469993516,0.016100001,12.876426
2015-03-04,BOEING CO,09G725,0.1619685540545376,0.30000001,0.5,5,0.75,154.35001,0.1940289747754779,0.016000001,12.876426
2015-03-05,BOEING CO,09G725,0.1586360616456869,0.30000001,0.5,5,0.75,154.47,0.1936608094814686,0.015699999,12.876426
2015-03-06,BOEING CO,09G725,0.1593165904633342,0.30000001,0.5,5,0.75,153.12,0.1938998218589851,0.017000001,12.876426
2015-03-09,BOEING CO,09G725,0.1565256473132554,0.30000001,0.5,5,0.75,154.75,0.1941173594841284,0.0166,12.876426
2015-03-10,BOEING CO,09G725,0.1516017599833326,0.30000001,0.5,5,0.75,152.42,0.1942877691361941,0.0162,12.876426
2015-03-11,BOEING CO,09G725,0.1561165386069822,0.30000001,0.5,5,0.75,151.17,0.1942161177575257,0.016000001,12.876426
2015-03-12,BOEING CO,09G725,0.1631402034586364,0.30000001,0.5,5,0.75,152.03999,0.1939745913085155,0.015900001,12.876426
2015-03-13,BOEING CO,09G725,0.1618035384168557,0.30000001,0.5,5,0.75,151.57001,0.1928280581547673,0.016000001,12.876426
2015-03-16,BOEING CO,09G725,0.1651438491252396,0.30000001,0.5,5,0.75,153.67,0.1930460320545448,0.015699999,12.876426
2015-03-17,BOEING CO,09G725,0.1655346777291919,0.30000001,0.5,5,0.75,154.50999,0.1922773144198168,0.0156,12.876426
2015-03-18,BOEING CO,09G725,0.1657843607318134,0.30000001,0.5,5,0.75,155.73,0.1920219389462845,0.0141,12.876426
2015-03-19,BOEING CO,09G725,0.162428729727616,0.30000001,0.5,5,0.75,154.11,0.1917309363481156,0.0148,12.876426
2015-03-20,BOEING CO,09G725,0.1719813082856602,0.30000001,0.5,5,0.75,154.5,0.1914124134166387,0.0142,12.876426
2015-03-23,BOEING CO,09G725,0.1727070223620521,0.30000001,0.5,5,0.75,152.81,0.191508638177168,0.0141,12.876426
2015-03-24,BOEING CO,09G725,0.1672105871892112,0.30000001,0.5,5,0.75,151.64999,0.1916132694903271,0.0137,12.876426
2015-03-25,BOEING CO,09G725,0.1614344649177622,0.30000001,0.5,5,0.75,148.23,0.193012219708237,0.0141,12.876426
2015-03-26,BOEING CO,09G725,0.1568042826799423,0.30000001,0.5,5,0.75,148.17,0.1929557595786348,0.0147,12.876426
2015-03-27,BOEING CO,09G725,0.1629021412665866,0.30000001,0.5,5,0.75,148.85001,0.1929593335756421,0.0142,12.876426
2015-03-30,BOEING CO,09G725,0.1616667070558188,0.30000001,0.5,5,0.75,152.7,0.1943493359516909,0.0141,12.876426
2015-03-31,BOEING CO,09G725,0.1624307313172262,0.30000001,0.5,5,0.75,150.08,0.1950537328419988,0.0137,12.960068
2015-04-01,BOEING CO,09G725,0.1629897915315312,0.30000001,0.5,5,0.75,148.64,0.1942113081175019,0.0132,12.960068
2015-04-02,BOEING CO,09G725,0.1609212435036146,0.30000001,0.5,5,0.75,149.28,0.1942437564808069,0.0135,12.960068
2015-04-06,BOEING CO,09G725,0.1576757597267741,0.30000001,0.5,5,0.75,150.92999,0.1944946970411486,0.0131,12.960068
2015-04-07,BOEING CO,09G725,0.1586263523726263,0.30000001,0.5,5,0.75,152.32001,0.1943215775603562,0.0132,12.960068
2015-04-08,BOEING CO,09G725,0.1587063778798903,0.30000001,0.5,5,0.75,153.36,0.1938320279729141,0.0135,12.960068
2015-04-09,BOEING CO,09G725,0.157271173478182,0.30000001,0.5,5,0.75,153.42,0.1934310551958649,0.014,12.960068
2015-04-10,BOEING CO,09G725,0.1611645278040913,0.30000001,0.5,5,0.75,154.38,0.1923545831137562,0.0141,12.960068
2015-04-13,BOEING CO,09G725,0.1658942643178545,0.30000001,0.5,5,0.75,153.24001,0.1906949465205728,0.0138,12.960068
2015-04-14,BOEING CO,09G725,0.166548006850452,0.30000001,0.5,5,0.75,153.21001,0.1902013111423864,0.0134,12.960068
2015-04-15,BOEING CO,09G725,0.1698236571248004,0.30000001,0.5,5,0.75,152.42999,0.1901039528804497,0.0133,12.960068
2015-04-16,BOEING CO,09G725,0.1749383248973472,0.30000001,0.5,5,0.75,151.97,0.190005962343029,0.0131,12.960068
2015-04-17,BOEING CO,09G725,0.1850855960670444,0.30000001,0.5,5,0.75,149.60001,0.1902550531177632,0.0131,12.960068
2015-04-20,BOEING CO,09G725,0.1809532495987923,0.30000001,0.5,5,0.75,152.67,0.1907531756347392,0.0133,12.960068
2015-04-21,BOEING CO,09G725,0.1789126517332764,0.30000001,0.5,5,0.75,153.33,0.190777155356216,0.0135,12.960068
2015-04-22,BOEING CO,09G725,0.1802706693209547,0.30000001,0.5,5,0.75,151.19,0.1913310709251054,0.0141,12.960068
2015-04-23,BOEING CO,09G725,0.1675137530231362,0.30000001,0.5,5,0.75,149.87,0.1901313210521964,0.0137,12.960068
2015-04-24,BOEING CO,09G725,0.1752889986792255,0.30000001,0.5,5,0.75,148.39999,0.1903080406225482,0.0134,12.960068
2015-04-27,BOEING CO,09G725,0.1748315126549339,0.30000001,0.5,5,0.75,147.8,0.1901064636527162,0.0136,12.960068
2015-04-28,BOEING CO,09G725,0.1743816467482693,0.30000001,0.5,5,0.75,147.50999,0.1896560846740109,0.0139,12.960068
2015-04-29,BOEING CO,09G725,0.1747760917968547,0.30000001,0.5,5,0.75,146.14999,0.1896659118634368,0.0143,12.960068
2015-04-30,BOEING CO,09G725,0.1743677366063851,0.30000001,0.5,5,0.75,143.34,0.1906551095944579,0.0143,13.116091
2015-05-01,BOEING CO,09G725,0.173923217792149,0.30000001,0.5,5,0.75,144.67,0.1907883559743581,0.015,13.069816
2015-05-04,BOEING CO,09G725,0.1738717958836636,0.30000001,0.5,5,0.75,144.02,0.1905431176567899,0.0151,13.069816
2015-05-05,BOEING CO,09G725,0.1762046887839467,0.30000001,0.5,5,0.75,142.91,0.1901271551363228,0.0154,13.069816
2015-05-06,BOEING CO,09G725,0.1752036904711637,0.30000001,0.5,5,0.75,141.03999,0.1900479433549228,0.015799999,13.069816
2015-05-07,BOEING CO,09G725,0.1751736628128063,0.30000001,0.5,5,0.75,141.49001,0.1900618643821751,0.0155,13.069816
2015-05-08,BOEING CO,09G725,0.1755422101549871,0.30000001,0.5,5,0.75,145.46001,0.1920472164254635,0.015,13.069816
2015-05-11,BOEING CO,09G725,0.1730610523223277,0.30000001,0.5,5,0.75,145.89,0.1920304297099615,0.015900001,13.069816
2015-05-12,BOEING CO,09G725,0.1907181172286296,0.30000001,0.5,5,0.75,145.42999,0.1917571537523511,0.015799999,13.069816
2015-05-13,BOEING CO,09G725,0.1827052591145557,0.30000001,0.5,5,0.75,145.62,0.191668098141092,0.015699999,13.069816
2015-05-14,BOEING CO,09G725,0.1785034307477829,0.30000001,0.5,5,0.75,147.96001,0.1922556483357548,0.0151,13.069816
2015-05-15,BOEING CO,09G725,0.1748372073182405,0.30000001,0.5,5,0.75,146.88,0.1919074437818814,0.0146,13.069816
2015-05-18,BOEING CO,09G725,0.1682144710184278,0.30000001,0.5,5,0.75,146.71001,0.1918804843322243,0.0154,13.069816
2015-05-19,BOEING CO,09G725,0.1717920784587039,0.30000001,0.5,5,0.75,147.05,0.191855839376205,0.016000001,13.069816
2015-05-20,BOEING CO,09G725,0.1746295749285353,0.30000001,0.5,5,0.75,146.42,0.1913975816386868,0.015699999,13.069816
2015-05-21,BOEING CO,09G725,0.1725113347107488,0.30000001,0.5,5,0.75,147.35001,0.1912204067310798,0.0153,13.069816
2015-05-22,BOEING CO,09G725,0.1723320051238891,0.30000001,0.5,5,0.75,144.81,0.1919547509583156,0.015699999,13.069816
2015-05-26,BOEING CO,09G725,0.171005113725868,0.30000001,0.5,5,0.75,142.8,0.1924572610500299,0.0154,13.069816
2015-05-27,BOEING CO,09G725,0.1712742501735864,0.30000001,0.5,5,0.75,143.0,0.192028776426048,0.0153,13.069816
2015-05-28,BOEING CO,09G725,0.1721302875515466,0.30000001,0.5,5,0.75,142.33,0.1920950766246539,0.0151,13.069816
2015-05-29,BOEING CO,09G725,0.1682600440144365,0.30000001,0.5,5,0.75,140.52,0.1924578546001563,0.0149,13.069816
2015-06-01,BOEING CO,09G725,0.1689292044639462,0.30000001,0.5,5,0.75,141.25,0.1925188745447185,0.0155,13.069816
2015-06-02,BOEING CO,09G725,0.1637416602177747,0.30000001,0.5,5,0.75,143.25,0.1929632790523723,0.016100001,13.069816
2015-06-03,BOEING CO,09G725,0.1651491079999117,0.30000001,0.5,5,0.75,143.81,0.1929947894787508,0.016899999,13.069816
2015-06-04,BOEING CO,09G725,0.1722721903258777,0.30000001,0.5,5,0.75,141.19,0.1938407610030905,0.0165,13.069816
2015-06-05,BOEING CO,09G725,0.1691783054573548,0.30000001,0.5,5,0.75,140.73,0.1935771513690924,0.0175,13.069816
2015-06-08,BOEING CO,09G725,0.1672780470564496,0.30000001,0.5,5,0.75,140.64,0.1933097701230402,0.017200001,13.069816
2015-06-09,BOEING CO,09G725,0.1703499984991836,0.30000001,0.5,5,0.75,140.10001,0.1933387566171864,0.0174,13.069816
2015-06-10,BOEING CO,09G725,0.1715822766714646,0.30000001,0.5,5,0.75,141.62,0.1935535656172215,0.017999999,13.069816
2015-06-11,BOEING CO,09G725,0.1671511203291183,0.30000001,0.5,5,0.75,142.96001,0.1923554112213796,0.0174,13.069816
2015-06-12,BOEING CO,09G725,0.1684625836770526,0.30000001,0.5,5,0.75,142.8,0.1917976011891142,0.0175,13.069816
2015-06-15,BOEING CO,09G725,0.1722515723824075,0.30000001,0.5,5,0.75,142.28999,0.1918400815828817,0.017100001,13.069816
2015-06-16,BOEING CO,09G725,0.1833856543292033,0.30000001,0.5,5,0.75,142.34,0.1918347319089984,0.016799999,13.069816
2015-06-17,BOEING CO,09G725,0.1743585289499285,0.30000001,0.5,5,0.75,143.42999,0.191966439641877,0.0163,13.069816
2015-06-18,BOEING CO,09G725,0.1744940031202663,0.30000001,0.5,5,0.75,145.38,0.192413292868305,0.0165,13.069816
2015-06-19,BOEING CO,09G725,0.1857612771541673,0.30000001,0.5,5,0.75,145.13,0.1924156919585868,0.015900001,13.069816
2015-06-22,BOEING CO,09G725,0.1925547819836755,0.30000001,0.5,5,0.75,145.7,0.1923528820485419,0.016799999,13.069816
2015-06-23,BOEING CO,09G725,0.1998841642311153,0.30000001,0.5,5,0.75,144.42999,0.1923153046113081,0.017100001,13.069816
2015-06-24,BOEING CO,09G725,0.2014144992931517,0.30000001,0.5,5,0.75,143.0,0.1921213190485551,0.016899999,13.069816
2015-06-25,BOEING CO,09G725,0.2067897245964555,0.30000001,0.5,5,0.75,142.45,0.191435868194811,0.017000001,13.069816
2015-06-26,BOEING CO,09G725,0.2076255517269398,0.30000001,0.5,5,0.75,142.48,0.1913097045960079,0.0175,13.069816
2015-06-29,BOEING CO,09G725,0.2265322056745676,0.30000001,0.5,5,0.75,138.73,0.1931602817583543,0.0162,13.069816
2015-06-30,BOEING CO,09G725,0.2246762242837015,0.30000001,0.5,5,0.75,138.72,0.1928641709600683,0.0163,13.069816
2015-07-01,BOEING CO,09G725,0.2251600305769085,0.30000001,0.5,5,0.75,140.73,0.1932541788165666,0.017000001,13.069816
2015-07-02,BOEING CO,09G725,0.2256185407566454,0.30000001,0.5,5,0.75,140.21001,0.1932439682005263,0.0164,13.069816
2015-07-06,BOEING CO,09G725,0.2359522934296273,0.30000001,0.5,5,0.75,140.52,0.1931435444749652,0.0156,13.069816
2015-07-07,BOEING CO,09G725,0.2315410681194131,0.30000001,0.5,5,0.75,143.14999,0.1939584334116646,0.0155,13.069816
2015-07-08,BOEING CO,09G725,0.233029367370841,0.30000001,0.5,5,0.75,141.92,0.1932981332781541,0.015,13.069816
2015-07-09,BOEING CO,09G725,0.229210734506608,0.30000001,0.5,5,0.75,142.8,0.1933776502547427,0.015799999,13.069816
2015-07-10,BOEING CO,09G725,0.2246295493007888,0.30000001,0.5,5,0.75,144.48,0.1936959712346531,0.016799999,13.069816
2015-07-13,BOEING CO,09G725,0.2235490762220915,0.30000001,0.5,5,0.75,146.62,0.1939753794411995,0.017100001,13.069816
2015-07-14,BOEING CO,09G725,0.2237540868397139,0.30000001,0.5,5,0.75,147.75,0.1938190290649209,0.0167,13.069816
2015-07-15,BOEING CO,09G725,0.2229644017408776,0.30000001,0.5,5,0.75,146.89,0.1938887330733553,0.0163,13.069816
2015-07-16,BOEING CO,09G725,0.2238963676656783,0.30000001,0.5,5,0.75,148.49001,0.1936668082832022,0.0166,13.069816
2015-07-17,BOEING CO,09G725,0.2169605776410314,0.30000001,0.5,5,0.75,146.84,0.1936042826917064,0.0167,13.069816
2015-07-20,BOEING CO,09G725,0.2191980317423173,0.30000001,0.5,5,0.75,146.72,0.1931564428082797,0.017200001,13.069816
2015-07-21,BOEING CO,09G725,0.2168924932426283,0.30000001,0.5,5,0.75,145.0,0.1935044355349556,0.016899999,13.069816
2015-07-22,BOEING CO,09G725,0.2158686370314627,0.30000001,0.5,5,0.75,146.47,0.1934479460944541,0.016899999,13.069816
2015-07-23,BOEING CO,09G725,0.2167048963958594,0.30000001,0.5,5,0.75,146.11,0.1919673020534669,0.0165,13.069816
2015-07-24,BOEING CO,09G725,0.2165623103076417,0.30000001,0.5,5,0.75,144.06,0.1915962773125543,0.0164,13.069816
2015-07-27,BOEING CO,09G725,0.217234861586643,0.30000001,0.5,5,0.75,141.03,0.1925526899797252,0.015799999,13.069816
2015-07-28,BOEING CO,09G725,0.2159095593057474,0.30000001,0.5,5,0.75,141.81,0.1926040244212137,0.016100001,13.069816
2015-07-29,BOEING CO,09G725,0.2102018076508383,0.30000001,0.5,5,0.75,144.14,0.1931216666794848,0.0162,13.069816
2015-07-30,BOEING CO,09G725,0.210770519402075,0.30000001,0.5,5,0.75,143.00999,0.1933130525389764,0.0162,13.069816
2015-07-31,BOEING CO,09G725,0.2036424989502248,0.30000001,0.5,5,0.75,144.17,0.1928146910699468,0.0154,13.301054
2015-08-03,BOEING CO,09G725,0.2028955076460446,0.30000001,0.5,5,0.75,143.69,0.1928531837508304,0.0152,13.268678
2015-08-04,BOEING CO,09G725,0.2124970160248459,0.30000001,0.5,5,0.75,143.53999,0.1928073166482402,0.016000001,13.268678
2015-08-05,BOEING CO,09G725,0.2153655571779258,0.30000001,0.5,5,0.75,144.95,0.1931389220567672,0.0165,13.268678
2015-08-06,BOEING CO,09G725,0.220613395231799,0.30000001,0.5,5,0.75,143.82001,0.192390319049199,0.0162,13.268678
2015-08-07,BOEING CO,09G725,0.2147052722098078,0.30000001,0.5,5,0.75,142.42,0.1923236573430441,0.015900001,13.268678
2015-08-10,BOEING CO,09G725,0.2168331382786632,0.30000001,0.5,5,0.75,145.86,0.1936467926081843,0.0162,13.268678
2015-08-11,BOEING CO,09G725,0.2303720237785082,0.30000001,0.5,5,0.75,144.05,0.1941046428148744,0.0153,13.268678
2015-08-12,BOEING CO,09G725,0.2297232078264634,0.30000001,0.5,5,0.75,142.42999,0.1944497383950505,0.0152,13.268678
2015-08-13,BOEING CO,09G725,0.2281329979186917,0.30000001,0.5,5,0.75,144.81,0.1947465408141916,0.015799999,13.268678
2015-08-14,BOEING CO,09G725,0.2281048152412543,0.30000001,0.5,5,0.75,145.09,0.1940347782033614,0.016100001,13.268678
2015-08-17,BOEING CO,09G725,0.223629649841821,0.30000001,0.5,5,0.75,144.44,0.1939219724666336,0.015799999,13.268678
2015-08-18,BOEING CO,09G725,0.2283435654185588,0.30000001,0.5,5,0.75,144.60001,0.1934142203891678,0.016000001,13.268678
2015-08-19,BOEING CO,09G725,0.2175627225808353,0.30000001,0.5,5,0.75,142.72,0.193858695994067,0.015,13.268678
2015-08-20,BOEING CO,09G725,0.2302761167866702,0.30000001,0.5,5,0.75,137.02,0.1975988148740379,0.015,13.268678
2015-08-21,BOEING CO,09G725,0.2238542185145361,0.30000001,0.5,5,0.75,131.71001,0.2014514142162348,0.0144,13.268678
2015-08-24,BOEING CO,09G725,0.2379911807197598,0.30000001,0.5,5,0.75,127.19,0.2044048165762326,0.0139,13.268678
2015-08-25,BOEING CO,09G725,0.2407235490462051,0.30000001,0.5,5,0.75,125.49,0.2047419338445926,0.0148,13.268678
2015-08-26,BOEING CO,09G725,0.2360356374040047,0.30000001,0.5,5,0.75,129.34,0.2070055248247935,0.0149,13.268678
2015-08-27,BOEING CO,09G725,0.2304568204356843,0.30000001,0.5,5,0.75,131.87,0.2078805750129307,0.0149,13.268678
2015-08-28,BOEING CO,09G725,0.2264649775015883,0.30000001,0.5,5,0.75,133.24001,0.2079362873062765,0.0152,13.268678
2015-08-31,BOEING CO,09G725,0.2260719810348032,0.30000001,0.5,5,0.75,130.67999,0.2088384699662164,0.0154,13.268678
2015-09-01,BOEING CO,09G725,0.2337441902654618,0.30000001,0.5,5,0.75,127.44,0.2100709559079553,0.0149,13.268678
2015-09-02,BOEING CO,09G725,0.2389613313664495,0.30000001,0.5,5,0.75,130.63,0.2115017414275608,0.0152,13.268678
2015-09-03,BOEING CO,09G725,0.2340475267475496,0.30000001,0.5,5,0.75,131.02,0.2114772927531324,0.0149,13.268678
2015-09-04,BOEING CO,09G725,0.2388780868002775,0.30000001,0.5,5,0.75,129.75999,0.2116131765999598,0.0147,13.268678
2015-09-08,BOEING CO,09G725,0.2342276657006611,0.30000001,0.5,5,0.75,133.82001,0.2122747339649278,0.0153,13.268678
2015-09-09,BOEING CO,09G725,0.2345046106293215,0.30000001,0.5,5,0.75,132.64999,0.2124648859100635,0.0153,13.268678
2015-09-10,BOEING CO,09G725,0.2352384382338509,0.30000001,0.5,5,0.75,133.55,0.2125629836878449,0.0155,13.268678
2015-09-11,BOEING CO,09G725,0.2322257443053526,0.30000001,0.5,5,0.75,134.67,0.2126579075842326,0.0152,13.268678
2015-09-14,BOEING CO,09G725,0.2287821027240736,0.30000001,0.5,5,0.75,134.42999,0.2125894456464924,0.0151,13.268678
2015-09-15,BOEING CO,09G725,0.2305108386835895,0.30000001,0.5,5,0.75,136.3,0.2129456153542867,0.016100001,13.268678
2015-09-16,BOEING CO,09G725,0.2257416295346236,0.30000001,0.5,5,0.75,137.2,0.2129008604760008,0.0162,13.268678
2015-09-17,BOEING CO,09G725,0.2231762273436556,0.30000001,0.5,5,0.75,137.45,0.2128842322340603,0.015,13.268678
2015-09-18,BOEING CO,09G725,0.2258028544932537,0.30000001,0.5,5,0.75,136.09,0.2130521313823502,0.0145,13.268678
2015-09-21,BOEING CO,09G725,0.2361822320658067,0.30000001,0.5,5,0.75,136.02,0.2129804979538749,0.0151,13.268678
2015-09-22,BOEING CO,09G725,0.2307139412019831,0.30000001,0.5,5,0.75,133.99001,0.2134438285531229,0.0144,13.268678
2015-09-23,BOEING CO,09G725,0.2344123756508739,0.30000001,0.5,5,0.75,131.67,0.2139454322702366,0.0147,13.268678
2015-09-24,BOEING CO,09G725,0.2432662314649186,0.30000001,0.5,5,0.75,129.75,0.2142665108787868,0.0144,13.268678
2015-09-25,BOEING CO,09G725,0.2477321633453568,0.30000001,0.5,5,0.75,131.00999,0.2141675185297773,0.0148,13.268678
2015-09-28,BOEING CO,09G725,0.2478252101535503,0.30000001,0.5,5,0.75,128.13,0.2149886649483501,0.0142,13.268678
2015-09-29,BOEING CO,09G725,0.2472574283770622,0.30000001,0.5,5,0.75,128.75,0.2150388789361625,0.0137,13.268678
2015-09-30,BOEING CO,09G725,0.2416789737335222,0.30000001,0.5,5,0.75,130.95,0.2154163903966868,0.0137,13.268678
2015-10-01,BOEING CO,09G725,0.2431109759668759,0.30000001,0.5,5,0.75,130.61,0.2143454036624604,0.0137,13.268678
2015-10-02,BOEING CO,09G725,0.2445928236769054,0.30000001,0.5,5,0.75,132.56,0.2147928451516249,0.0129,13.268678
2015-10-05,BOEING CO,09G725,0.2243422745455369,0.30000001,0.5,5,0.75,134.02,0.2143623995252884,0.0135,13.268678
2015-10-06,BOEING CO,09G725,0.2241989970057571,0.30000001,0.5,5,0.75,134.63,0.2143986136467904,0.0134,13.268678
2015-10-07,BOEING CO,09G725,0.2070851833660331,0.30000001,0.5,5,0.75,137.02,0.2137651858526945,0.0137,13.268678
2015-10-08,BOEING CO,09G725,0.2142321164800249,0.30000001,0.5,5,0.75,139.03999,0.2138463711527005,0.014,13.268678
2015-10-09,BOEING CO,09G725,0.1960303367622208,0.30000001,0.5,5,0.75,139.7,0.2130879318955458,0.0141,13.268678
2015-10-12,BOEING CO,09G725,0.1957996232326663,0.30000001,0.5,5,0.75,140.67999,0.2128957618897287,0.0141,13.268678
2015-10-13,BOEING CO,09G725,0.2134863569835941,0.30000001,0.5,5,0.75,140.28999,0.2127160926858973,0.0136,13.268678
2015-10-14,BOEING CO,09G725,0.2002225770313954,0.30000001,0.5,5,0.75,134.22,0.2167322961228384,0.0129,13.268678
2015-10-15,BOEING CO,09G725,0.2093779550601359,0.30000001,0.5,5,0.75,137.39,0.2172195715552953,0.0134,13.268678
2015-10-16,BOEING CO,09G725,0.2077402580911292,0.30000001,0.5,5,0.75,137.60001,0.217221042242129,0.0136,13.268678
2015-10-19,BOEING CO,09G725,0.2242587534029758,0.30000001,0.5,5,0.75,138.42,0.2159686492732584,0.0135,13.268678
2015-10-20,BOEING CO,09G725,0.2198885995948273,0.30000001,0.5,5,0.75,138.88,0.2158350213309828,0.014,13.268678
2015-10-21,BOEING CO,09G725,0.2091274293987976,0.30000001,0.5,5,0.75,141.19,0.2153065588938831,0.0137,13.268678
2015-10-22,BOEING CO,09G725,0.2052992294014992,0.30000001,0.5,5,0.75,146.31,0.2134368254796566,0.0136,13.268678
2015-10-23,BOEING CO,09G725,0.1848464971391207,0.30000001,0.5,5,0.75,146.7,0.2134090550044328,0.0143,13.268678
2015-10-26,BOEING CO,09G725,0.1944949907616815,0.30000001,0.5,5,0.75,146.7,0.2134094992432148,0.0141,13.268678
2015-10-27,BOEING CO,09G725,0.1961637851120982,0.30000001,0.5,5,0.75,148.46001,0.2136883714631747,0.0138,13.268678
2015-10-28,BOEING CO,09G725,0.183417661859709,0.30000001,0.5,5,0.75,147.88,0.2134448657937835,0.0147,13.268678
2015-10-29,BOEING CO,09G725,0.1707685357628736,0.30000001,0.5,5,0.75,147.17999,0.2134562128585884,0.0153,13.268678
2015-10-30,BOEING CO,09G725,0.1663541948547808,0.30000001,0.5,5,0.75,148.07001,0.213457052492109,0.0152,13.457038
2015-11-02,BOEING CO,09G725,0.1971456003683697,0.30000001,0.5,5,0.75,148.39999,0.2133137981579147,0.015699999,13.457038
2015-11-03,BOEING CO,09G725,0.2033631729846686,0.30000001,0.5,5,0.75,148.09,0.2131790460584891,0.015900001,13.457038
2015-11-04,BOEING CO,09G725,0.2022526810373833,0.30000001,0.5,5,0.75,148.19,0.2132500977773519,0.0164,13.457038
2015-11-05,BOEING CO,09G725,0.201045719409771,0.30000001,0.5,5,0.75,147.97,0.2131145562405062,0.0165,13.457038
2015-11-06,BOEING CO,09G725,0.2198861704305333,0.30000001,0.5,5,0.75,147.94,0.2131076798789284,0.0173,13.457038
2015-11-09,BOEING CO,09G725,0.2296807894746104,0.30000001,0.5,5,0.75,145.98,0.2135667670148759,0.0175,13.457038
2015-11-10,BOEING CO,09G725,0.2302457788890374,0.30000001,0.5,5,0.75,145.14999,0.2136646500487977,0.017200001,13.457038
2015-11-11,BOEING CO,09G725,0.2301513456419634,0.30000001,0.5,5,0.75,144.99001,0.2136143138150203,0.017200001,13.457038
2015-11-12,BOEING CO,09G725,0.2263552952858115,0.30000001,0.5,5,0.75,142.53999,0.2143166984517388,0.0173,13.457038
2015-11-13,BOEING CO,09G725,0.2321426545151508,0.30000001,0.5,5,0.75,142.59,0.2133311608908284,0.0167,13.457038
2015-11-16,BOEING CO,09G725,0.2243556784280142,0.30000001,0.5,5,0.75,144.42,0.2136729484299726,0.0166,13.457038
2015-11-17,BOEING CO,09G725,0.2178990194133895,0.30000001,0.5,5,0.75,146.08,0.2139088058879477,0.0166,13.457038
2015-11-18,BOEING CO,09G725,0.2100773297938688,0.30000001,0.5,5,0.75,148.28,0.2137347817460913,0.016899999,13.457038
2015-11-19,BOEING CO,09G725,0.2003960046041111,0.30000001,0.5,5,0.75,149.24001,0.2137116485463547,0.016799999,13.457038
2015-11-20,BOEING CO,09G725,0.2045085494819753,0.30000001,0.5,5,0.75,149.39999,0.2137119933640807,0.017000001,13.457038
2015-11-23,BOEING CO,09G725,0.1990769099745278,0.30000001,0.5,5,0.75,148.34,0.2137196493014331,0.017000001,13.457038
2015-11-24,BOEING CO,09G725,0.2172165866256624,0.30000001,0.5,5,0.75,148.64999,0.2133166381078913,0.0166,13.457038
2015-11-25,BOEING CO,09G725,0.2167782300631305,0.30000001,0.5,5,0.75,147.42999,0.2134955779542848,0.0166,13.457038
2015-11-27,BOEING CO,09G725,0.2092877314449032,0.30000001,0.5,5,0.75,146.95,0.2135280572634731,0.0164,13.457038
2015-11-30,BOEING CO,09G725,0.2091853306492594,0.30000001,0.5,5,0.75,145.45,0.2137673185450331,0.0165,13.457038
2015-12-01,BOEING CO,09G725,0.200568392170455,0.30000001,0.5,5,0.75,147.74001,0.2137640175763766,0.015900001,13.457038
2015-12-02,BOEING CO,09G725,0.1864850180573485,0.30000001,0.5,5,0.75,146.96001,0.2138407039455269,0.0163,13.457038
2015-12-03,BOEING CO,09G725,0.1918411940206516,0.30000001,0.5,5,0.75,145.56,0.2140607286417904,0.0174,13.457038
2015-12-04,BOEING CO,09G725,0.1940145750486802,0.30000001,0.5,5,0.75,148.5,0.2148849169910093,0.017100001,13.457038
2015-12-07,BOEING CO,09G725,0.180627127161381,0.30000001,0.5,5,0.75,148.45,0.2147999318257178,0.0167,13.457038
2015-12-08,BOEING CO,09G725,0.1930475517099135,0.30000001,0.5,5,0.75,144.99001,0.2155957394380229,0.016799999,13.457038
2015-12-09,BOEING CO,09G725,0.1942405114841815,0.30000001,0.5,5,0.75,144.24001,0.2156064930415459,0.0164,13.457038
2015-12-10,BOEING CO,09G725,0.1867260254492734,0.30000001,0.5,5,0.75,146.41,0.2124398346357402,0.016799999,13.457038
2015-12-11,BOEING CO,09G725,0.1884465578052972,0.30000001,0.5,5,0.75,144.62,0.2125556010767572,0.0156,13.457038
2015-12-14,BOEING CO,09G725,0.1906378435297691,0.30000001,0.5,5,0.75,143.0,0.2117624138774009,0.0166,13.457038
2015-12-15,BOEING CO,09G725,0.1798619537649532,0.30000001,0.5,5,0.75,146.53,0.212867041756131,0.017100001,13.457038
2015-12-16,BOEING CO,09G725,0.1830917066601476,0.30000001,0.5,5,0.75,148.11,0.2124253193802353,0.0175,13.457038
2015-12-17,BOEING CO,09G725,0.1901864299764801,0.30000001,0.5,5,0.75,145.56,0.2131182772143105,0.0173,13.457038
2015-12-18,BOEING CO,09G725,0.1962909892451177,0.30000001,0.5,5,0.75,139.58,0.2171511300831559,0.0167,13.457038
2015-12-21,BOEING CO,09G725,0.2007201650183068,0.30000001,0.5,5,0.75,140.89999,0.2172976169977124,0.0167,13.457038
2015-12-22,BOEING CO,09G725,0.2013151583248264,0.30000001,0.5,5,0.75,142.38,0.2169931700800847,0.017100001,13.457038
2015-12-23,BOEING CO,09G725,0.1867936935308318,0.30000001,0.5,5,0.75,144.06,0.2168606832632607,0.0174,13.457038
2015-12-24,BOEING CO,09G725,0.1886742317557124,0.30000001,0.5,5,0.75,143.53,0.2167259496043567,0.0173,13.457038
2015-12-28,BOEING CO,09G725,0.1874239284603048,0.30000001,0.5,5,0.75,144.53999,0.2168097213030968,0.0173,13.457038
2015-12-29,BOEING CO,09G725,0.1836367385938383,0.30000001,0.5,5,0.75,147.35001,0.2175856983328967,0.018100001,13.457038
2015-12-30,BOEING CO,09G725,0.1872132106222642,0.30000001,0.5,5,0.75,146.41,0.2176599122750523,0.017999999,13.457038
2015-12-31,BOEING CO,09G725,0.1815465755898806,0.30000001,0.5,5,0.75,144.59,0.2175575645607442,0.0176,13.457038
2016-01-04,BOEING CO,09G725,0.2095604152904801,0.30000001,0.5,5,0.75,140.5,0.2194677490327049,0.0173,13.457038
2016-01-05,BOEING CO,09G725,0.2011468746271982,0.30000001,0.5,5,0.75,141.07001,0.2193692556146572,0.0173,13.457038
2016-01-06,BOEING CO,09G725,0.2045034640810631,0.30000001,0.5,5,0.75,138.83,0.2196387109259843,0.0165,13.457038
2016-01-07,BOEING CO,09G725,0.2193165727436361,0.30000001,0.5,5,0.75,133.00999,0.2231853805736015,0.016100001,13.457038
2016-01-08,BOEING CO,09G725,0.2199505975341779,0.30000001,0.5,5,0.75,129.99001,0.2236816212399475,0.015699999,13.457038
2016-01-11,BOEING CO,09G725,0.2343209985004393,0.30000001,0.5,5,0.75,130.21001,0.2236768451799457,0.015799999,13.457038
2016-01-12,BOEING CO,09G725,0.2309919564943574,0.30000001,0.5,5,0.75,131.92,0.2239896211526008,0.0155,13.457038
2016-01-13,BOEING CO,09G725,0.242645872536295,0.30000001,0.5,5,0.75,128.12,0.2258531003216161,0.0151,13.457038
2016-01-14,BOEING CO,09G725,0.2447886459231013,0.30000001,0.5,5,0.75,129.2,0.2259217317171534,0.0152,13.457038
2016-01-15,BOEING CO,09G725,0.2550232856206557,0.30000001,0.5,5,0.75,125.63,0.2276172232768257,0.0146,13.457038
2016-01-19,BOEING CO,09G725,0.2422555239831358,0.30000001,0.5,5,0.75,126.06,0.227590106670313,0.0149,13.457038
2016-01-20,BOEING CO,09G725,0.2544310247034404,0.30000001,0.5,5,0.75,122.14,0.2296863683457442,0.0144,13.457038
2016-01-21,BOEING CO,09G725,0.2502885388065407,0.30000001,0.5,5,0.75,123.4,0.2297396354433274,0.0144,13.457038
2016-01-22,BOEING CO,09G725,0.2262207060671639,0.30000001,0.5,5,0.75,124.61,0.228640138769073,0.0149,13.457038
2016-01-25,BOEING CO,09G725,0.2361194979401077,0.30000001,0.5,5,0.75,124.01,0.2285684035257938,0.0147,13.457038
2016-01-26,BOEING CO,09G725,0.235206196213096,0.30000001,0.5,5,0.75,128.00999,0.2308139203225943,0.0145,13.457038
2016-01-27,BOEING CO,09G725,0.2541532712407098,0.30000001,0.5,5,0.75,116.58,0.2472197913748029,0.0143,13.457038
2016-01-28,BOEING CO,09G725,0.2482522760273677,0.30000001,0.5,5,0.75,118.01,0.2414644700266709,0.014,13.457038
2016-01-29,BOEING CO,09G725,0.2488054504415598,0.30000001,0.5,5,0.75,120.13,0.2348923286725684,0.0133,13.457038
2016-02-01,BOEING CO,09G725,0.2467144222813614,0.30000001,0.5,5,0.75,121.56,0.2346932686928398,0.0138,14.871997
2016-02-02,BOEING CO,09G725,0.2637540917606077,0.30000001,0.5,5,0.75,117.52,0.2368695200663105,0.0128,14.871997
2016-02-03,BOEING CO,09G725,0.2589918499395739,0.30000001,0.5,5,0.75,121.87,0.2397140360781145,0.0127,14.871997
2016-02-04,BOEING CO,09G725,0.2677600229018032,0.30000001,0.5,5,0.75,123.61,0.2401706632094754,0.0125,14.871997
2016-02-05,BOEING CO,09G725,0.2712499410014793,0.30000001,0.5,5,0.75,122.56,0.2400996956506294,0.0125,14.871997
2016-02-08,BOEING CO,09G725,0.3036991346081057,0.30000001,0.5,5,0.75,119.47,0.241339988525851,0.0116,14.871997
2016-02-09,BOEING CO,09G725,0.3311025070363233,0.30000001,0.5,5,0.75,118.88,0.2413685644065833,0.0115,14.871997
2016-02-10,BOEING CO,09G725,0.3172870770940672,0.30000001,0.5,5,0.75,116.36,0.2416072611490225,0.0115,14.871997
2016-02-11,BOEING CO,09G725,0.6043331708906812,0.30000001,0.5,5,0.75,108.44,0.2507449239371317,0.0111,14.871997
2016-02-12,BOEING CO,09G725,0.458500067252149,0.30000001,0.5,5,0.75,108.63,0.2507507123447841,0.012,14.871997
2016-02-16,BOEING CO,09G725,0.4289581690513053,0.30000001,0.5,5,0.75,112.6,0.2532609694619354,0.0123,14.871997
2016-02-17,BOEING CO,09G725,0.4090110086459833,0.30000001,0.5,5,0.75,116.34,0.2555377049796964,0.0126,14.871997
2016-02-18,BOEING CO,09G725,0.4036159476503747,0.30000001,0.5,5,0.75,117.57,0.2556269296525157,0.0121,14.871997
2016-02-19,BOEING CO,09G725,0.4220636672618175,0.30000001,0.5,5,0.75,115.16,0.2557583856380519,0.0124,14.871997
2016-02-22,BOEING CO,09G725,0.414033716637231,0.30000001,0.5,5,0.75,117.39,0.2547276347329119,0.0125,14.871997
2016-02-23,BOEING CO,09G725,0.4152450195841579,0.30000001,0.5,5,0.75,116.9,0.2538241552480632,0.0123,14.871997
2016-02-24,BOEING CO,09G725,0.4177883118696455,0.30000001,0.5,5,0.75,115.59,0.254030875980602,0.0121,14.871997
2016-02-25,BOEING CO,09G725,0.4131730808911662,0.30000001,0.5,5,0.75,116.82,0.2541655394036585,0.0116,14.871997
2016-02-26,BOEING CO,09G725,0.4155665321048527,0.30000001,0.5,5,0.75,118.16,0.2543486122949957,0.0123,14.871997
2016-02-29,BOEING CO,09G725,0.4164738169033779,0.30000001,0.5,5,0.75,118.18,0.2542996701779775,0.0122,15.039909
2016-03-01,BOEING CO,09G725,0.4158768142989068,0.30000001,0.5,5,0.75,119.96,0.2539786652975496,0.0131,15.039909
2016-03-02,BOEING CO,09G725,0.4066259090553508,0.30000001,0.5,5,0.75,119.65,0.2536868853291988,0.0134,15.039909
2016-03-03,BOEING CO,09G725,0.4115652019232663,0.30000001,0.5,5,0.75,119.61,0.2535887554433426,0.0133,15.039909
2016-03-04,BOEING CO,09G725,0.4006967777038747,0.30000001,0.5,5,0.75,121.07,0.2539156827049196,0.0138,15.039909
2016-03-07,BOEING CO,09G725,0.4034948919665785,0.30000001,0.5,5,0.75,122.9,0.2542795564468796,0.0142,15.039909
2016-03-08,BOEING CO,09G725,0.4200604292710908,0.30000001,0.5,5,0.75,122.35,0.2540559043928626,0.0134,15.039909
2016-03-09,BOEING CO,09G725,0.4096191183729773,0.30000001,0.5,5,0.75,122.86,0.2536915288319528,0.0139,15.039909
2016-03-10,BOEING CO,09G725,0.4037547279812179,0.30000001,0.5,5,0.75,122.94,0.2535801689544225,0.0145,15.039909
2016-03-11,BOEING CO,09G725,0.3910550902501271,0.30000001,0.5,5,0.75,124.63,0.253905781163284,0.0149,15.039909
2016-03-14,BOEING CO,09G725,0.3871758233129194,0.30000001,0.5,5,0.75,126.34,0.2542925106488269,0.0149,15.039909
2016-03-15,BOEING CO,09G725,0.3938621388025525,0.30000001,0.5,5,0.75,126.36,0.2538857114067975,0.015,15.039909
2016-03-16,BOEING CO,09G725,0.3874801844621164,0.30000001,0.5,5,0.75,127.57,0.2540160951972724,0.0141,15.039909
2016-03-17,BOEING CO,09G725,0.3832545052976891,0.30000001,0.5,5,0.75,130.7,0.2551112683787022,0.0139,15.039909
2016-03-18,BOEING CO,09G725,0.3703949186659439,0.30000001,0.5,5,0.75,133.96001,0.256172802490614,0.0134,15.039909
2016-03-21,BOEING CO,09G725,0.414529921623273,0.30000001,0.5,5,0.75,135.86,0.2565668825313245,0.0138,15.039909
2016-03-22,BOEING CO,09G725,0.4163774559529138,0.30000001,0.5,5,0.75,135.12,0.2563964975745852,0.0142,15.039909
2016-03-23,BOEING CO,09G725,0.4131386975939035,0.30000001,0.5,5,0.75,132.86,0.2568222267850975,0.0137,15.039909
2016-03-24,BOEING CO,09G725,0.435082474364615,0.30000001,0.5,5,0.75,132.12,0.255903856311629,0.0139,15.039909
2016-03-28,BOEING CO,09G725,0.441295713462373,0.30000001,0.5,5,0.75,131.28999,0.2559759467994024,0.0137,15.039909
2016-03-29,BOEING CO,09G725,0.4384725129821304,0.30000001,0.5,5,0.75,130.88,0.2559461943241995,0.0129,15.039909
2016-03-30,BOEING CO,09G725,0.4287634252979163,0.30000001,0.5,5,0.75,128.58,0.2551787373050544,0.0126,15.039909
2016-03-31,BOEING CO,09G725,0.4152754181825883,0.30000001,0.5,5,0.75,126.94,0.2549275021994342,0.0121,15.304367
2016-04-01,BOEING CO,09G725,0.4134620139991279,0.30000001,0.5,5,0.75,126.96,0.2547617648717379,0.0124,15.304367
2016-04-04,BOEING CO,09G725,0.3848175769402741,0.30000001,0.5,5,0.75,126.34,0.2547576028440725,0.0122,15.304367
2016-04-05,BOEING CO,09G725,0.4023084229467843,0.30000001,0.5,5,0.75,127.03,0.2545660304243193,0.0117,15.304367
2016-04-06,BOEING CO,09G725,0.4013072730552904,0.30000001,0.5,5,0.75,127.93,0.2544939907677604,0.012,15.304367
2016-04-07,BOEING CO,09G725,0.3875871723988719,0.30000001,0.5,5,0.75,127.0,0.2544795490562649,0.0114,15.304367
2016-04-08,BOEING CO,09G725,0.3941894889034303,0.30000001,0.5,5,0.75,127.88,0.2545867192713992,0.0116,15.304367
2016-04-11,BOEING CO,09G725,0.4074727267321016,0.30000001,0.5,5,0.75,127.91,0.2544978598631865,0.0116,15.304367
2016-04-12,BOEING CO,09G725,0.4132493397667554,0.30000001,0.5,5,0.75,129.47,0.2547197273920466,0.0122,15.304367
2016-04-13,BOEING CO,09G725,0.402489964359213,0.30000001,0.5,5,0.75,131.14,0.2550680966212228,0.0122,15.304367
2016-04-14,BOEING CO,09G725,0.4030331253085349,0.30000001,0.5,5,0.75,130.85001,0.2550309132706831,0.0126,15.304367
2016-04-15,BOEING CO,09G725,0.401946221403802,0.30000001,0.5,5,0.75,131.13,0.2550292136707787,0.0122,15.304367
2016-04-18,BOEING CO,09G725,0.3998035722920853,0.30000001,0.5,5,0.75,131.97,0.2546570887262039,0.0124,15.304367
2016-04-19,BOEING CO,09G725,0.4007420039082823,0.30000001,0.5,5,0.75,132.67999,0.2538655959121585,0.0126,15.304367
2016-04-20,BOEING CO,09G725,0.3898575449870982,0.30000001,0.5,5,0.75,130.57001,0.2542997223517134,0.0132,15.304367
2016-04-21,BOEING CO,09G725,0.3948050505050493,0.30000001,0.5,5,0.75,130.74001,0.2539404451998011,0.0135,15.304367
2016-04-22,BOEING CO,09G725,0.3991701974557259,0.30000001,0.5,5,0.75,131.05,0.2538146887904648,0.0137,15.304367
2016-04-25,BOEING CO,09G725,0.407414607787254,0.30000001,0.5,5,0.75,130.75,0.2536430023718791,0.0138,15.304367
2016-04-26,BOEING CO,09G725,0.4064998027160251,0.30000001,0.5,5,0.75,133.24001,0.254347354833103,0.014,15.304367
2016-04-27,BOEING CO,09G725,0.4099360405932336,0.30000001,0.5,5,0.75,137.08,0.2559872581236354,0.0133,15.304367
2016-04-28,BOEING CO,09G725,0.4179714930967192,0.30000001,0.5,5,0.75,134.8,0.2563609172766198,0.0128,15.304367
2016-04-29,BOEING CO,09G725,0.4109414058589735,0.30000001,0.5,5,0.75,134.8,0.2556391276104074,0.0128,15.641802
2016-05-02,BOEING CO,09G725,0.4115132617015892,0.30000001,0.5,5,0.75,134.00999,0.2555357596423154,0.0132,15.641802
2016-05-03,BOEING CO,09G725,0.4135316568457779,0.30000001,0.5,5,0.75,132.49001,0.2557471229574773,0.0125,15.641802
2016-05-04,BOEING CO,09G725,0.4167059704408039,0.30000001,0.5,5,0.75,130.89,0.2559155051371246,0.0123,15.641802
2016-05-05,BOEING CO,09G725,0.4176312410695164,0.30000001,0.5,5,0.75,132.08,0.2559934870397024,0.012,15.641802
2016-05-06,BOEING CO,09G725,0.4233618546042546,0.30000001,0.5,5,0.75,133.25999,0.2561304059392805,0.0123,15.641802
2016-05-09,BOEING CO,09G725,0.428764253315806,0.30000001,0.5,5,0.75,132.10001,0.2547186450898809,0.012,15.641802
2016-05-10,BOEING CO,09G725,0.4125953202949255,0.30000001,0.5,5,0.75,134.72,0.2554836780244496,0.012,15.641802
2016-05-11,BOEING CO,09G725,0.4081534080352963,0.30000001,0.5,5,0.75,133.0,0.2555066666438171,0.012,15.641802
2016-05-12,BOEING CO,09G725,0.4090508664417346,0.30000001,0.5,5,0.75,134.42,0.2557300173183596,0.0124,15.641802
2016-05-13,BOEING CO,09G725,0.4107924546110239,0.30000001,0.5,5,0.75,132.12,0.2557807825571117,0.0122,15.641802
2016-05-16,BOEING CO,09G725,0.4041261608043648,0.30000001,0.5,5,0.75,134.14,0.2561480434642421,0.0126,15.641802
2016-05-17,BOEING CO,09G725,0.4045705427075383,0.30000001,0.5,5,0.75,132.56,0.2564120843233768,0.0129,15.641802
2016-05-18,BOEING CO,09G725,0.4104975492378484,0.30000001,0.5,5,0.75,130.99001,0.2566663955032655,0.0141,15.641802
2016-05-19,BOEING CO,09G725,0.4143845475875105,0.30000001,0.5,5,0.75,128.08,0.2575777114194259,0.0138,15.641802
2016-05-20,BOEING CO,09G725,0.4148927740750524,0.30000001,0.5,5,0.75,127.39,0.2575418805115646,0.0138,15.641802
2016-05-23,BOEING CO,09G725,0.4079060153305396,0.30000001,0.5,5,0.75,127.58,0.2569876363950565,0.0138,15.641802
2016-05-24,BOEING CO,09G725,0.4022248826189407,0.30000001,0.5,5,0.75,127.5,0.2566236269207937,0.0141,15.641802
2016-05-25,BOEING CO,09G725,0.3886066497774782,0.30000001,0.5,5,0.75,128.86,0.2568484774436805,0.014,15.641802
2016-05-26,BOEING CO,09G725,0.3889875325648623,0.30000001,0.5,5,0.75,129.31,0.2568340193715865,0.0135,15.641802
2016-05-27,BOEING CO,09G725,0.3907929195340276,0.30000001,0.5,5,0.75,129.22,0.2565238217098163,0.0139,15.641802
2016-05-31,BOEING CO,09G725,0.3988524266459931,0.30000001,0.5,5,0.75,126.15,0.2575582732864964,0.0137,15.641802
2016-06-01,BOEING CO,09G725,0.4048300056908928,0.30000001,0.5,5,0.75,126.41,0.2571648535415812,0.0139,15.641802
2016-06-02,BOEING CO,09G725,0.3994547265412488,0.30000001,0.5,5,0.75,126.85,0.2571581101827249,0.0136,15.641802
2016-06-03,BOEING CO,09G725,0.4066717479777569,0.30000001,0.5,5,0.75,127.38,0.2565613461647939,0.0123,15.641802
2016-06-06,BOEING CO,09G725,0.3966922264319491,0.30000001,0.5,5,0.75,131.89999,0.2590039281203336,0.0125,15.641802
2016-06-07,BOEING CO,09G725,0.3987607717521828,0.30000001,0.5,5,0.75,131.92999,0.2590032448691851,0.0123,15.641802
2016-06-08,BOEING CO,09G725,0.3895846553366015,0.30000001,0.5,5,0.75,133.0,0.2591009022008748,0.0123,15.641802
2016-06-09,BOEING CO,09G725,0.4005194383928792,0.30000001,0.5,5,0.75,133.10001,0.2588747463575765,0.0122,15.641802
2016-06-10,BOEING CO,09G725,0.4051136100679968,0.30000001,0.5,5,0.75,131.14,0.2591179285821658,0.0117,15.641802
2016-06-13,BOEING CO,09G725,0.4081826209384724,0.30000001,0.5,5,0.75,129.92,0.25928003012702,0.0114,15.641802
2016-06-14,BOEING CO,09G725,0.4111196991745876,0.30000001,0.5,5,0.75,130.5,0.2592971341100802,0.0115,15.641802
2016-06-15,BOEING CO,09G725,0.4083687162559186,0.30000001,0.5,5,0.75,130.16,0.2593090001884795,0.011,15.641802
2016-06-16,BOEING CO,09G725,0.4130705369955762,0.30000001,0.5,5,0.75,129.37,0.2592600007115683,0.011,15.641802
2016-06-17,BOEING CO,09G725,0.4105800722702416,0.30000001,0.5,5,0.75,129.82001,0.2589181368928875,0.0113,15.641802
2016-06-20,BOEING CO,09G725,0.3997515687258421,0.30000001,0.5,5,0.75,132.75,0.2599114797947609,0.0117,15.641802
2016-06-21,BOEING CO,09G725,0.3981203534051252,0.30000001,0.5,5,0.75,131.52,0.26004122496128,0.0122,15.641802
2016-06-22,BOEING CO,09G725,0.3981140185519388,0.30000001,0.5,5,0.75,131.77,0.259906930178324,0.012,15.641802
2016-06-23,BOEING CO,09G725,0.3776657861903671,0.30000001,0.5,5,0.75,133.55,0.2600755196647167,0.0125,15.641802
2016-06-24,BOEING CO,09G725,0.4038494944761635,0.30000001,0.5,5,0.75,126.52,0.2653223087046657,0.0108,15.641802
2016-06-27,BOEING CO,09G725,0.4187284605498347,0.30000001,0.5,5,0.75,122.7,0.2670111566159718,0.0099999998,15.641802
2016-06-28,BOEING CO,09G725,0.4006941339329198,0.30000001,0.5,5,0.75,123.89,0.2659187426532111,0.0099999998,15.641802
2016-06-29,BOEING CO,09G725,0.3874288412162097,0.30000001,0.5,5,0.75,126.99,0.2671105443128716,0.0103,15.641802
2016-06-30,BOEING CO,09G725,0.3815699701853436,0.30000001,0.5,5,0.75,129.87,0.2676834693686965,0.0101,15.641802
2016-07-01,BOEING CO,09G725,0.3691656923266071,0.30000001,0.5,5,0.75,129.69,0.2676619987549514,0.0099999998,15.641802
2016-07-05,BOEING CO,09G725,0.3788438686573661,0.30000001,0.5,5,0.75,126.97,0.2684689278397419,0.0093999999,15.641802
2016-07-06,BOEING CO,09G725,0.3796601269403558,0.30000001,0.5,5,0.75,126.96,0.2678004394145326,0.0094999997,15.641802
2016-07-07,BOEING CO,09G725,0.3671337206264972,0.30000001,0.5,5,0.75,127.17,0.267674657365817,0.0097000003,15.641802
2016-07-08,BOEING CO,09G725,0.3587281196699037,0.30000001,0.5,5,0.75,130.09,0.2685978787820417,0.0094999997,15.641802
2016-07-11,BOEING CO,09G725,0.349471,0.30000001,0.5,5,0.75,132.03999,0.2687597752500776,0.0103,15.641802
2016-07-12,BOEING CO,09G725,0.344569,0.30000001,0.5,5,0.75,130.81,0.2684991676729706,0.011,15.641802
2016-07-13,BOEING CO,09G725,0.343236,0.30000001,0.5,5,0.75,130.11,0.2684311193651835,0.0107,15.641802
2016-07-14,BOEING CO,09G725,0.33793,0.30000001,0.5,5,0.75,131.55,0.2686097369766446,0.011,15.641802
2016-07-15,BOEING CO,09G725,0.321961,0.30000001,0.5,5,0.75,132.39,0.2684607569633904,0.0115,15.641802
2016-07-18,BOEING CO,09G725,0.336345,0.30000001,0.5,5,0.75,133.42999,0.2683562038919126,0.0114,15.641802
2016-07-19,BOEING CO,09G725,0.336095,0.30000001,0.5,5,0.75,134.66,0.2685173225376423,0.0112,15.641802
2016-07-20,BOEING CO,09G725,0.336211,0.30000001,0.5,5,0.75,134.72,0.2682632357735024,0.0115,15.641802
2016-07-21,BOEING CO,09G725,0.335636,0.30000001,0.5,5,0.75,133.53,0.2682122142053386,0.0111,15.641802
2016-07-22,BOEING CO,09G725,0.34071,0.30000001,0.5,5,0.75,133.47,0.2682020839333307,0.0113,15.641802
2016-07-25,BOEING CO,09G725,0.345474,0.30000001,0.5,5,0.75,132.94,0.2678661119340888,0.0115,15.641802
2016-07-26,BOEING CO,09G725,0.3477,0.30000001,0.5,5,0.75,134.85001,0.267421733469651,0.0115,15.641802
2016-07-27,BOEING CO,09G725,0.348119,0.30000001,0.5,5,0.75,135.96001,0.2674903230002132,0.011,15.641802
2016-07-28,BOEING CO,09G725,0.347521,0.30000001,0.5,5,0.75,133.00999,0.2678698785858182,0.0109,15.641802
2016-07-29,BOEING CO,09G725,0.348755,0.30000001,0.5,5,0.75,133.66,0.2678009629885049,0.0103,15.972403
2016-08-01,BOEING CO,09G725,0.347894,0.30000001,0.5,5,0.75,133.21001,0.2676975569196192,0.0106,17.657167
2016-08-02,BOEING CO,09G725,0.349136,0.30000001,0.5,5,0.75,131.60001,0.2679486184091175,0.0107,17.657167
2016-08-03,BOEING CO,09G725,0.349861,0.30000001,0.5,5,0.75,131.87,0.2679553638020811,0.0107,17.657167
2016-08-04,BOEING CO,09G725,0.346662,0.30000001,0.5,5,0.75,131.21001,0.2675031291785758,0.0103,17.657167
2016-08-05,BOEING CO,09G725,0.342839,0.30000001,0.5,5,0.75,131.73,0.2674245359997924,0.0113,17.657167
2016-08-08,BOEING CO,09G725,0.33926,0.30000001,0.5,5,0.75,132.19,0.2672738279791505,0.0115,17.657167
2016-08-09,BOEING CO,09G725,0.33782,0.30000001,0.5,5,0.75,132.62,0.2661873632152877,0.0111,17.657167
2016-08-10,BOEING CO,09G725,0.337608,0.30000001,0.5,5,0.75,132.28,0.2659645080827397,0.0107,17.657167
2016-08-11,BOEING CO,09G725,0.335602,0.30000001,0.5,5,0.75,133.0,0.2657840707851108,0.0116,17.657167
2016-08-12,BOEING CO,09G725,0.333861,0.30000001,0.5,5,0.75,133.10001,0.2652547748302269,0.011,17.657167
2016-08-15,BOEING CO,09G725,0.332482,0.30000001,0.5,5,0.75,134.66,0.2655090521017231,0.0114,17.657167
2016-08-16,BOEING CO,09G725,0.331556,0.30000001,0.5,5,0.75,135.0,0.2654835740979596,0.0116,17.657167
2016-08-17,BOEING CO,09G725,0.33181,0.30000001,0.5,5,0.75,134.72,0.2654893241203539,0.0115,17.657167
2016-08-18,BOEING CO,09G725,0.331607,0.30000001,0.5,5,0.75,135.0,0.2651769401317886,0.0112,17.657167
2016-08-19,BOEING CO,09G725,0.331821,0.30000001,0.5,5,0.75,134.44,0.2621576796088782,0.0117,17.657167
2016-08-22,BOEING CO,09G725,0.334099,0.30000001,0.5,5,0.75,134.99001,0.2592536404379168,0.0115,17.657167
2016-08-23,BOEING CO,09G725,0.33346,0.30000001,0.5,5,0.75,134.14,0.2569960319141043,0.0115,17.657167
2016-08-24,BOEING CO,09G725,0.334855,0.30000001,0.5,5,0.75,133.28999,0.25671247759853,0.0113,17.657167
2016-08-25,BOEING CO,09G725,0.334509,0.30000001,0.5,5,0.75,132.98,0.2549315507840244,0.0116,17.657167
2016-08-26,BOEING CO,09G725,0.331275,0.30000001,0.5,5,0.75,132.23,0.2542710539434944,0.0123,17.657167
2016-08-29,BOEING CO,09G725,0.332531,0.30000001,0.5,5,0.75,132.89999,0.2541136898862196,0.0118,17.657167
2016-08-30,BOEING CO,09G725,0.332212,0.30000001,0.5,5,0.75,130.81,0.2538700851889925,0.0118,17.657167
2016-08-31,BOEING CO,09G725,0.336494,0.30000001,0.5,5,0.75,129.45,0.2528505998089432,0.0119,17.657167
2016-09-01,BOEING CO,09G725,0.337378,0.30000001,0.5,5,0.75,129.89999,0.2516506490994962,0.0118,17.657167
2016-09-02,BOEING CO,09G725,0.336535,0.30000001,0.5,5,0.75,131.16,0.251813719453018,0.012,17.657167
2016-09-06,BOEING CO,09G725,0.335162,0.30000001,0.5,5,0.75,132.99001,0.2519887143262656,0.0113,17.657167
2016-09-07,BOEING CO,09G725,0.335238,0.30000001,0.5,5,0.75,132.64,0.2500828195824481,0.0112,17.657167
2016-09-08,BOEING CO,09G725,0.336073,0.30000001,0.5,5,0.75,132.89999,0.2499269824080078,0.0119,17.657167
2016-09-09,BOEING CO,09G725,0.34473,0.30000001,0.5,5,0.75,128.53,0.252026579894358,0.0123,17.657167
2016-09-12,BOEING CO,09G725,0.345128,0.30000001,0.5,5,0.75,130.12,0.2521891142709527,0.0121,17.657167
2016-09-13,BOEING CO,09G725,0.349987,0.30000001,0.5,5,0.75,128.75999,0.2524038411410736,0.0126,17.657167
2016-09-14,BOEING CO,09G725,0.34525,0.30000001,0.5,5,0.75,127.67,0.2521646819953632,0.0121,17.657167
2016-09-15,BOEING CO,09G725,0.346229,0.30000001,0.5,5,0.75,127.77,0.252078530384411,0.012,17.657167
2016-09-16,BOEING CO,09G725,0.345752,0.30000001,0.5,5,0.75,126.7,0.2522096538505782,0.0121,17.657167
2016-09-19,BOEING CO,09G725,0.345476,0.30000001,0.5,5,0.75,127.48,0.252092711075897,0.0122,17.657167
2016-09-20,BOEING CO,09G725,0.367739,0.30000001,0.5,5,0.75,127.79,0.2521039266754507,0.012,17.657167
2016-09-21,BOEING CO,09G725,0.360473,0.30000001,0.5,5,0.75,130.56,0.2525840483542816,0.012,17.657167
2016-09-22,BOEING CO,09G725,0.353822,0.30000001,0.5,5,0.75,131.87,0.252165842860054,0.0118,17.657167
2016-09-23,BOEING CO,09G725,0.350914,0.30000001,0.5,5,0.75,131.78,0.2517275537388407,0.0116,17.657167
2016-09-26,BOEING CO,09G725,0.351775,0.30000001,0.5,5,0.75,130.57001,0.2517284683696431,0.0113,17.657167
2016-09-27,BOEING CO,09G725,0.35404,0.30000001,0.5,5,0.75,131.32001,0.2507966577468469,0.0112,17.657167
2016-09-28,BOEING CO,09G725,0.349782,0.30000001,0.5,5,0.75,132.23,0.2508427239326603,0.0113,17.657167
2016-09-29,BOEING CO,09G725,0.356197,0.30000001,0.5,5,0.75,131.03,0.2504547638626583,0.0112,17.657167
2016-09-30,BOEING CO,09G725,0.355845,0.30000001,0.5,5,0.75,131.74001,0.2504913983931132,0.0114,17.657167
2016-10-03,BOEING CO,09G725,0.354532,0.30000001,0.5,5,0.75,132.38,0.2501020125509905,0.0118,17.657167
2016-10-04,BOEING CO,09G725,0.35451,0.30000001,0.5,5,0.75,132.25,0.2498708332556088,0.0122,17.657167
2016-10-05,BOEING CO,09G725,0.352446,0.30000001,0.5,5,0.75,134.66,0.2504828218836986,0.0126,17.657167
2016-10-06,BOEING CO,09G725,0.352183,0.30000001,0.5,5,0.75,134.42,0.2498732352437349,0.0128,17.657167
2016-10-07,BOEING CO,09G725,0.35352,0.30000001,0.5,5,0.75,133.85001,0.2494826441741464,0.0126,17.657167
2016-10-10,BOEING CO,09G725,0.353552,0.30000001,0.5,5,0.75,135.84,0.2498765141173235,0.0126,17.657167
2016-10-11,BOEING CO,09G725,0.354101,0.30000001,0.5,5,0.75,133.74001,0.2502661715287558,0.013,17.657167
2016-10-12,BOEING CO,09G725,0.354916,0.30000001,0.5,5,0.75,133.16,0.250288917729395,0.0131,17.657167
2016-10-13,BOEING CO,09G725,0.360222,0.30000001,0.5,5,0.75,133.38,0.2464877349603924,0.0127,17.657167
2016-10-14,BOEING CO,09G725,0.360342,0.30000001,0.5,5,0.75,133.5,0.2453666750288248,0.0128,17.657167
2016-10-17,BOEING CO,09G725,0.365776,0.30000001,0.5,5,0.75,134.0,0.2453892566010386,0.0126,17.657167
2016-10-18,BOEING CO,09G725,0.361735,0.30000001,0.5,5,0.75,135.10001,0.2454528383605159,0.0124,17.657167
2016-10-19,BOEING CO,09G725,0.35546,0.30000001,0.5,5,0.75,136.17999,0.2455576696631295,0.0124,17.657167
2016-10-20,BOEING CO,09G725,0.353185,0.30000001,0.5,5,0.75,135.84,0.2450141059483786,0.0126,17.657167
2016-10-21,BOEING CO,09G725,0.353512,0.30000001,0.5,5,0.75,135.63,0.2423117401354068,0.0125,17.657167
2016-10-24,BOEING CO,09G725,0.351436,0.30000001,0.5,5,0.75,137.45,0.2426711013949299,0.0127,17.657167
2016-10-25,BOEING CO,09G725,0.349979,0.30000001,0.5,5,0.75,139.02,0.2429402793790775,0.0129,17.657167
2016-10-26,BOEING CO,09G725,0.34772,0.30000001,0.5,5,0.75,145.53999,0.2471361805148502,0.013,17.657167
2016-10-27,BOEING CO,09G725,0.3476,0.30000001,0.5,5,0.75,143.31,0.2475887782057348,0.0133,17.657167
2016-10-28,BOEING CO,09G725,0.348921,0.30000001,0.5,5,0.75,143.00999,0.247551002296952,0.0133,17.657167
2016-10-31,BOEING CO,09G725,0.351533,0.30000001,0.5,5,0.75,142.42999,0.2475148009348375,0.0131,17.84771
2016-11-01,BOEING CO,09G725,0.353544,0.30000001,0.5,5,0.75,142.41,0.2475055779551881,0.013,16.941957
2016-11-02,BOEING CO,09G725,0.356099,0.30000001,0.5,5,0.75,140.75,0.2477749511861648,0.0126,16.941957
2016-11-03,BOEING CO,09G725,0.355813,0.30000001,0.5,5,0.75,140.02,0.2477362335344474,0.0126,16.941957
2016-11-04,BOEING CO,09G725,0.356748,0.30000001,0.5,5,0.75,139.53999,0.2477556331020702,0.0124,16.941957
2016-11-07,BOEING CO,09G725,0.348503,0.30000001,0.5,5,0.75,143.03,0.2490151831149127,0.0129,16.941957
2016-11-08,BOEING CO,09G725,0.347289,0.30000001,0.5,5,0.75,142.2,0.2486606872618576,0.0134,16.941957
2016-11-09,BOEING CO,09G725,0.345832,0.30000001,0.5,5,0.75,145.09,0.2494067017014199,0.0149,16.941957
2016-11-10,BOEING CO,09G725,0.340436,0.30000001,0.5,5,0.75,147.69,0.2500272294222941,0.0156,16.941957
2016-11-11,BOEING CO,09G725,0.341808,0.30000001,0.5,5,0.75,148.52,0.2494832598754122,0.0156,16.941957
2016-11-14,BOEING CO,09G725,0.34034,0.30000001,0.5,5,0.75,149.99001,0.2496630930416205,0.0166,16.941957
2016-11-15,BOEING CO,09G725,0.337832,0.30000001,0.5,5,0.75,148.11,0.2496891626926041,0.016799999,16.941957
2016-11-16,BOEING CO,09G725,0.339517,0.30000001,0.5,5,0.75,146.44,0.2497075151852049,0.016799999,16.941957
2016-11-17,BOEING CO,09G725,0.34065,0.30000001,0.5,5,0.75,145.33,0.2493867058134066,0.0173,16.941957
2016-11-18,BOEING CO,09G725,0.342664,0.30000001,0.5,5,0.75,146.35001,0.2494008375880019,0.017999999,16.941957
2016-11-21,BOEING CO,09G725,0.343672,0.30000001,0.5,5,0.75,147.02,0.2494380065676811,0.017899999,16.941957
2016-11-22,BOEING CO,09G725,0.340563,0.30000001,0.5,5,0.75,149.52,0.2498948708855486,0.0177,16.941957
2016-11-23,BOEING CO,09G725,0.339424,0.30000001,0.5,5,0.75,149.74001,0.249891095228101,0.018300001,16.941957
2016-11-25,BOEING CO,09G725,0.339503,0.30000001,0.5,5,0.75,150.03999,0.2497514697785339,0.018300001,16.941957
2016-11-28,BOEING CO,09G725,0.3383,0.30000001,0.5,5,0.75,149.77,0.2497348713947864,0.017999999,16.941957
2016-11-29,BOEING CO,09G725,0.334921,0.30000001,0.5,5,0.75,151.64,0.2498045374162669,0.0178,16.941957
2016-11-30,BOEING CO,09G725,0.335075,0.30000001,0.5,5,0.75,150.56,0.2494423527183509,0.018300001,16.941957
2016-12-01,BOEING CO,09G725,0.335786,0.30000001,0.5,5,0.75,152.39,0.249657820467813,0.018999999,16.941957
2016-12-02,BOEING CO,09G725,0.337112,0.30000001,0.5,5,0.75,152.25,0.2494628059536628,0.0184,16.941957
2016-12-05,BOEING CO,09G725,0.335392,0.30000001,0.5,5,0.75,152.16,0.2486736961202961,0.0184,16.941957
2016-12-06,BOEING CO,09G725,0.331227,0.30000001,0.5,5,0.75,152.24001,0.2486728109800356,0.0184,16.941957
2016-12-07,BOEING CO,09G725,0.326065,0.30000001,0.5,5,0.75,154.14,0.2478280931334463,0.017999999,16.941957
2016-12-08,BOEING CO,09G725,0.323595,0.30000001,0.5,5,0.75,155.39,0.2478789883234221,0.018300001,16.941957
2016-12-09,BOEING CO,09G725,0.320112,0.30000001,0.5,5,0.75,156.49001,0.2475386255830401,0.0189,16.941957
2016-12-12,BOEING CO,09G725,0.318198,0.30000001,0.5,5,0.75,157.16,0.2472359069341761,0.018999999,16.941957
2016-12-13,BOEING CO,09G725,0.319119,0.30000001,0.5,5,0.75,156.66,0.2469824022725387,0.019200001,16.941957
2016-12-14,BOEING CO,09G725,0.31908,0.30000001,0.5,5,0.75,154.47,0.2462240893207032,0.020199999,16.941957
2016-12-15,BOEING CO,09G725,0.318689,0.30000001,0.5,5,0.75,153.77,0.246055581193365,0.021,16.941957
2016-12-16,BOEING CO,09G725,0.316494,0.30000001,0.5,5,0.75,154.5,0.2454566588273953,0.0207,16.941957
2016-12-19,BOEING CO,09G725,0.317124,0.30000001,0.5,5,0.75,156.17999,0.2420991100494202,0.020300001,16.941957
2016-12-20,BOEING CO,09G725,0.315394,0.30000001,0.5,5,0.75,156.39,0.2419399306502613,0.0206,16.941957
2016-12-21,BOEING CO,09G725,0.312936,0.30000001,0.5,5,0.75,157.48,0.2418210119024596,0.020400001,16.941957
2016-12-22,BOEING CO,09G725,0.313036,0.30000001,0.5,5,0.75,157.46001,0.2415625060453486,0.020400001,16.941957
2016-12-23,BOEING CO,09G725,0.31305,0.30000001,0.5,5,0.75,157.81,0.2415297206363473,0.020400001,16.941957
2016-12-27,BOEING CO,09G725,0.315045,0.30000001,0.5,5,0.75,157.48,0.241458730933963,0.0207,16.941957
2016-12-28,BOEING CO,09G725,0.314232,0.30000001,0.5,5,0.75,156.10001,0.2408939114404397,0.020199999,16.941957
2016-12-29,BOEING CO,09G725,0.314992,0.30000001,0.5,5,0.75,155.69,0.2408161447033725,0.0196,16.941957
2016-12-30,BOEING CO,09G725,0.313144,0.30000001,0.5,5,0.75,155.67999,0.2404675906485697,0.019300001,16.941957
2017-01-03,BOEING CO,09G725,0.306562,0.30000001,0.5,5,0.75,156.97,0.2388419730599931,0.019400001,16.941957
2017-01-04,BOEING CO,09G725,0.304387,0.30000001,0.5,5,0.75,158.62,0.2390199749217668,0.019400001,16.941957
2017-01-05,BOEING CO,09G725,0.304314,0.30000001,0.5,5,0.75,158.71001,0.238439575313441,0.0186,16.941957
2017-01-06,BOEING CO,09G725,0.301299,0.30000001,0.5,5,0.75,159.10001,0.2345605234273459,0.019200001,16.941957
2017-01-09,BOEING CO,09G725,0.299848,0.30000001,0.5,5,0.75,158.32001,0.2334317940973216,0.0189,16.941957
2017-01-10,BOEING CO,09G725,0.299577,0.30000001,0.5,5,0.75,159.07001,0.2334601985524411,0.0189,16.941957
2017-01-11,BOEING CO,09G725,0.299517,0.30000001,0.5,5,0.75,159.39999,0.2331461231035903,0.0189,16.941957
2017-01-12,BOEING CO,09G725,0.301411,0.30000001,0.5,5,0.75,158.28999,0.2313612721817319,0.0187,16.941957
2017-01-13,BOEING CO,09G725,0.301536,0.30000001,0.5,5,0.75,158.83,0.2312552016546897,0.018999999,16.941957
2017-01-17,BOEING CO,09G725,0.302778,0.30000001,0.5,5,0.75,157.67,0.2296123004380074,0.0184,16.941957
2017-01-18,BOEING CO,09G725,0.30059,0.30000001,0.5,5,0.75,158.32001,0.2296201204685409,0.019300001,16.941957
2017-01-19,BOEING CO,09G725,0.299352,0.30000001,0.5,5,0.75,159.0,0.2273487215259286,0.0197,16.941957
2017-01-20,BOEING CO,09G725,0.298797,0.30000001,0.5,5,0.75,159.53,0.2271768736379384,0.0195,16.941957
2017-01-23,BOEING CO,09G725,0.298772,0.30000001,0.5,5,0.75,157.84,0.2273220608982649,0.0188,16.941957
2017-01-24,BOEING CO,09G725,0.297329,0.30000001,0.5,5,0.75,160.55,0.2278025864797355,0.019400001,16.941957
2017-01-25,BOEING CO,09G725,0.292234,0.30000001,0.5,5,0.75,167.36,0.2294083640169082,0.0199,16.941957
2017-01-26,BOEING CO,09G725,0.291148,0.30000001,0.5,5,0.75,169.12,0.2107979486176341,0.0195,16.941957
2017-01-27,BOEING CO,09G725,0.291125,0.30000001,0.5,5,0.75,167.7,0.2107705858861566,0.019400001,16.941957
2017-01-30,BOEING CO,09G725,0.280779,0.30000001,0.5,5,0.75,165.57001,0.2106131885957407,0.019400001,16.941957
2017-01-31,BOEING CO,09G725,0.285435,0.30000001,0.5,5,0.75,163.42,0.210849355075989,0.018999999,16.941957
2017-02-01,BOEING CO,09G725,0.284977,0.30000001,0.5,5,0.75,163.97,0.2079710211232833,0.019300001,16.941957
2017-02-02,BOEING CO,09G725,0.284959,0.30000001,0.5,5,0.75,162.25999,0.2052403906336316,0.019200001,16.941957
2017-02-03,BOEING CO,09G725,0.282176,0.30000001,0.5,5,0.75,162.39999,0.2048302428902724,0.019300001,16.941957
2017-02-06,BOEING CO,09G725,0.280627,0.30000001,0.5,5,0.75,163.98,0.2047656852319784,0.0186,16.941957
2017-02-07,BOEING CO,09G725,0.280793,0.30000001,0.5,5,0.75,166.5,0.203492807609469,0.0185,16.941957
2017-02-08,BOEING CO,09G725,0.279743,0.30000001,0.5,5,0.75,163.81,0.2035968545055906,0.018100001,16.941957
2017-02-09,BOEING CO,09G725,0.27587,0.30000001,0.5,5,0.75,164.28,0.2031458599709667,0.0188,16.941957
2017-02-10,BOEING CO,09G725,0.276439,0.30000001,0.5,5,0.75,166.23,0.1909949277094308,0.0189,16.941957
2017-02-13,BOEING CO,09G725,0.272543,0.30000001,0.5,5,0.75,168.03,0.1912030447324398,0.019200001,16.941957
2017-02-14,BOEING CO,09G725,0.272258,0.30000001,0.5,5,0.75,168.5,0.1880213343664575,0.0198,16.941957
2017-02-15,BOEING CO,09G725,0.265968,0.30000001,0.5,5,0.75,169.3,0.1853823831528522,0.020099999,16.941957
2017-02-16,BOEING CO,09G725,0.266686,0.30000001,0.5,5,0.75,170.81,0.1853097844082396,0.0195,16.941957
2017-02-17,BOEING CO,09G725,0.266534,0.30000001,0.5,5,0.75,172.71001,0.1842042765460007,0.019200001,16.941957
2017-02-21,BOEING CO,09G725,0.263575,0.30000001,0.5,5,0.75,175.56,0.1839515820784014,0.019300001,16.941957
2017-02-22,BOEING CO,09G725,0.261524,0.30000001,0.5,5,0.75,175.36,0.1838779003531784,0.019200001,16.941957
2017-02-23,BOEING CO,09G725,0.259368,0.30000001,0.5,5,0.75,176.86,0.1835350054940685,0.0187,16.941957
2017-02-24,BOEING CO,09G725,0.260354,0.30000001,0.5,5,0.75,177.44,0.1833298356856276,0.017999999,16.941957
2017-02-27,BOEING CO,09G725,0.258505,0.30000001,0.5,5,0.75,179.42999,0.1833160385562163,0.0187,16.941957
2017-02-28,BOEING CO,09G725,0.258549,0.30000001,0.5,5,0.75,180.23,0.1833264892411164,0.0189,17.071606
2017-03-01,BOEING CO,09G725,0.253414,0.30000001,0.5,5,0.75,183.91,0.183791102428894,0.0199,16.24872
2017-03-02,BOEING CO,09G725,0.252306,0.30000001,0.5,5,0.75,182.99001,0.183866136868716,0.020300001,16.24872
2017-03-03,BOEING CO,09G725,0.253188,0.30000001,0.5,5,0.75,182.17999,0.1839612012746375,0.020199999,16.24872
2017-03-06,BOEING CO,09G725,0.252196,0.30000001,0.5,5,0.75,180.92999,0.1838734109368584,0.020199999,16.24872
2017-03-07,BOEING CO,09G725,0.252899,0.30000001,0.5,5,0.75,182.02,0.1834362493762543,0.020500001,16.24872
2017-03-08,BOEING CO,09G725,0.254033,0.30000001,0.5,5,0.75,181.74001,0.1833595949618925,0.0208,16.24872
2017-03-09,BOEING CO,09G725,0.255184,0.30000001,0.5,5,0.75,180.57001,0.183526798124604,0.021299999,16.24872
2017-03-10,BOEING CO,09G725,0.258031,0.30000001,0.5,5,0.75,178.7,0.183921110627251,0.0211,16.24872
2017-03-13,BOEING CO,09G725,0.25835,0.30000001,0.5,5,0.75,179.05,0.1835220520739019,0.021400001,16.24872
2017-03-14,BOEING CO,09G725,0.260447,0.30000001,0.5,5,0.75,178.73,0.1831515151113397,0.021299999,16.24872
2017-03-15,BOEING CO,09G725,0.255037,0.30000001,0.5,5,0.75,178.71001,0.183153809132019,0.020199999,16.24872
2017-03-16,BOEING CO,09G725,0.253206,0.30000001,0.5,5,0.75,178.19,0.1830315227724394,0.020500001,16.24872
2017-03-17,BOEING CO,09G725,0.250961,0.30000001,0.5,5,0.75,180.10001,0.1818047544063475,0.020300001,16.24872
2017-03-20,BOEING CO,09G725,0.266882,0.30000001,0.5,5,0.75,179.39,0.1803489244739478,0.02,16.24872
2017-03-21,BOEING CO,09G725,0.26406,0.30000001,0.5,5,0.75,175.96001,0.1810437722616636,0.0196,16.24872
2017-03-22,BOEING CO,09G725,0.264738,0.30000001,0.5,5,0.75,176.98,0.1809771766490482,0.0195,16.24872
2017-03-23,BOEING CO,09G725,0.262338,0.30000001,0.5,5,0.75,177.25999,0.1800737067793516,0.0195,16.24872
2017-03-24,BOEING CO,09G725,0.259682,0.30000001,0.5,5,0.75,175.82001,0.1801901302310097,0.019300001,16.24872
2017-03-27,BOEING CO,09G725,0.258836,0.30000001,0.5,5,0.75,176.10001,0.1800282375067899,0.019300001,16.24872
2017-03-28,BOEING CO,09G725,0.256575,0.30000001,0.5,5,0.75,177.36,0.1800647351011642,0.0197,16.24872
2017-03-29,BOEING CO,09G725,0.25608,0.30000001,0.5,5,0.75,177.63,0.1790543506987369,0.019300001,16.24872
2017-03-30,BOEING CO,09G725,0.255215,0.30000001,0.5,5,0.75,177.98,0.1784840008568308,0.0196,16.24872
2017-03-31,BOEING CO,09G725,0.25468,0.30000001,0.5,5,0.75,176.86,0.1786504944847214,0.019300001,16.366133
2017-04-03,BOEING CO,09G725,0.253338,0.30000001,0.5,5,0.75,176.64999,0.1785566059805299,0.0188,16.366133
2017-04-04,BOEING CO,09G725,0.25311,0.30000001,0.5,5,0.75,178.7,0.1787968330596118,0.0188,16.366133
2017-04-05,BOEING CO,09G725,0.24863,0.30000001,0.5,5,0.75,177.08,0.1790247556670178,0.0185,16.366133
2017-04-06,BOEING CO,09G725,0.245243,0.30000001,0.5,5,0.75,177.37,0.1788094865518795,0.0187,16.366133
2017-04-07,BOEING CO,09G725,0.242149,0.30000001,0.5,5,0.75,178.85001,0.1788570044049363,0.019200001,16.366133
2017-04-10,BOEING CO,09G725,0.241716,0.30000001,0.5,5,0.75,177.56,0.1790668660858929,0.019099999,16.366133
2017-04-11,BOEING CO,09G725,0.243612,0.30000001,0.5,5,0.75,178.57001,0.178793343239252,0.0184,16.366133
2017-04-12,BOEING CO,09G725,0.243535,0.30000001,0.5,5,0.75,176.05,0.1791007149421142,0.018100001,16.366133
2017-04-13,BOEING CO,09G725,0.244895,0.30000001,0.5,5,0.75,175.62,0.1791061209470462,0.0177,16.366133
2017-04-17,BOEING CO,09G725,0.24459,0.30000001,0.5,5,0.75,179.02,0.1800049495297904,0.017899999,16.366133
2017-04-18,BOEING CO,09G725,0.244808,0.30000001,0.5,5,0.75,177.85001,0.1801114123043699,0.017100001,16.366133
2017-04-19,BOEING CO,09G725,0.245401,0.30000001,0.5,5,0.75,178.39999,0.1800744692196737,0.0174,16.366133
2017-04-20,BOEING CO,09G725,0.241466,0.30000001,0.5,5,0.75,179.3,0.1792746775606224,0.0178,16.366133
2017-04-21,BOEING CO,09G725,0.231424,0.30000001,0.5,5,0.75,180.38,0.1793324232113636,0.0177,16.366133
2017-04-24,BOEING CO,09G725,0.227341,0.30000001,0.5,5,0.75,182.06,0.1795008751810651,0.018100001,16.366133
2017-04-25,BOEING CO,09G725,0.226097,0.30000001,0.5,5,0.75,183.50999,0.1795761167205821,0.0187,16.366133
2017-04-26,BOEING CO,09G725,0.225276,0.30000001,0.5,5,0.75,181.71001,0.1790694558741334,0.0184,16.366133
2017-04-27,BOEING CO,09G725,0.225353,0.30000001,0.5,5,0.75,183.22,0.177080074944749,0.018100001,16.366133
2017-04-28,BOEING CO,09G725,0.226356,0.30000001,0.5,5,0.75,184.83,0.1763127728656514,0.018100001,16.488258
2017-05-01,BOEING CO,09G725,0.225398,0.30000001,0.5,5,0.75,182.39,0.1769160591485443,0.0184,17.89155
2017-05-02,BOEING CO,09G725,0.2262,0.30000001,0.5,5,0.75,183.44,0.1768190370535312,0.018100001,17.89155
2017-05-03,BOEING CO,09G725,0.225609,0.30000001,0.5,5,0.75,183.39,0.1763620485121975,0.0186,17.89155
2017-05-04,BOEING CO,09G725,0.224468,0.30000001,0.5,5,0.75,183.07001,0.1758670976466781,0.0188,17.89155
2017-05-05,BOEING CO,09G725,0.224382,0.30000001,0.5,5,0.75,185.00999,0.1759375621635855,0.0189,17.89155
2017-05-08,BOEING CO,09G725,0.222717,0.30000001,0.5,5,0.75,186.02,0.1758244936221341,0.019099999,17.89155
2017-05-09,BOEING CO,09G725,0.217816,0.30000001,0.5,5,0.75,186.91,0.1755544384843251,0.019400001,17.89155
2017-05-10,BOEING CO,09G725,0.217071,0.30000001,0.5,5,0.75,183.17999,0.1751438878898014,0.019400001,17.89155
2017-05-11,BOEING CO,09G725,0.214968,0.30000001,0.5,5,0.75,183.94,0.1750566189226394,0.019300001,17.89155
2017-05-12,BOEING CO,09G725,0.214599,0.30000001,0.5,5,0.75,183.25,0.1748900623722193,0.0185,17.89155
2017-05-15,BOEING CO,09G725,0.212609,0.30000001,0.5,5,0.75,182.39,0.1740087962220659,0.0186,17.89155
2017-05-16,BOEING CO,09G725,0.212551,0.30000001,0.5,5,0.75,182.7,0.173454539816826,0.0186,17.89155
2017-05-17,BOEING CO,09G725,0.217383,0.30000001,0.5,5,0.75,178.78,0.1744629525598857,0.0176,17.89155
2017-05-18,BOEING CO,09G725,0.221091,0.30000001,0.5,5,0.75,177.39999,0.1741988803284018,0.0178,17.89155
2017-05-19,BOEING CO,09G725,0.214788,0.30000001,0.5,5,0.75,180.75999,0.1734582763127672,0.017899999,17.89155
2017-05-22,BOEING CO,09G725,0.212344,0.30000001,0.5,5,0.75,183.67,0.1739238153840608,0.017999999,17.89155
2017-05-23,BOEING CO,09G725,0.211231,0.30000001,0.5,5,0.75,183.49001,0.1739437431699475,0.0184,17.89155
2017-05-24,BOEING CO,09G725,0.21011,0.30000001,0.5,5,0.75,185.25,0.1741099989798424,0.017899999,17.89155
2017-05-25,BOEING CO,09G725,0.210676,0.30000001,0.5,5,0.75,187.07001,0.1740673901614509,0.0178,17.89155
2017-05-26,BOEING CO,09G725,0.210851,0.30000001,0.5,5,0.75,186.59,0.1741093967440781,0.017899999,17.89155
2017-05-30,BOEING CO,09G725,0.20975,0.30000001,0.5,5,0.75,186.88,0.1740936459139322,0.0176,17.89155
2017-05-31,BOEING CO,09G725,0.209107,0.30000001,0.5,5,0.75,187.63,0.1722295093822707,0.0175,17.89155
2017-06-01,BOEING CO,09G725,0.209037,0.30000001,0.5,5,0.75,187.32001,0.1722633799322013,0.0176,17.89155
2017-06-02,BOEING CO,09G725,0.210205,0.30000001,0.5,5,0.75,190.23,0.1728047136910375,0.017100001,17.89155
2017-06-05,BOEING CO,09G725,0.210501,0.30000001,0.5,5,0.75,188.95,0.1729985441710571,0.0174,17.89155
2017-06-06,BOEING CO,09G725,0.210669,0.30000001,0.5,5,0.75,186.75,0.1701691520353335,0.017100001,17.89155
2017-06-07,BOEING CO,09G725,0.210653,0.30000001,0.5,5,0.75,188.10001,0.1702574191792659,0.0174,17.89155
2017-06-08,BOEING CO,09G725,0.206524,0.30000001,0.5,5,0.75,189.92999,0.1703263789975216,0.0175,17.89155
2017-06-09,BOEING CO,09G725,0.203162,0.30000001,0.5,5,0.75,190.03,0.1703277750673745,0.0177,17.89155
2017-06-12,BOEING CO,09G725,0.201282,0.30000001,0.5,5,0.75,190.0,0.1695478210418996,0.0178,17.89155
2017-06-13,BOEING CO,09G725,0.199194,0.30000001,0.5,5,0.75,191.09,0.1692385061880563,0.017899999,17.89155
2017-06-14,BOEING CO,09G725,0.196749,0.30000001,0.5,5,0.75,192.38,0.1692906909823989,0.0174,17.89155
2017-06-15,BOEING CO,09G725,0.195936,0.30000001,0.5,5,0.75,195.45,0.1698297103493435,0.0176,17.89155
2017-06-16,BOEING CO,09G725,0.194311,0.30000001,0.5,5,0.75,196.44,0.1696766719117152,0.0175,17.89155
2017-06-19,BOEING CO,09G725,0.193941,0.30000001,0.5,5,0.75,199.08,0.1700639201240596,0.017999999,17.89155
2017-06-20,BOEING CO,09G725,0.192161,0.30000001,0.5,5,0.75,198.33,0.1688825382668415,0.0177,17.89155
2017-06-21,BOEING CO,09G725,0.190053,0.30000001,0.5,5,0.75,199.17,0.1685355964638056,0.0178,17.89155
2017-06-22,BOEING CO,09G725,0.188961,0.30000001,0.5,5,0.75,199.44,0.1685362932498319,0.0176,17.89155
2017-06-23,BOEING CO,09G725,0.1868,0.30000001,0.5,5,0.75,202.23,0.1685689907832113,0.0177,17.89155
2017-06-26,BOEING CO,09G725,0.183696,0.30000001,0.5,5,0.75,199.98,0.1599977653199678,0.0177,17.89155
2017-06-27,BOEING CO,09G725,0.186382,0.30000001,0.5,5,0.75,198.89,0.1568848008141645,0.018300001,17.89155
2017-06-28,BOEING CO,09G725,0.187156,0.30000001,0.5,5,0.75,199.62,0.1567067442384444,0.018100001,17.89155
2017-06-29,BOEING CO,09G725,0.191619,0.30000001,0.5,5,0.75,197.46001,0.1555311511680116,0.0185,17.89155
2017-06-30,BOEING CO,09G725,0.192562,0.30000001,0.5,5,0.75,197.75,0.1541292203946149,0.0189,17.89155
2017-07-03,BOEING CO,09G725,0.193233,0.30000001,0.5,5,0.75,198.59,0.15411340280314,0.019300001,17.89155
2017-07-05,BOEING CO,09G725,0.192752,0.30000001,0.5,5,0.75,201.81,0.1530620485534276,0.019200001,17.89155
2017-07-06,BOEING CO,09G725,0.195102,0.30000001,0.5,5,0.75,201.48,0.1530919797605217,0.019400001,17.89155
2017-07-07,BOEING CO,09G725,0.20014,0.30000001,0.5,5,0.75,202.37,0.1531101501725342,0.0195,17.89155
2017-07-10,BOEING CO,09G725,0.199898,0.30000001,0.5,5,0.75,203.96001,0.1517733160870411,0.019300001,17.89155
2017-07-11,BOEING CO,09G725,0.200246,0.30000001,0.5,5,0.75,206.27,0.1514994530849456,0.019200001,17.89155
2017-07-12,BOEING CO,09G725,0.195127,0.30000001,0.5,5,0.75,206.44,0.1510822834343975,0.0188,17.89155
2017-07-13,BOEING CO,09G725,0.192687,0.30000001,0.5,5,0.75,206.23,0.1509338981934342,0.0189,17.89155
2017-07-14,BOEING CO,09G725,0.189377,0.30000001,0.5,5,0.75,208.50999,0.1509313714256681,0.0187,17.89155
2017-07-17,BOEING CO,09G725,0.187429,0.30000001,0.5,5,0.75,209.0,0.1508673725646769,0.0186,17.89155
2017-07-18,BOEING CO,09G725,0.185855,0.30000001,0.5,5,0.75,208.24001,0.1508567196673505,0.018200001,17.89155
2017-07-19,BOEING CO,09G725,0.181838,0.30000001,0.5,5,0.75,210.88,0.1510618334785382,0.018300001,17.89155
2017-07-20,BOEING CO,09G725,0.182734,0.30000001,0.5,5,0.75,210.28,0.1511314430137954,0.018200001,17.89155
2017-07-21,BOEING CO,09G725,0.186522,0.30000001,0.5,5,0.75,212.14,0.1508994615460991,0.018100001,17.89155
2017-07-24,BOEING CO,09G725,0.186428,0.30000001,0.5,5,0.75,212.17999,0.15089076684039,0.018300001,17.89155
2017-07-25,BOEING CO,09G725,0.180822,0.30000001,0.5,5,0.75,212.46001,0.1507732266373585,0.018999999,17.89155
2017-07-26,BOEING CO,09G725,0.177767,0.30000001,0.5,5,0.75,233.45,0.1787369538502726,0.018300001,17.89155
2017-07-27,BOEING CO,09G725,0.17442,0.30000001,0.5,5,0.75,241.0,0.1811368068247269,0.0184,17.89155
2017-07-28,BOEING CO,09G725,0.176911,0.30000001,0.5,5,0.75,241.27,0.17951205175072,0.018300001,17.89155
2017-07-31,BOEING CO,09G725,0.177424,0.30000001,0.5,5,0.75,242.46001,0.1795122529114097,0.0184,18.269854
2017-08-01,BOEING CO,09G725,0.173169,0.30000001,0.5,5,0.75,239.44,0.1800447090852346,0.017999999,18.22925
2017-08-02,BOEING CO,09G725,0.169491,0.30000001,0.5,5,0.75,237.95,0.1796639717653505,0.018200001,18.22925
2017-08-03,BOEING CO,09G725,0.173046,0.30000001,0.5,5,0.75,238.25,0.179668061543405,0.017899999,18.22925
2017-08-04,BOEING CO,09G725,0.173773,0.30000001,0.5,5,0.75,237.71001,0.1795743979078046,0.018200001,18.22925
2017-08-07,BOEING CO,09G725,0.171558,0.30000001,0.5,5,0.75,240.23,0.1797483989882283,0.018100001,18.22925
2017-08-08,BOEING CO,09G725,0.175469,0.30000001,0.5,5,0.75,239.5,0.1798342570415808,0.0184,18.22925
2017-08-09,BOEING CO,09G725,0.183584,0.30000001,0.5,5,0.75,234.31,0.1807626169348907,0.018100001,18.22925
2017-08-10,BOEING CO,09G725,0.188853,0.30000001,0.5,5,0.75,232.88,0.1809381409408026,0.0178,18.22925
2017-08-11,BOEING CO,09G725,0.188662,0.30000001,0.5,5,0.75,234.88,0.1810171939362489,0.0174,18.22925
2017-08-14,BOEING CO,09G725,0.178556,0.30000001,0.5,5,0.75,237.14999,0.1811522954058861,0.0177,18.22925
2017-08-15,BOEING CO,09G725,0.180632,0.30000001,0.5,5,0.75,239.17,0.1810153095347151,0.018300001,18.22925
2017-08-16,BOEING CO,09G725,0.17836,0.30000001,0.5,5,0.75,237.59,0.1812434157179966,0.017899999,18.22925
2017-08-17,BOEING CO,09G725,0.191564,0.30000001,0.5,5,0.75,235.59,0.1815139006449041,0.0176,18.22925
2017-08-18,BOEING CO,09G725,0.196119,0.30000001,0.5,5,0.75,235.77,0.1815212180043259,0.0177,18.22925
2017-08-21,BOEING CO,09G725,0.196694,0.30000001,0.5,5,0.75,235.67999,0.1814245798053477,0.0176,18.22925
2017-08-22,BOEING CO,09G725,0.1987,0.30000001,0.5,5,0.75,239.75,0.1820228876539984,0.017999999,18.22925
2017-08-23,BOEING CO,09G725,0.200403,0.30000001,0.5,5,0.75,238.09,0.1820557886585405,0.0176,18.22925
2017-08-24,BOEING CO,09G725,0.197004,0.30000001,0.5,5,0.75,238.74001,0.1818419537788528,0.0178,18.22925
2017-08-25,BOEING CO,09G725,0.200324,0.30000001,0.5,5,0.75,235.89,0.1823531185858123,0.0177,18.22925
2017-08-28,BOEING CO,09G725,0.199566,0.30000001,0.5,5,0.75,237.17999,0.1821961515374248,0.0174,18.22925
2017-08-29,BOEING CO,09G725,0.20983,0.30000001,0.5,5,0.75,240.49001,0.182536817166512,0.017000001,18.22925
2017-08-30,BOEING CO,09G725,0.207752,0.30000001,0.5,5,0.75,240.46001,0.1816353093508273,0.017200001,18.22925
2017-08-31,BOEING CO,09G725,0.205694,0.30000001,0.5,5,0.75,239.66,0.181265990567364,0.017000001,18.22925
2017-09-01,BOEING CO,09G725,0.198254,0.30000001,0.5,5,0.75,240.33,0.1812639995941058,0.0173,18.22925
2017-09-05,BOEING CO,09G725,0.210915,0.30000001,0.5,5,0.75,237.0,0.1818729040165936,0.0165,18.22925
2017-09-06,BOEING CO,09G725,0.212351,0.30000001,0.5,5,0.75,234.62,0.1819444325776397,0.016899999,18.22925
2017-09-07,BOEING CO,09G725,0.20913,0.30000001,0.5,5,0.75,236.31,0.1819346808054914,0.0163,18.22925
2017-09-08,BOEING CO,09G725,0.212808,0.30000001,0.5,5,0.75,238.78,0.1821073619345958,0.0164,18.22925
2017-09-11,BOEING CO,09G725,0.204924,0.30000001,0.5,5,0.75,240.59,0.1786765274369726,0.017100001,18.22925
2017-09-12,BOEING CO,09G725,0.206292,0.30000001,0.5,5,0.75,240.58,0.1784307829489955,0.0175,18.22925
2017-09-13,BOEING CO,09G725,0.195829,0.30000001,0.5,5,0.75,241.92999,0.17797199746332,0.0178,18.22925
2017-09-14,BOEING CO,09G725,0.196937,0.30000001,0.5,5,0.75,245.23,0.1779533348875264,0.017899999,18.22925
2017-09-15,BOEING CO,09G725,0.19869,0.30000001,0.5,5,0.75,249.0,0.1783852760776248,0.018100001,18.22925
2017-09-18,BOEING CO,09G725,0.194354,0.30000001,0.5,5,0.75,253.08,0.1785406960779081,0.018300001,18.22925
2017-09-19,BOEING CO,09G725,0.18885,0.30000001,0.5,5,0.75,252.46001,0.178592546633154,0.0184,18.22925
2017-09-20,BOEING CO,09G725,0.213478,0.30000001,0.5,5,0.75,255.46001,0.1788165217056937,0.0189,18.22925
2017-09-21,BOEING CO,09G725,0.216358,0.30000001,0.5,5,0.75,256.04001,0.1778233019407269,0.0189,18.22925
2017-09-22,BOEING CO,09G725,0.220887,0.30000001,0.5,5,0.75,256.45001,0.1776811085034135,0.0188,18.22925
2017-09-25,BOEING CO,09G725,0.223084,0.30000001,0.5,5,0.75,254.32001,0.1779972795057078,0.0185,18.22925
2017-09-26,BOEING CO,09G725,0.223249,0.30000001,0.5,5,0.75,253.7,0.1776709493409855,0.0187,18.22925
2017-09-27,BOEING CO,09G725,0.218058,0.30000001,0.5,5,0.75,255.28,0.1776788726963327,0.019099999,18.22925
2017-09-28,BOEING CO,09G725,0.21404,0.30000001,0.5,5,0.75,254.27,0.1777602854695882,0.0189,18.22925
2017-09-29,BOEING CO,09G725,0.214986,0.30000001,0.5,5,0.75,254.21001,0.1773893145552838,0.019200001,18.22925
2017-10-02,BOEING CO,09G725,0.212518,0.30000001,0.5,5,0.75,255.99001,0.1774191477253741,0.019400001,18.22925
2017-10-03,BOEING CO,09G725,0.210461,0.30000001,0.5,5,0.75,255.46001,0.1774747513644982,0.019200001,18.22925
2017-10-04,BOEING CO,09G725,0.212472,0.30000001,0.5,5,0.75,255.75999,0.1774422649424409,0.019200001,18.22925
2017-10-05,BOEING CO,09G725,0.20777,0.30000001,0.5,5,0.75,258.89001,0.1770183250050757,0.019400001,18.22925
2017-10-06,BOEING CO,09G725,0.207412,0.30000001,0.5,5,0.75,258.57999,0.1770048954204111,0.0197,18.22925
2017-10-09,BOEING CO,09G725,0.206288,0.30000001,0.5,5,0.75,258.39001,0.1769008999269048,0.0197,18.22925
2017-10-10,BOEING CO,09G725,0.204164,0.30000001,0.5,5,0.75,260.92999,0.176625582802087,0.0195,18.22925
2017-10-11,BOEING CO,09G725,0.208307,0.30000001,0.5,5,0.75,261.44,0.1756784129617903,0.0195,18.22925
2017-10-12,BOEING CO,09G725,0.213273,0.30000001,0.5,5,0.75,261.91,0.175534501405479,0.0195,18.22925
2017-10-13,BOEING CO,09G725,0.211398,0.30000001,0.5,5,0.75,260.73999,0.1756843172710499,0.019099999,18.22925
2017-10-16,BOEING CO,09G725,0.207358,0.30000001,0.5,5,0.75,259.75,0.1757999066637273,0.0195,18.22925
2017-10-17,BOEING CO,09G725,0.213983,0.30000001,0.5,5,0.75,258.62,0.1759441329420974,0.0197,18.22925
2017-10-18,BOEING CO,09G725,0.212762,0.30000001,0.5,5,0.75,260.04001,0.1758803771191035,0.0199,18.22925
2017-10-19,BOEING CO,09G725,0.215571,0.30000001,0.5,5,0.75,259.04001,0.1759265760420067,0.0198,18.22925
2017-10-20,BOEING CO,09G725,0.208311,0.30000001,0.5,5,0.75,264.75,0.1769018422828245,0.020300001,18.22925
2017-10-23,BOEING CO,09G725,0.205278,0.30000001,0.5,5,0.75,262.32001,0.1772570783305813,0.020099999,18.22925
2017-10-24,BOEING CO,09G725,0.205385,0.30000001,0.5,5,0.75,266.0,0.1772929484037202,0.020500001,18.22925
2017-10-25,BOEING CO,09G725,0.209391,0.30000001,0.5,5,0.75,258.42001,0.1798220419063665,0.0206,18.22925
2017-10-26,BOEING CO,09G725,0.209382,0.30000001,0.5,5,0.75,259.26999,0.174244114228149,0.0207,18.22925
2017-10-27,BOEING CO,09G725,0.207212,0.30000001,0.5,5,0.75,256.45999,0.1738443436207025,0.020300001,18.22925
2017-10-30,BOEING CO,09G725,0.208193,0.30000001,0.5,5,0.75,259.25,0.1739847588519198,0.02,18.22925
2017-10-31,BOEING CO,09G725,0.204342,0.30000001,0.5,5,0.75,257.98001,0.1740200934513334,0.020099999,18.091639
2017-11-01,BOEING CO,09G725,0.198555,0.30000001,0.5,5,0.75,258.5,0.1740004407084353,0.020099999,18.079885
2017-11-02,BOEING CO,09G725,0.20013,0.30000001,0.5,5,0.75,262.63,0.1739305586852596,0.02,18.079885
2017-11-03,BOEING CO,09G725,0.202188,0.30000001,0.5,5,0.75,261.75,0.1738583544560788,0.0199,18.079885
2017-11-06,BOEING CO,09G725,0.199238,0.30000001,0.5,5,0.75,264.07001,0.1738606598756146,0.0199,18.079885
2017-11-07,BOEING CO,09G725,0.199732,0.30000001,0.5,5,0.75,266.13,0.1724883010788586,0.0199,18.079885
2017-11-08,BOEING CO,09G725,0.203489,0.30000001,0.5,5,0.75,265.57001,0.17255215445695,0.020099999,18.079885
2017-11-09,BOEING CO,09G725,0.208901,0.30000001,0.5,5,0.75,262.70001,0.1718210132316163,0.020099999,18.079885
2017-11-10,BOEING CO,09G725,0.212258,0.30000001,0.5,5,0.75,260.85001,0.1713873944768978,0.0206,18.079885
2017-11-13,BOEING CO,09G725,0.208014,0.30000001,0.5,5,0.75,262.42001,0.1713947311697176,0.0208,18.079885
2017-11-14,BOEING CO,09G725,0.214525,0.30000001,0.5,5,0.75,261.76001,0.1713006227882549,0.0206,18.079885
2017-11-15,BOEING CO,09G725,0.22344,0.30000001,0.5,5,0.75,262.85999,0.1706556207391279,0.020400001,18.079885
2017-11-16,BOEING CO,09G725,0.210069,0.30000001,0.5,5,0.75,263.70001,0.1701015922662959,0.0207,18.079885
2017-11-17,BOEING CO,09G725,0.206299,0.30000001,0.5,5,0.75,262.26001,0.1699902856093714,0.0206,18.079885
2017-11-20,BOEING CO,09G725,0.211391,0.30000001,0.5,5,0.75,264.63,0.1700550482118433,0.0209,18.079885
2017-11-21,BOEING CO,09G725,0.194621,0.30000001,0.5,5,0.75,266.98999,0.1701624951052754,0.0211,18.079885
2017-11-22,BOEING CO,09G725,0.198118,0.30000001,0.5,5,0.75,265.14999,0.1697991340644741,0.020500001,18.079885
2017-11-24,BOEING CO,09G725,0.191688,0.30000001,0.5,5,0.75,265.88,0.1697967068135702,0.0207,18.079885
2017-11-27,BOEING CO,09G725,0.193374,0.30000001,0.5,5,0.75,265.57999,0.1698340731914542,0.0206,18.079885
2017-11-28,BOEING CO,09G725,0.192041,0.30000001,0.5,5,0.75,267.98999,0.1699100745844283,0.0207,18.079885
2017-11-29,BOEING CO,09G725,0.192509,0.30000001,0.5,5,0.75,269.29999,0.1696291002326203,0.0209,18.079885
2017-11-30,BOEING CO,09G725,0.192045,0.30000001,0.5,5,0.75,276.79999,0.1712452212582381,0.021400001,18.079885
2017-12-01,BOEING CO,09G725,0.197461,0.30000001,0.5,5,0.75,271.38,0.1724018768774134,0.021299999,18.079885
2017-12-04,BOEING CO,09G725,0.192363,0.30000001,0.5,5,0.75,277.97,0.1737418924753109,0.021500001,18.079885
2017-12-05,BOEING CO,09G725,0.191062,0.30000001,0.5,5,0.75,275.54001,0.1740821987401874,0.021500001,18.079885
2017-12-06,BOEING CO,09G725,0.188711,0.30000001,0.5,5,0.75,278.26999,0.1742264304004108,0.0211,18.079885
2017-12-07,BOEING CO,09G725,0.186447,0.30000001,0.5,5,0.75,281.97,0.1742732111763609,0.021400001,18.079885
2017-12-08,BOEING CO,09G725,0.185778,0.30000001,0.5,5,0.75,285.89999,0.1745551994993584,0.021400001,18.079885
2017-12-11,BOEING CO,09G725,0.182057,0.30000001,0.5,5,0.75,283.16,0.1749201823480119,0.021600001,18.079885
2017-12-12,BOEING CO,09G725,0.180233,0.30000001,0.5,5,0.75,289.94,0.176217314941056,0.0218,18.079885
2017-12-13,BOEING CO,09G725,0.179521,0.30000001,0.5,5,0.75,291.84,0.1761658140966051,0.021199999,18.079885
2017-12-14,BOEING CO,09G725,0.179857,0.30000001,0.5,5,0.75,293.88,0.1754276663385903,0.021400001,18.079885
2017-12-15,BOEING CO,09G725,0.176921,0.30000001,0.5,5,0.75,293.94,0.1752958544588003,0.021600001,18.079885
2017-12-18,BOEING CO,09G725,0.165113,0.30000001,0.5,5,0.75,296.14001,0.1753481375185252,0.0217,18.079885
2017-12-19,BOEING CO,09G725,0.174229,0.30000001,0.5,5,0.75,297.25,0.1751605455796272,0.022299999,18.079885
2017-12-20,BOEING CO,09G725,0.171458,0.30000001,0.5,5,0.75,297.89999,0.1751560938639521,0.022399999,18.079885
2017-12-21,BOEING CO,09G725,0.170845,0.30000001,0.5,5,0.75,295.03,0.1755392324862793,0.022600001,18.079885
2017-12-22,BOEING CO,09G725,0.17356,0.30000001,0.5,5,0.75,295.10001,0.1755342563216699,0.022600001,18.079885
2017-12-26,BOEING CO,09G725,0.173112,0.30000001,0.5,5,0.75,295.35999,0.1755429213556384,0.022500001,18.079885
2017-12-27,BOEING CO,09G725,0.173697,0.30000001,0.5,5,0.75,295.62,0.1754879884243155,0.0222,18.079885
2017-12-28,BOEING CO,09G725,0.167718,0.30000001,0.5,5,0.75,296.35001,0.1751136731617395,0.022299999,18.079885
2017-12-29,BOEING CO,09G725,0.167204,0.30000001,0.5,5,0.75,294.91,0.1751972981702165,0.022,18.079885
2018-01-02,BOEING CO,09G725,0.173174,0.30000001,0.5,5,0.75,296.84,0.1752169186162585,0.022500001,18.079885
2018-01-03,BOEING CO,09G725,0.164673,0.30000001,0.5,5,0.75,297.79999,0.1751285591947552,0.022500001,18.079885
2018-01-04,BOEING CO,09G725,0.162422,0.30000001,0.5,5,0.75,296.67001,0.1750734552262284,0.022700001,18.079885
2018-01-05,BOEING CO,09G725,0.160019,0.30000001,0.5,5,0.75,308.84,0.1792100424097788,0.0229,18.079885
2018-01-08,BOEING CO,09G725,0.154105,0.30000001,0.5,5,0.75,310.14999,0.1792152106709091,0.0229,18.079885
2018-01-09,BOEING CO,09G725,0.153203,0.30000001,0.5,5,0.75,318.42999,0.180625797571404,0.0233,18.079885
2018-01-10,BOEING CO,09G725,0.155192,0.30000001,0.5,5,0.75,320.26001,0.1806382561055783,0.0232,18.079885
2018-01-11,BOEING CO,09G725,0.159636,0.30000001,0.5,5,0.75,328.12,0.181919189304863,0.0232,18.079885
2018-01-12,BOEING CO,09G725,0.158897,0.30000001,0.5,5,0.75,336.20999,0.1829167940394883,0.023499999,18.079885
2018-01-16,BOEING CO,09G725,0.167594,0.30000001,0.5,5,0.75,335.16,0.1830253375444334,0.023600001,18.079885
2018-01-17,BOEING CO,09G725,0.169232,0.30000001,0.5,5,0.75,351.01001,0.187969296187335,0.0239,18.079885
2018-01-18,BOEING CO,09G725,0.174553,0.30000001,0.5,5,0.75,340.16,0.1910686585826009,0.0243,18.079885
2018-01-19,BOEING CO,09G725,0.174754,0.30000001,0.5,5,0.75,337.73001,0.1913470866184433,0.024499999,18.079885
2018-01-22,BOEING CO,09G725,0.172476,0.30000001,0.5,5,0.75,338.0,0.1913619516283183,0.024599999,18.079885
2018-01-23,BOEING CO,09G725,0.172554,0.30000001,0.5,5,0.75,335.59,0.1911450337629762,0.0243,18.079885
2018-01-24,BOEING CO,09G725,0.170015,0.30000001,0.5,5,0.75,334.69,0.1907160693786828,0.0243,18.079885
2018-01-25,BOEING CO,09G725,0.166355,0.30000001,0.5,5,0.75,343.10999,0.1878992570035475,0.0241,18.079885
2018-01-26,BOEING CO,09G725,0.164574,0.30000001,0.5,5,0.75,343.22,0.1877677384560907,0.024700001,18.079885
2018-01-29,BOEING CO,09G725,0.164249,0.30000001,0.5,5,0.75,340.82001,0.1876892032141769,0.024900001,18.079885
2018-01-30,BOEING CO,09G725,0.170659,0.30000001,0.5,5,0.75,337.70999,0.1874250203567906,0.0251,18.079885
2018-01-31,BOEING CO,09G725,0.167278,0.30000001,0.5,5,0.75,354.37,0.192377287671923,0.0252,18.079885
2018-02-01,BOEING CO,09G725,0.17182,0.30000001,0.5,5,0.75,356.94,0.1924181923567951,0.025599999,18.079885
2018-02-02,BOEING CO,09G725,0.176773,0.30000001,0.5,5,0.75,348.91,0.1936598664927062,0.025800001,18.079885
2018-02-05,BOEING CO,09G725,0.197392,0.30000001,0.5,5,0.75,328.88,0.2029264167929269,0.025,18.079885
2018-02-06,BOEING CO,09G725,0.215654,0.30000001,0.5,5,0.75,340.91,0.2055753893642072,0.0252,18.079885
2018-02-07,BOEING CO,09G725,0.203651,0.30000001,0.5,5,0.75,348.12,0.2059995176214092,0.025699999,18.079885
2018-02-08,BOEING CO,09G725,0.232538,0.30000001,0.5,5,0.75,329.66,0.2120188989830704,0.025699999,18.079885
2018-02-09,BOEING CO,09G725,0.256866,0.30000001,0.5,5,0.75,332.82999,0.2121224549745652,0.0252,18.079885
2018-02-12,BOEING CO,09G725,0.235318,0.30000001,0.5,5,0.75,343.79999,0.2140444449964813,0.025599999,18.079885
2018-02-13,BOEING CO,09G725,0.244828,0.30000001,0.5,5,0.75,343.16,0.2139589936582032,0.0254,18.079885
2018-02-14,BOEING CO,09G725,0.23812,0.30000001,0.5,5,0.75,344.85001,0.2139671192291479,0.0265,18.079885
2018-02-15,BOEING CO,09G725,0.218579,0.30000001,0.5,5,0.75,356.45999,0.2161396927364905,0.0265,18.079885
2018-02-16,BOEING CO,09G725,0.210529,0.30000001,0.5,5,0.75,355.04001,0.2161791774654062,0.0263,18.079885
2018-02-20,BOEING CO,09G725,0.21591,0.30000001,0.5,5,0.75,353.35001,0.2161707135635235,0.0265,18.079885
2018-02-21,BOEING CO,09G725,0.218425,0.30000001,0.5,5,0.75,352.37,0.2158235667271665,0.026900001,18.079885
2018-02-22,BOEING CO,09G725,0.232395,0.30000001,0.5,5,0.75,355.92001,0.2159008215794327,0.0266,18.079885
2018-02-23,BOEING CO,09G725,0.232191,0.30000001,0.5,5,0.75,356.66,0.2158303443755172,0.0262,18.079885
2018-02-26,BOEING CO,09G725,0.223147,0.30000001,0.5,5,0.75,363.48001,0.2164316715031498,0.026000001,18.079885
2018-02-27,BOEING CO,09G725,0.228783,0.30000001,0.5,5,0.75,364.64001,0.2162752994441085,0.026699999,18.079885
2018-02-28,BOEING CO,09G725,0.220983,0.30000001,0.5,5,0.75,362.20999,0.2164870795005273,0.0265,18.297678
2018-03-01,BOEING CO,09G725,0.235132,0.30000001,0.5,5,0.75,349.69,0.2190051332187975,0.025800001,18.89072
2018-03-02,BOEING CO,09G725,0.236845,0.30000001,0.5,5,0.75,344.67001,0.2195390430091814,0.0263,18.89072
2018-03-05,BOEING CO,09G725,0.236409,0.30000001,0.5,5,0.75,352.75,0.220396065092159,0.0265,18.89072
2018-03-06,BOEING CO,09G725,0.229583,0.30000001,0.5,5,0.75,348.92001,0.2206109674661097,0.0265,18.89072
2018-03-07,BOEING CO,09G725,0.240925,0.30000001,0.5,5,0.75,347.04001,0.2207390813382334,0.0265,18.89072
2018-03-08,BOEING CO,09G725,0.245398,0.30000001,0.5,5,0.75,348.73001,0.2207072984480596,0.0263,18.89072
2018-03-09,BOEING CO,09G725,0.236902,0.30000001,0.5,5,0.75,354.51999,0.2209434987078779,0.0265,18.89072
2018-03-12,BOEING CO,09G725,0.231197,0.30000001,0.5,5,0.75,344.19,0.2228672161470255,0.0264,18.89072
2018-03-13,BOEING CO,09G725,0.234739,0.30000001,0.5,5,0.75,338.67001,0.2236622951172243,0.0262,18.89072
2018-03-14,BOEING CO,09G725,0.234638,0.30000001,0.5,5,0.75,330.26001,0.2253135041850742,0.0261,18.89072
2018-03-15,BOEING CO,09G725,0.240424,0.30000001,0.5,5,0.75,329.98001,0.2253243918963609,0.0262,18.89072
2018-03-16,BOEING CO,09G725,0.238504,0.30000001,0.5,5,0.75,330.47,0.2252595598153313,0.0265,18.89072
2018-03-19,BOEING CO,09G725,0.245538,0.30000001,0.5,5,0.75,331.76001,0.2251163063059859,0.0265,18.89072
2018-03-20,BOEING CO,09G725,0.270362,0.30000001,0.5,5,0.75,337.63,0.2255217466534054,0.026900001,18.89072
2018-03-21,BOEING CO,09G725,0.267825,0.30000001,0.5,5,0.75,337.10001,0.2245001532415024,0.026900001,18.89072
2018-03-22,BOEING CO,09G725,0.288477,0.30000001,0.5,5,0.75,319.60999,0.2310404027323695,0.0263,18.89072
2018-03-23,BOEING CO,09G725,0.305655,0.30000001,0.5,5,0.75,321.0,0.2310453228909747,0.0261,18.89072
2018-03-26,BOEING CO,09G725,0.295074,0.30000001,0.5,5,0.75,328.97,0.2318635407542281,0.0264,18.89072
2018-03-27,BOEING CO,09G725,0.303469,0.30000001,0.5,5,0.75,321.12,0.2333792213747873,0.025800001,18.89072
2018-03-28,BOEING CO,09G725,0.295682,0.30000001,0.5,5,0.75,320.01999,0.233411130253933,0.025900001,18.89072
2018-03-29,BOEING CO,09G725,0.295881,0.30000001,0.5,5,0.75,327.88,0.2344426314940978,0.025599999,18.931446
2018-04-02,BOEING CO,09G725,0.304581,0.30000001,0.5,5,0.75,322.44,0.2352316911525283,0.0255,18.931446
2018-04-03,BOEING CO,09G725,0.298269,0.30000001,0.5,5,0.75,330.82001,0.2362226231793366,0.026000001,18.931446
2018-04-04,BOEING CO,09G725,0.332586,0.30000001,0.5,5,0.75,327.44,0.2365456553498125,0.0261,18.931446
2018-04-05,BOEING CO,09G725,0.315255,0.30000001,0.5,5,0.75,336.39999,0.2376630205734661,0.0264,18.931446
2018-04-06,BOEING CO,09G725,0.319043,0.30000001,0.5,5,0.75,326.12,0.2397007808823614,0.025800001,18.931446
2018-04-09,BOEING CO,09G725,0.308838,0.30000001,0.5,5,0.75,322.48001,0.2400972703601898,0.026000001,18.931446
2018-04-10,BOEING CO,09G725,0.302872,0.30000001,0.5,5,0.75,334.82999,0.2426688903297854,0.0262,18.931446
2018-04-11,BOEING CO,09G725,0.303297,0.30000001,0.5,5,0.75,327.35999,0.2437587373634229,0.0262,18.931446
2018-04-12,BOEING CO,09G725,0.297173,0.30000001,0.5,5,0.75,337.48001,0.2453717535778003,0.026699999,18.931446
2018-04-13,BOEING CO,09G725,0.288966,0.30000001,0.5,5,0.75,329.28,0.2462877996159971,0.026699999,18.931446
2018-04-16,BOEING CO,09G725,0.283823,0.30000001,0.5,5,0.75,331.76999,0.246280907100175,0.026900001,18.931446
2018-04-17,BOEING CO,09G725,0.278856,0.30000001,0.5,5,0.75,336.72,0.2460177811773854,0.026799999,18.931446
2018-04-18,BOEING CO,09G725,0.280623,0.30000001,0.5,5,0.75,341.0,0.24604271765924,0.0273,18.931446
2018-04-19,BOEING CO,09G725,0.283577,0.30000001,0.5,5,0.75,340.64001,0.2460731507734596,0.0277,18.931446
2018-04-20,BOEING CO,09G725,0.284079,0.30000001,0.5,5,0.75,338.67001,0.2462122827008602,0.028000001,18.931446
2018-04-23,BOEING CO,09G725,0.287774,0.30000001,0.5,5,0.75,338.84,0.246200356574214,0.0283,18.931446
2018-04-24,BOEING CO,09G725,0.296201,0.30000001,0.5,5,0.75,329.06,0.2481291297239142,0.0283,18.931446
2018-04-25,BOEING CO,09G725,0.294599,0.30000001,0.5,5,0.75,342.85999,0.2511735793089511,0.0284,18.931446
2018-04-26,BOEING CO,09G725,0.292211,0.30000001,0.5,5,0.75,342.79001,0.2508777199112493,0.028200001,18.931446
2018-04-27,BOEING CO,09G725,0.293895,0.30000001,0.5,5,0.75,340.88,0.2509529283829397,0.028000001,18.931446
2018-04-30,BOEING CO,09G725,0.295927,0.30000001,0.5,5,0.75,333.56,0.252038535338138,0.027899999,19.082325
2018-05-01,BOEING CO,09G725,0.300291,0.30000001,0.5,5,0.75,329.54001,0.2519707607053375,0.028200001,21.373852
2018-05-02,BOEING CO,09G725,0.30492,0.30000001,0.5,5,0.75,324.19,0.2526512695591082,0.028000001,21.373852
2018-05-03,BOEING CO,09G725,0.31424,0.30000001,0.5,5,0.75,330.69,0.2532444862448863,0.027799999,21.373852
2018-05-04,BOEING CO,09G725,0.312072,0.30000001,0.5,5,0.75,334.42999,0.2533576838306488,0.027799999,21.373852
2018-05-07,BOEING CO,09G725,0.3079,0.30000001,0.5,5,0.75,340.42999,0.2536947950269413,0.027799999,21.373852
2018-05-08,BOEING CO,09G725,0.305778,0.30000001,0.5,5,0.75,338.37,0.2538280083174924,0.028100001,21.373852
2018-05-09,BOEING CO,09G725,0.299862,0.30000001,0.5,5,0.75,344.5,0.2542919128595256,0.0284,21.373852
2018-05-10,BOEING CO,09G725,0.293059,0.30000001,0.5,5,0.75,344.07001,0.2538477818806386,0.0283,21.373852
2018-05-11,BOEING CO,09G725,0.28622,0.30000001,0.5,5,0.75,342.45999,0.2539515622640073,0.0284,21.373852
2018-05-14,BOEING CO,09G725,0.285261,0.30000001,0.5,5,0.75,344.59,0.2538939594033019,0.0285,21.373852
2018-05-15,BOEING CO,09G725,0.289436,0.30000001,0.5,5,0.75,342.12,0.2539795756798156,0.029200001,21.373852
2018-05-16,BOEING CO,09G725,0.295382,0.30000001,0.5,5,0.75,340.97,0.2540506126507155,0.0294,21.373852
2018-05-17,BOEING CO,09G725,0.29664,0.30000001,0.5,5,0.75,344.14001,0.2529762844870084,0.0294,21.373852
2018-05-18,BOEING CO,09G725,0.299897,0.30000001,0.5,5,0.75,351.23001,0.2533772657360258,0.028999999,21.373852
2018-05-21,BOEING CO,09G725,0.297801,0.30000001,0.5,5,0.75,363.92001,0.2550429386852172,0.028999999,21.373852
2018-05-22,BOEING CO,09G725,0.295246,0.30000001,0.5,5,0.75,355.01999,0.2561731103419658,0.028999999,21.373852
2018-05-23,BOEING CO,09G725,0.298086,0.30000001,0.5,5,0.75,359.20999,0.2563007826345649,0.0283,21.373852
2018-05-24,BOEING CO,09G725,0.301524,0.30000001,0.5,5,0.75,359.0,0.2562350994585024,0.028200001,21.373852
2018-05-25,BOEING CO,09G725,0.305611,0.30000001,0.5,5,0.75,360.09,0.2561388168289397,0.0276,21.373852
2018-05-29,BOEING CO,09G725,0.327237,0.30000001,0.5,5,0.75,352.48001,0.2572028302571464,0.025800001,21.373852
2018-05-30,BOEING CO,09G725,0.314676,0.30000001,0.5,5,0.75,358.19,0.2575510596852849,0.026699999,21.373852
2018-05-31,BOEING CO,09G725,0.317522,0.30000001,0.5,5,0.75,352.16,0.2582960544415137,0.026799999,21.373852
2018-06-01,BOEING CO,09G725,0.31148,0.30000001,0.5,5,0.75,356.72,0.2584604941879706,0.0274,21.373852
2018-06-04,BOEING CO,09G725,0.304451,0.30000001,0.5,5,0.75,360.73001,0.2582820086271452,0.027799999,21.373852
2018-06-05,BOEING CO,09G725,0.308076,0.30000001,0.5,5,0.75,360.10001,0.2581471645447713,0.0276,21.373852
2018-06-06,BOEING CO,09G725,0.306906,0.30000001,0.5,5,0.75,371.56,0.2593655632204984,0.028100001,21.373852
2018-06-07,BOEING CO,09G725,0.317873,0.30000001,0.5,5,0.75,368.53,0.2595671536296595,0.0277,21.373852
2018-06-08,BOEING CO,09G725,0.322533,0.30000001,0.5,5,0.75,369.5,0.2594759481341606,0.0277,21.373852
2018-06-11,BOEING CO,09G725,0.318269,0.30000001,0.5,5,0.75,370.94,0.2594675077648442,0.028000001,21.373852
2018-06-12,BOEING CO,09G725,0.314913,0.30000001,0.5,5,0.75,370.62,0.2594771189027669,0.028100001,21.373852
2018-06-13,BOEING CO,09G725,0.316724,0.30000001,0.5,5,0.75,363.85001,0.2603206499049037,0.0285,21.373852
2018-06-14,BOEING CO,09G725,0.312061,0.30000001,0.5,5,0.75,362.42001,0.2603760647876198,0.028100001,21.373852
2018-06-15,BOEING CO,09G725,0.31333,0.30000001,0.5,5,0.75,357.88,0.2604814390905134,0.028100001,21.373852
2018-06-18,BOEING CO,09G725,0.309927,0.30000001,0.5,5,0.75,354.73999,0.2607189095048786,0.028000001,21.373852
2018-06-19,BOEING CO,09G725,0.326368,0.30000001,0.5,5,0.75,341.12,0.2636852397231553,0.0277,21.373852
2018-06-20,BOEING CO,09G725,0.33141,0.30000001,0.5,5,0.75,342.69,0.2636231334163568,0.028000001,21.373852
2018-06-21,BOEING CO,09G725,0.339953,0.30000001,0.5,5,0.75,337.66,0.2641689500272476,0.0277,21.373852
2018-06-22,BOEING CO,09G725,0.334706,0.30000001,0.5,5,0.75,338.91,0.2641707952665769,0.0277,21.373852
2018-06-25,BOEING CO,09G725,0.345661,0.30000001,0.5,5,0.75,331.20001,0.2650957791894082,0.0275,21.373852
2018-06-26,BOEING CO,09G725,0.351152,0.30000001,0.5,5,0.75,331.29999,0.2647669700615807,0.0275,21.373852
2018-06-27,BOEING CO,09G725,0.362168,0.30000001,0.5,5,0.75,329.82001,0.2647409991311354,0.027100001,21.373852
2018-06-28,BOEING CO,09G725,0.362454,0.30000001,0.5,5,0.75,334.64999,0.2650275773892846,0.0273,21.373852
2018-06-29,BOEING CO,09G725,0.352919,0.30000001,0.5,5,0.75,335.51001,0.2647023398474911,0.0273,21.373852
2018-07-02,BOEING CO,09G725,0.36941,0.30000001,0.5,5,0.75,336.07999,0.2647018272092758,0.0275,21.373852
2018-07-03,BOEING CO,09G725,0.362899,0.30000001,0.5,5,0.75,332.92999,0.2649542650236735,0.0272,21.373852
2018-07-05,BOEING CO,09G725,0.357467,0.30000001,0.5,5,0.75,333.17999,0.2645881066224023,0.0274,21.373852
2018-07-06,BOEING CO,09G725,0.345358,0.30000001,0.5,5,0.75,334.64001,0.264568560747748,0.027100001,21.373852
2018-07-09,BOEING CO,09G725,0.334767,0.30000001,0.5,5,0.75,341.92001,0.2652768319051504,0.0275,21.373852
2018-07-10,BOEING CO,09G725,0.327053,0.30000001,0.5,5,0.75,347.16,0.2655370528174218,0.0277,21.373852
2018-07-11,BOEING CO,09G725,0.332872,0.30000001,0.5,5,0.75,340.60001,0.2662307083175715,0.0274,21.373852
2018-07-12,BOEING CO,09G725,0.325418,0.30000001,0.5,5,0.75,346.03,0.266578946928506,0.0275,21.373852
2018-07-13,BOEING CO,09G725,0.318173,0.30000001,0.5,5,0.75,350.79001,0.2668038716099245,0.0273,21.373852
2018-07-16,BOEING CO,09G725,0.310532,0.30000001,0.5,5,0.75,356.10001,0.2669672399242801,0.0275,21.373852
2018-07-17,BOEING CO,09G725,0.307879,0.30000001,0.5,5,0.75,356.88,0.2669673065936273,0.0276,21.373852
2018-07-18,BOEING CO,09G725,0.308888,0.30000001,0.5,5,0.75,360.23001,0.266991275164769,0.0277,21.373852
2018-07-19,BOEING CO,09G725,0.307813,0.30000001,0.5,5,0.75,355.32999,0.2672702659573832,0.0274,21.373852
2018-07-20,BOEING CO,09G725,0.305881,0.30000001,0.5,5,0.75,354.89999,0.2672442801599509,0.0277,21.373852
2018-07-23,BOEING CO,09G725,0.303874,0.30000001,0.5,5,0.75,353.26999,0.2672523325973618,0.0283,21.373852
2018-07-24,BOEING CO,09G725,0.291474,0.30000001,0.5,5,0.75,358.26999,0.2675077448581814,0.0283,21.373852
2018-07-25,BOEING CO,09G725,0.290731,0.30000001,0.5,5,0.75,355.92001,0.267653866141061,0.028200001,21.373852
2018-07-26,BOEING CO,09G725,0.28117,0.30000001,0.5,5,0.75,359.32001,0.2496075565403413,0.0286,21.373852
2018-07-27,BOEING CO,09G725,0.274171,0.30000001,0.5,5,0.75,360.64999,0.2477375422043621,0.0284,21.373852
2018-07-30,BOEING CO,09G725,0.283521,0.30000001,0.5,5,0.75,351.06,0.2493623325975163,0.0285,21.373852
2018-07-31,BOEING CO,09G725,0.272042,0.30000001,0.5,5,0.75,356.29999,0.2496909581498301,0.0285,21.674198
2018-08-01,BOEING CO,09G725,0.273885,0.30000001,0.5,5,0.75,352.76001,0.2495613620325614,0.0287,21.092831
2018-08-02,BOEING CO,09G725,0.273881,0.30000001,0.5,5,0.75,349.73001,0.2496495627971983,0.0285,21.092831
2018-08-03,BOEING CO,09G725,0.279172,0.30000001,0.5,5,0.75,348.44,0.2497084898135956,0.028200001,21.092831
2018-08-06,BOEING CO,09G725,0.274893,0.30000001,0.5,5,0.75,346.57001,0.2497780745192619,0.028000001,21.092831
2018-08-07,BOEING CO,09G725,0.275884,0.30000001,0.5,5,0.75,350.76001,0.2498345694199192,0.0284,21.092831
2018-08-08,BOEING CO,09G725,0.274025,0.30000001,0.5,5,0.75,347.78,0.2499992116945198,0.0283,21.092831
2018-08-09,BOEING CO,09G725,0.277544,0.30000001,0.5,5,0.75,343.72,0.249532831381078,0.028000001,21.092831
2018-08-10,BOEING CO,09G725,0.292905,0.30000001,0.5,5,0.75,339.41,0.2498197531583886,0.0275,21.092831
2018-08-13,BOEING CO,09G725,0.304296,0.30000001,0.5,5,0.75,338.35999,0.249769397675572,0.0275,21.092831
2018-08-14,BOEING CO,09G725,0.303314,0.30000001,0.5,5,0.75,339.14001,0.2496403012086712,0.0277,21.092831
2018-08-15,BOEING CO,09G725,0.322646,0.30000001,0.5,5,0.75,331.76001,0.2506361761665291,0.0273,21.092831
2018-08-16,BOEING CO,09G725,0.316413,0.30000001,0.5,5,0.75,345.98001,0.2538877243873149,0.0275,21.092831
2018-08-17,BOEING CO,09G725,0.317718,0.30000001,0.5,5,0.75,346.39999,0.2536855747292475,0.0275,21.092831
2018-08-20,BOEING CO,09G725,0.319839,0.30000001,0.5,5,0.75,350.73999,0.2539123050561499,0.027000001,21.092831
2018-08-21,BOEING CO,09G725,0.31022,0.30000001,0.5,5,0.75,353.76999,0.2539949516755709,0.0273,21.092831
2018-08-22,BOEING CO,09G725,0.303324,0.30000001,0.5,5,0.75,350.03,0.253820516250313,0.027000001,21.092831
2018-08-23,BOEING CO,09G725,0.306046,0.30000001,0.5,5,0.75,347.48001,0.2538341536047727,0.0272,21.092831
2018-08-24,BOEING CO,09G725,0.306832,0.30000001,0.5,5,0.75,349.38,0.2538596919366763,0.0272,21.092831
2018-08-27,BOEING CO,09G725,0.298233,0.30000001,0.5,5,0.75,353.73999,0.2537152300465601,0.0274,21.092831
2018-08-28,BOEING CO,09G725,0.301024,0.30000001,0.5,5,0.75,351.20999,0.2538470160736168,0.0277,21.092831
2018-08-29,BOEING CO,09G725,0.299327,0.30000001,0.5,5,0.75,350.19,0.2535935198918052,0.027799999,21.092831
2018-08-30,BOEING CO,09G725,0.305615,0.30000001,0.5,5,0.75,346.89999,0.253830553831378,0.0275,21.092831
2018-08-31,BOEING CO,09G725,0.311644,0.30000001,0.5,5,0.75,342.79001,0.2541426266913012,0.0274,21.092831
2018-09-04,BOEING CO,09G725,0.310198,0.30000001,0.5,5,0.75,346.25,0.254280169334011,0.027799999,21.092831
2018-09-05,BOEING CO,09G725,0.308202,0.30000001,0.5,5,0.75,346.67999,0.2538035258516012,0.0277,21.092831
2018-09-06,BOEING CO,09G725,0.303149,0.30000001,0.5,5,0.75,351.26999,0.2537874813561969,0.0276,21.092831
2018-09-07,BOEING CO,09G725,0.303195,0.30000001,0.5,5,0.75,349.28,0.2538397665187179,0.028200001,21.092831
2018-09-10,BOEING CO,09G725,0.297401,0.30000001,0.5,5,0.75,341.85999,0.254729253582503,0.0283,21.092831
2018-09-11,BOEING CO,09G725,0.29746,0.30000001,0.5,5,0.75,345.25,0.2547937941534963,0.0287,21.092831
2018-09-12,BOEING CO,09G725,0.293482,0.30000001,0.5,5,0.75,353.41,0.2557329953706691,0.0287,21.092831
2018-09-13,BOEING CO,09G725,0.290536,0.30000001,0.5,5,0.75,355.45999,0.2557354705016869,0.0287,21.092831
2018-09-14,BOEING CO,09G725,0.28763,0.30000001,0.5,5,0.75,359.79999,0.2556713353083778,0.028999999,21.092831
2018-09-17,BOEING CO,09G725,0.292382,0.30000001,0.5,5,0.75,355.95999,0.2556035415924807,0.028899999,21.092831
2018-09-18,BOEING CO,09G725,0.290805,0.30000001,0.5,5,0.75,363.57999,0.2559415055452325,0.0294,21.092831
2018-09-19,BOEING CO,09G725,0.293645,0.30000001,0.5,5,0.75,365.22,0.2559241125846788,0.0296,21.092831
2018-09-20,BOEING CO,09G725,0.320813,0.30000001,0.5,5,0.75,367.45999,0.2557577291806296,0.0296,21.092831
2018-09-21,BOEING CO,09G725,0.327866,0.30000001,0.5,5,0.75,372.23001,0.2560068026284121,0.0295,21.092831
2018-09-24,BOEING CO,09G725,0.338052,0.30000001,0.5,5,0.75,367.98999,0.2563422273496614,0.0296,21.092831
2018-09-25,BOEING CO,09G725,0.339615,0.30000001,0.5,5,0.75,367.23001,0.2561755654110548,0.029899999,21.092831
2018-09-26,BOEING CO,09G725,0.333401,0.30000001,0.5,5,0.75,365.03,0.2562581695845095,0.0296,21.092831
2018-09-27,BOEING CO,09G725,0.334632,0.30000001,0.5,5,0.75,367.39001,0.2562619761381776,0.0296,21.092831
2018-09-28,BOEING CO,09G725,0.33628,0.30000001,0.5,5,0.75,371.89999,0.2564183682897332,0.0294,21.092831
2018-10-01,BOEING CO,09G725,0.327762,0.30000001,0.5,5,0.75,382.29001,0.2577447280043071,0.0296,21.092831
2018-10-02,BOEING CO,09G725,0.335582,0.30000001,0.5,5,0.75,386.37,0.2578436440516172,0.0294,21.092831
2018-10-03,BOEING CO,09G725,0.328809,0.30000001,0.5,5,0.75,392.29999,0.2581652650622912,0.030200001,21.092831
2018-10-04,BOEING CO,09G725,0.337732,0.30000001,0.5,5,0.75,389.98999,0.2582829135486386,0.0305,21.092831
2018-10-05,BOEING CO,09G725,0.337759,0.30000001,0.5,5,0.75,386.47,0.2583028489028404,0.0307,21.092831
2018-10-08,BOEING CO,09G725,0.338593,0.30000001,0.5,5,0.75,385.76999,0.2583112540278698,0.0307,21.092831
2018-10-09,BOEING CO,09G725,0.347936,0.30000001,0.5,5,0.75,385.44,0.2583128761660893,0.0305,21.092831
2018-10-10,BOEING CO,09G725,0.359322,0.30000001,0.5,5,0.75,367.47,0.2626859402775806,0.0305,21.092831
2018-10-11,BOEING CO,09G725,0.36352,0.30000001,0.5,5,0.75,358.10999,0.2640764536281101,0.029999999,21.092831
2018-10-12,BOEING CO,09G725,0.356214,0.30000001,0.5,5,0.75,360.10999,0.264108016402666,0.029999999,21.092831
2018-10-15,BOEING CO,09G725,0.361619,0.30000001,0.5,5,0.75,358.88,0.2640871466184285,0.030099999,21.092831
2018-10-16,BOEING CO,09G725,0.352945,0.30000001,0.5,5,0.75,368.25,0.2651760034123382,0.030200001,21.092831
2018-10-17,BOEING CO,09G725,0.355661,0.30000001,0.5,5,0.75,365.5,0.2652657453509326,0.030400001,21.092831
2018-10-18,BOEING CO,09G725,0.360115,0.30000001,0.5,5,0.75,359.35001,0.2658756822289968,0.030300001,21.092831
2018-10-19,BOEING CO,09G725,0.36366,0.30000001,0.5,5,0.75,356.26001,0.2660153252150087,0.0305,21.092831
2018-10-22,BOEING CO,09G725,0.359708,0.30000001,0.5,5,0.75,355.98001,0.2652210731700924,0.0305,21.092831
2018-10-23,BOEING CO,09G725,0.361027,0.30000001,0.5,5,0.75,350.04999,0.2656277714350616,0.030099999,21.092831
2018-10-24,BOEING CO,09G725,0.359789,0.30000001,0.5,5,0.75,354.64999,0.2655849158599328,0.0294,21.092831
2018-10-25,BOEING CO,09G725,0.357713,0.30000001,0.5,5,0.75,363.76999,0.2649988117504499,0.0298,21.092831
2018-10-26,BOEING CO,09G725,0.363656,0.30000001,0.5,5,0.75,359.26999,0.2653605332162256,0.029100001,21.092831
2018-10-29,BOEING CO,09G725,0.359689,0.30000001,0.5,5,0.75,335.59,0.2735295254970007,0.029100001,21.092831
2018-10-30,BOEING CO,09G725,0.360829,0.30000001,0.5,5,0.75,349.91,0.2764759017853117,0.0294,21.092831
2018-10-31,BOEING CO,09G725,0.359653,0.30000001,0.5,5,0.75,354.85999,0.2766942556344481,0.0298,21.338827
2018-11-01,BOEING CO,09G725,0.359364,0.30000001,0.5,5,0.75,363.07001,0.2775372294125296,0.0296,20.912685
2018-11-02,BOEING CO,09G725,0.350512,0.30000001,0.5,5,0.75,357.75,0.2776323237141718,0.030400001,20.912685
2018-11-05,BOEING CO,09G725,0.348464,0.30000001,0.5,5,0.75,361.98001,0.2777826918716781,0.030300001,20.912685
2018-11-06,BOEING CO,09G725,0.347343,0.30000001,0.5,5,0.75,366.47,0.2778979051813753,0.0305,20.912685
2018-11-07,BOEING CO,09G725,0.329778,0.30000001,0.5,5,0.75,372.01999,0.2781596852699387,0.0307,20.912685
2018-11-08,BOEING CO,09G725,0.3302810000000001,0.30000001,0.5,5,0.75,370.76999,0.2781358364025436,0.0309,20.912685
2018-11-09,BOEING CO,09G725,0.341573,0.30000001,0.5,5,0.75,369.34,0.2781006489208271,0.0305,20.912685
2018-11-12,BOEING CO,09G725,0.341524,0.30000001,0.5,5,0.75,357.03,0.2801569108684707,0.0305,20.912685
2018-11-13,BOEING CO,09G725,0.361321,0.30000001,0.5,5,0.75,349.51001,0.2810248909328698,0.029899999,20.912685
2018-11-14,BOEING CO,09G725,0.368268,0.30000001,0.5,5,0.75,344.72,0.281404015631169,0.0295,20.912685
2018-11-15,BOEING CO,09G725,0.379782,0.30000001,0.5,5,0.75,341.57001,0.2815836983835094,0.0294,20.912685
2018-11-16,BOEING CO,09G725,0.388441,0.30000001,0.5,5,0.75,335.95001,0.2821349880682001,0.028999999,20.912685
2018-11-19,BOEING CO,09G725,0.389889,0.30000001,0.5,5,0.75,320.94,0.2857696660386955,0.0287,20.912685
2018-11-20,BOEING CO,09G725,0.406948,0.30000001,0.5,5,0.75,317.70001,0.2858725794069416,0.0288,20.912685
2018-11-21,BOEING CO,09G725,0.39329,0.30000001,0.5,5,0.75,317.32001,0.2857684202166022,0.028899999,20.912685
2018-11-23,BOEING CO,09G725,0.394482,0.30000001,0.5,5,0.75,312.32001,0.2861507160739712,0.0288,20.912685
2018-11-26,BOEING CO,09G725,0.39478,0.30000001,0.5,5,0.75,316.35999,0.2863975293413011,0.028999999,20.912685
2018-11-27,BOEING CO,09G725,0.401086,0.30000001,0.5,5,0.75,318.03,0.2864229091848914,0.028899999,20.912685
2018-11-28,BOEING CO,09G725,0.371092,0.30000001,0.5,5,0.75,333.5,0.2902533221008062,0.0287,20.912685
2018-11-29,BOEING CO,09G725,0.362415,0.30000001,0.5,5,0.75,342.56,0.2913953306442259,0.0285,20.912685
2018-11-30,BOEING CO,09G725,0.360048,0.30000001,0.5,5,0.75,346.76001,0.2903762998989314,0.0284,20.912685
2018-12-03,BOEING CO,09G725,0.347911,0.30000001,0.5,5,0.75,359.95999,0.2919618235727419,0.0283,20.912685
2018-12-04,BOEING CO,09G725,0.362122,0.30000001,0.5,5,0.75,342.5,0.2952844139928476,0.027899999,20.912685
2018-12-06,BOEING CO,09G725,0.379549,0.30000001,0.5,5,0.75,331.89999,0.2968613509756302,0.0275,20.912685
2018-12-07,BOEING CO,09G725,0.382363,0.30000001,0.5,5,0.75,323.22,0.2979642965039422,0.027000001,20.912685
2018-12-10,BOEING CO,09G725,0.39001,0.30000001,0.5,5,0.75,326.35001,0.2978325253920005,0.027100001,20.912685
2018-12-11,BOEING CO,09G725,0.383174,0.30000001,0.5,5,0.75,322.03,0.2978722599720804,0.0275,20.912685
2018-12-12,BOEING CO,09G725,0.370876,0.30000001,0.5,5,0.75,326.69,0.2980070417882522,0.0277,20.912685
2018-12-13,BOEING CO,09G725,0.368356,0.30000001,0.5,5,0.75,325.47,0.2971333322481033,0.0275,20.912685
2018-12-14,BOEING CO,09G725,0.376323,0.30000001,0.5,5,0.75,318.75,0.2978423716220543,0.0273,20.912685
2018-12-17,BOEING CO,09G725,0.385838,0.30000001,0.5,5,0.75,316.13,0.2979036335874384,0.026900001,20.912685
2018-12-18,BOEING CO,09G725,0.391072,0.30000001,0.5,5,0.75,328.06,0.3002122956193549,0.0265,20.912685
2018-12-19,BOEING CO,09G725,0.400905,0.30000001,0.5,5,0.75,319.54999,0.3013139124494058,0.0262,20.912685
2018-12-20,BOEING CO,09G725,0.423185,0.30000001,0.5,5,0.75,313.04999,0.3020219595434178,0.0265,20.912685
2018-12-21,BOEING CO,09G725,0.435567,0.30000001,0.5,5,0.75,304.54999,0.3032790324088463,0.0264,20.912685
2018-12-24,BOEING CO,09G725,0.445293,0.30000001,0.5,5,0.75,294.16,0.3050752880524348,0.025800001,20.912685
2018-12-26,BOEING CO,09G725,0.447159,0.30000001,0.5,5,0.75,313.92999,0.3123302211753118,0.026699999,20.912685
2018-12-27,BOEING CO,09G725,0.425551,0.30000001,0.5,5,0.75,317.14001,0.3124799422639108,0.026000001,20.912685
2018-12-28,BOEING CO,09G725,0.422833,0.30000001,0.5,5,0.75,316.38,0.312493933342432,0.025599999,20.912685
2018-12-31,BOEING CO,09G725,0.419545,0.30000001,0.5,5,0.75,322.5,0.3130516330660458,0.0251,20.912685
2019-01-02,BOEING CO,09G725,0.421287,0.30000001,0.5,5,0.75,323.81,0.3130225528716168,0.024900001,20.912685
2019-01-03,BOEING CO,09G725,0.427758,0.30000001,0.5,5,0.75,310.89999,0.3155779689609568,0.023700001,20.912685
2019-01-04,BOEING CO,09G725,0.4052960000000001,0.30000001,0.5,5,0.75,327.07999,0.3197508317345386,0.024900001,20.912685
2019-01-07,BOEING CO,09G725,0.395707,0.30000001,0.5,5,0.75,328.10999,0.3197293439549038,0.0253,20.912685
2019-01-08,BOEING CO,09G725,0.381046,0.30000001,0.5,5,0.75,340.53,0.3193373454577696,0.025800001,20.912685
2019-01-09,BOEING CO,09G725,0.37386,0.30000001,0.5,5,0.75,343.82999,0.3194440043885063,0.025699999,20.912685
2019-01-10,BOEING CO,09G725,0.379664,0.30000001,0.5,5,0.75,352.60999,0.3193472246603047,0.025599999,20.912685
2019-01-11,BOEING CO,09G725,0.378263,0.30000001,0.5,5,0.75,352.89999,0.3193064499962497,0.0252,20.912685
2019-01-14,BOEING CO,09G725,0.382995,0.30000001,0.5,5,0.75,350.35999,0.318499007827017,0.0253,20.912685
2019-01-15,BOEING CO,09G725,0.376427,0.30000001,0.5,5,0.75,352.23999,0.3176133549337948,0.0253,20.912685
2019-01-16,BOEING CO,09G725,0.376402,0.30000001,0.5,5,0.75,352.06,0.3175948327236386,0.0254,20.912685
2019-01-17,BOEING CO,09G725,0.370575,0.30000001,0.5,5,0.75,359.09,0.3147081352399851,0.025800001,20.912685
2019-01-18,BOEING CO,09G725,0.362374,0.30000001,0.5,5,0.75,364.73001,0.313508301853371,0.0262,20.912685
2019-01-22,BOEING CO,09G725,0.370434,0.30000001,0.5,5,0.75,357.89999,0.3140094339295057,0.025699999,20.912685
2019-01-23,BOEING CO,09G725,0.359116,0.30000001,0.5,5,0.75,358.60999,0.3140126409156507,0.025900001,20.912685
2019-01-24,BOEING CO,09G725,0.363003,0.30000001,0.5,5,0.75,358.26999,0.3139232069304574,0.0255,20.912685
2019-01-25,BOEING CO,09G725,0.35414,0.30000001,0.5,5,0.75,364.20001,0.3143133523530064,0.025900001,20.912685
2019-01-28,BOEING CO,09G725,0.356477,0.30000001,0.5,5,0.75,362.97,0.3133681197996242,0.025800001,20.912685
2019-01-29,BOEING CO,09G725,0.351319,0.30000001,0.5,5,0.75,364.91,0.3134051892279064,0.0255,20.912685
2019-01-30,BOEING CO,09G725,0.339078,0.30000001,0.5,5,0.75,387.72,0.3193784471719094,0.024900001,20.912685
2019-01-31,BOEING CO,09G725,0.32472,0.30000001,0.5,5,0.75,385.62,0.3192856161534919,0.0243,20.912685
2019-02-01,BOEING CO,09G725,0.324304,0.30000001,0.5,5,0.75,387.42999,0.3155689380653645,0.0251,20.912685
2019-02-04,BOEING CO,09G725,0.322778,0.30000001,0.5,5,0.75,397.0,0.3164156650681276,0.0253,20.912685
2019-02-05,BOEING CO,09G725,0.320185,0.30000001,0.5,5,0.75,410.17999,0.3172159413670541,0.0251,20.912685
2019-02-06,BOEING CO,09G725,0.32401,0.30000001,0.5,5,0.75,411.10999,0.311768778307744,0.025,20.912685
2019-02-07,BOEING CO,09G725,0.333778,0.30000001,0.5,5,0.75,405.17001,0.3099095454982792,0.024599999,20.912685
2019-02-08,BOEING CO,09G725,0.33517,0.30000001,0.5,5,0.75,404.91,0.3092497585309969,0.0244,20.912685
2019-02-11,BOEING CO,09G725,0.331196,0.30000001,0.5,5,0.75,403.95001,0.3053336408806611,0.024700001,20.912685
2019-02-12,BOEING CO,09G725,0.320692,0.30000001,0.5,5,0.75,410.72,0.3056161587310862,0.024900001,20.912685
2019-02-13,BOEING CO,09G725,0.31727,0.30000001,0.5,5,0.75,410.57999,0.3039385444873192,0.0253,20.912685
2019-02-14,BOEING CO,09G725,0.325733,0.30000001,0.5,5,0.75,409.82001,0.303938819635727,0.024800001,20.912685
2019-02-15,BOEING CO,09G725,0.313115,0.30000001,0.5,5,0.75,417.97,0.3045005977199349,0.024900001,20.912685
2019-02-19,BOEING CO,09G725,0.307093,0.30000001,0.5,5,0.75,416.26001,0.3027714772436506,0.024700001,20.912685
2019-02-20,BOEING CO,09G725,0.306079,0.30000001,0.5,5,0.75,421.54999,0.302962010891846,0.024700001,20.912685
2019-02-21,BOEING CO,09G725,0.304725,0.30000001,0.5,5,0.75,417.57999,0.3030868857268575,0.0251,20.912685
2019-02-22,BOEING CO,09G725,0.30357,0.30000001,0.5,5,0.75,424.04999,0.3034126988917129,0.024700001,20.912685
2019-02-25,BOEING CO,09G725,0.302218,0.30000001,0.5,5,0.75,426.87,0.303328176059565,0.024800001,20.912685
2019-02-26,BOEING CO,09G725,0.301729,0.30000001,0.5,5,0.75,426.76999,0.3033286169623005,0.024499999,20.912685
2019-02-27,BOEING CO,09G725,0.298715,0.30000001,0.5,5,0.75,435.44,0.3034001679300249,0.024900001,20.912685
2019-02-28,BOEING CO,09G725,0.299593,0.30000001,0.5,5,0.75,439.95999,0.3035371725353525,0.0252,21.020027
2019-03-01,BOEING CO,09G725,0.294976,0.30000001,0.5,5,0.75,440.62,0.3034402866057448,0.025599999,24.508615
2019-03-04,BOEING CO,09G725,0.29466,0.30000001,0.5,5,0.75,432.69,0.3019400644517999,0.0253,24.508615
2019-03-05,BOEING CO,09G725,0.304761,0.30000001,0.5,5,0.75,430.12,0.3016258024101494,0.0253,24.508615
2019-03-06,BOEING CO,09G725,0.311921,0.30000001,0.5,5,0.75,424.45999,0.3011277900262256,0.024900001,24.508615
2019-03-07,BOEING CO,09G725,0.315301,0.30000001,0.5,5,0.75,422.56,0.3009441928369255,0.0244,24.508615
2019-03-08,BOEING CO,09G725,0.322852,0.30000001,0.5,5,0.75,422.54001,0.3008778956086438,0.0242,24.508615
2019-03-11,BOEING CO,09G725,0.397726,0.30000001,0.5,5,0.75,400.01001,0.305723681051985,0.0244,24.508615
2019-03-12,BOEING CO,09G725,0.506086,0.30000001,0.5,5,0.75,375.41,0.311593335188381,0.0241,24.508615
2019-03-13,BOEING CO,09G725,0.520332,0.30000001,0.5,5,0.75,377.14001,0.3101969331285355,0.0242,24.508615
2019-03-14,BOEING CO,09G725,0.515538,0.30000001,0.5,5,0.75,373.29999,0.3099375930510403,0.0243,24.508615
2019-03-15,BOEING CO,09G725,0.4704930000000001,0.30000001,0.5,5,0.75,378.98999,0.3092201139729883,0.024,24.508615
2019-03-18,BOEING CO,09G725,0.467668,0.30000001,0.5,5,0.75,372.28,0.3097707697985603,0.0242,24.508615
2019-03-19,BOEING CO,09G725,0.474395,0.30000001,0.5,5,0.75,373.42999,0.3097786355222583,0.0242,24.508615
2019-03-20,BOEING CO,09G725,0.509442,0.30000001,0.5,5,0.75,376.16,0.3098317366039848,0.023399999,24.508615
2019-03-21,BOEING CO,09G725,0.499084,0.30000001,0.5,5,0.75,372.70001,0.3095228223351652,0.023399999,24.508615
2019-03-22,BOEING CO,09G725,0.516235,0.30000001,0.5,5,0.75,362.17001,0.310864146293667,0.022399999,24.508615
2019-03-25,BOEING CO,09G725,0.5246419999999999,0.30000001,0.5,5,0.75,370.45999,0.3071744228293174,0.0221,24.508615
2019-03-26,BOEING CO,09G725,0.521,0.30000001,0.5,5,0.75,370.38,0.3071559466972531,0.0218,24.508615
2019-03-27,BOEING CO,09G725,0.5228970000000001,0.30000001,0.5,5,0.75,374.20999,0.3063583372716001,0.0218,24.508615
2019-03-28,BOEING CO,09G725,0.5162599999999999,0.30000001,0.5,5,0.75,374.44,0.3053598940267354,0.022,24.508615
2019-03-29,BOEING CO,09G725,0.504406,0.30000001,0.5,5,0.75,381.42001,0.3058447634121803,0.022299999,24.530455
2019-04-01,BOEING CO,09G725,0.460127,0.30000001,0.5,5,0.75,391.54001,0.3060005878959391,0.0231,24.530455
2019-04-02,BOEING CO,09G725,0.456546,0.30000001,0.5,5,0.75,390.75,0.3055084487165581,0.0228,24.530455
2019-04-03,BOEING CO,09G725,0.451779,0.30000001,0.5,5,0.75,384.73999,0.3049151018156274,0.0232,24.530455
2019-04-04,BOEING CO,09G725,0.4484550000000001,0.30000001,0.5,5,0.75,395.85999,0.305994349446604,0.0232,24.530455
2019-04-05,BOEING CO,09G725,0.440013,0.30000001,0.5,5,0.75,391.92999,0.3050411880818322,0.0231,24.530455
2019-04-08,BOEING CO,09G725,0.453123,0.30000001,0.5,5,0.75,374.51999,0.3067889968268883,0.0233,24.530455
2019-04-09,BOEING CO,09G725,0.4561230000000001,0.30000001,0.5,5,0.75,369.04001,0.3069459784808825,0.0231,24.530455
2019-04-10,BOEING CO,09G725,0.452975,0.30000001,0.5,5,0.75,364.94,0.3048547866221347,0.0228,24.530455
2019-04-11,BOEING CO,09G725,0.4518280000000001,0.30000001,0.5,5,0.75,370.16,0.3042900866071097,0.0231,24.530455
2019-04-12,BOEING CO,09G725,0.4409340000000001,0.30000001,0.5,5,0.75,379.64001,0.3038054066359907,0.023800001,24.530455
2019-04-15,BOEING CO,09G725,0.445576,0.30000001,0.5,5,0.75,375.45999,0.3029977020944821,0.023700001,24.530455
2019-04-16,BOEING CO,09G725,0.4437370000000001,0.30000001,0.5,5,0.75,381.72,0.3033379998984134,0.0241,24.530455
2019-04-17,BOEING CO,09G725,0.442308,0.30000001,0.5,5,0.75,377.51999,0.3032357320233152,0.024,24.530455
2019-04-18,BOEING CO,09G725,0.443907,0.30000001,0.5,5,0.75,380.07001,0.3030567484338718,0.023800001,24.530455
2019-04-22,BOEING CO,09G725,0.451198,0.30000001,0.5,5,0.75,375.17001,0.3033570825679403,0.0239,24.530455
2019-04-23,BOEING CO,09G725,0.444127,0.30000001,0.5,5,0.75,374.01999,0.3033119286848053,0.023600001,24.530455
2019-04-24,BOEING CO,09G725,0.446027,0.30000001,0.5,5,0.75,375.45999,0.303328544577908,0.0232,24.530455
2019-04-25,BOEING CO,09G725,0.446132,0.30000001,0.5,5,0.75,382.79999,0.3024589155394367,0.0233,24.530455
2019-04-26,BOEING CO,09G725,0.442783,0.30000001,0.5,5,0.75,380.79001,0.2996915385804055,0.0229,24.530455
2019-04-29,BOEING CO,09G725,0.447614,0.30000001,0.5,5,0.75,379.04999,0.2997364814192308,0.0232,24.530455
2019-04-30,BOEING CO,09G725,0.446535,0.30000001,0.5,5,0.75,377.69,0.2997021781416049,0.0228,24.6112
2019-05-01,BOEING CO,09G725,0.450227,0.30000001,0.5,5,0.75,376.79999,0.2988941912760838,0.0231,28.096617
2019-05-02,BOEING CO,09G725,0.456316,0.30000001,0.5,5,0.75,375.79999,0.2986391450510373,0.023399999,28.096617
2019-05-03,BOEING CO,09G725,0.449532,0.30000001,0.5,5,0.75,376.45999,0.2981531239038834,0.0233,28.096617
2019-05-06,BOEING CO,09G725,0.463907,0.30000001,0.5,5,0.75,371.60001,0.2978422806394644,0.023,28.096617
2019-05-07,BOEING CO,09G725,0.485468,0.30000001,0.5,5,0.75,357.23001,0.3002414551765694,0.022500001,28.096617
2019-05-08,BOEING CO,09G725,0.481144,0.30000001,0.5,5,0.75,359.75,0.2998027218472713,0.0228,28.096617
2019-05-09,BOEING CO,09G725,0.4976160000000001,0.30000001,0.5,5,0.75,354.13,0.2999125910970367,0.022500001,28.096617
2019-05-10,BOEING CO,09G725,0.497271,0.30000001,0.5,5,0.75,354.67001,0.2993889467083689,0.022600001,28.096617
2019-05-13,BOEING CO,09G725,0.522282,0.30000001,0.5,5,0.75,337.37,0.3033802587012422,0.0218,28.096617
2019-05-14,BOEING CO,09G725,0.513889,0.30000001,0.5,5,0.75,343.04001,0.3037949711746016,0.022,28.096617
2019-05-15,BOEING CO,09G725,0.515122,0.30000001,0.5,5,0.75,345.64001,0.3038241258216366,0.021500001,28.096617
2019-05-16,BOEING CO,09G725,0.508272,0.30000001,0.5,5,0.75,353.81,0.3046271585088051,0.0218,28.096617
2019-05-17,BOEING CO,09G725,0.513088,0.30000001,0.5,5,0.75,355.01999,0.3046188578158722,0.0217,28.096617
2019-05-20,BOEING CO,09G725,0.51747,0.30000001,0.5,5,0.75,352.79001,0.3045610741339572,0.0221,28.096617
2019-05-21,BOEING CO,09G725,0.499928,0.30000001,0.5,5,0.75,358.75,0.3043342277020767,0.022299999,28.096617
2019-05-22,BOEING CO,09G725,0.506589,0.30000001,0.5,5,0.75,352.78,0.3026730935837318,0.0219,28.096617
2019-05-23,BOEING CO,09G725,0.5082220000000001,0.30000001,0.5,5,0.75,350.54999,0.301737564085251,0.0211,28.096617
2019-05-24,BOEING CO,09G725,0.492079,0.30000001,0.5,5,0.75,354.89999,0.3017604131823893,0.021199999,28.096617
2019-05-28,BOEING CO,09G725,0.508426,0.30000001,0.5,5,0.75,354.88,0.3017595428756993,0.0206,28.096617
2019-05-29,BOEING CO,09G725,0.522437,0.30000001,0.5,5,0.75,348.79999,0.3022439348967072,0.020500001,28.096617
2019-05-30,BOEING CO,09G725,0.512415,0.30000001,0.5,5,0.75,349.87,0.30150384681125,0.020300001,28.096617
2019-05-31,BOEING CO,09G725,0.526742,0.30000001,0.5,5,0.75,341.60999,0.3020137377111393,0.019300001,28.096617
2019-06-03,BOEING CO,09G725,0.5215609999999999,0.30000001,0.5,5,0.75,338.89001,0.3016466915200709,0.018300001,28.096617
2019-06-04,BOEING CO,09G725,0.5012220000000001,0.30000001,0.5,5,0.75,344.62,0.3018404826321712,0.0189,28.096617
2019-06-05,BOEING CO,09G725,0.4908380000000001,0.30000001,0.5,5,0.75,348.75,0.3018677445733883,0.0186,28.096617
2019-06-06,BOEING CO,09G725,0.4812590000000001,0.30000001,0.5,5,0.75,350.64001,0.3019082214266298,0.0188,28.096617
2019-06-07,BOEING CO,09G725,0.46168,0.30000001,0.5,5,0.75,353.70001,0.3003524368025037,0.0185,28.096617
2019-06-10,BOEING CO,09G725,0.457261,0.30000001,0.5,5,0.75,353.79999,0.3002398332439771,0.019099999,28.096617
2019-06-11,BOEING CO,09G725,0.454052,0.30000001,0.5,5,0.75,349.32999,0.300498405141222,0.019200001,28.096617
2019-06-12,BOEING CO,09G725,0.455915,0.30000001,0.5,5,0.75,347.03,0.300545757312415,0.0188,28.096617
2019-06-13,BOEING CO,09G725,0.450826,0.30000001,0.5,5,0.75,348.85999,0.3005908111782294,0.0184,28.096617
2019-06-14,BOEING CO,09G725,0.455409,0.30000001,0.5,5,0.75,347.16,0.3000723836482503,0.0185,28.096617
2019-06-17,BOEING CO,09G725,0.450801,0.30000001,0.5,5,0.75,354.89999,0.3008661882842203,0.0185,28.096617
2019-06-18,BOEING CO,09G725,0.432937,0.30000001,0.5,5,0.75,373.95999,0.3053161840722288,0.018300001,28.096617
2019-06-19,BOEING CO,09G725,0.411997,0.30000001,0.5,5,0.75,368.56,0.3055413153021769,0.0177,28.096617
2019-06-20,BOEING CO,09G725,0.395118,0.30000001,0.5,5,0.75,374.88,0.3035026886259996,0.0174,28.096617
2019-06-21,BOEING CO,09G725,0.390818,0.30000001,0.5,5,0.75,371.84,0.3036018885593722,0.017999999,28.096617
2019-06-24,BOEING CO,09G725,0.386735,0.30000001,0.5,5,0.75,373.98999,0.3032595882979635,0.0175,28.096617
2019-06-25,BOEING CO,09G725,0.396048,0.30000001,0.5,5,0.75,369.32001,0.3035288347244721,0.0173,28.096617
2019-06-26,BOEING CO,09G725,0.392237,0.30000001,0.5,5,0.75,374.94,0.3029720174903532,0.017999999,28.096617
2019-06-27,BOEING CO,09G725,0.400071,0.30000001,0.5,5,0.75,364.01999,0.3044419593041273,0.0176,28.096617
2019-06-28,BOEING CO,09G725,0.397632,0.30000001,0.5,5,0.75,364.01001,0.304400050151465,0.0176,28.096617
2019-07-01,BOEING CO,09G725,0.386683,0.30000001,0.5,5,0.75,356.45999,0.304822754845992,0.017899999,28.096617
2019-07-02,BOEING CO,09G725,0.384137,0.30000001,0.5,5,0.75,354.16,0.3048950710766977,0.0175,28.096617
2019-07-03,BOEING CO,09G725,0.384535,0.30000001,0.5,5,0.75,354.47,0.3048928420886152,0.0174,28.096617
2019-07-05,BOEING CO,09G725,0.389568,0.30000001,0.5,5,0.75,355.85999,0.3047517201157417,0.0184,28.096617
2019-07-08,BOEING CO,09G725,0.393232,0.30000001,0.5,5,0.75,351.12,0.3050661869912384,0.0186,28.096617
2019-07-09,BOEING CO,09G725,0.398786,0.30000001,0.5,5,0.75,353.09,0.3050843279496287,0.0188,28.096617
2019-07-10,BOEING CO,09G725,0.392907,0.30000001,0.5,5,0.75,352.29999,0.304346383816467,0.018200001,28.096617
2019-07-11,BOEING CO,09G725,0.39319,0.30000001,0.5,5,0.75,359.0,0.3045502245246691,0.0188,28.096617
2019-07-12,BOEING CO,09G725,0.38628,0.30000001,0.5,5,0.75,365.32999,0.3044179176068748,0.0186,28.096617
2019-07-15,BOEING CO,09G725,0.388439,0.30000001,0.5,5,0.75,361.60999,0.3042116270995238,0.0184,28.096617
2019-07-16,BOEING CO,09G725,0.392333,0.30000001,0.5,5,0.75,362.75,0.3039298825648581,0.0188,28.096617
2019-07-17,BOEING CO,09G725,0.393505,0.30000001,0.5,5,0.75,369.51999,0.304121442557911,0.018300001,28.096617
2019-07-18,BOEING CO,09G725,0.390324,0.30000001,0.5,5,0.75,361.10999,0.3049970909620443,0.0178,28.096617
2019-07-19,BOEING CO,09G725,0.38458,0.30000001,0.5,5,0.75,377.35999,0.308123676250819,0.017999999,28.096617
2019-07-22,BOEING CO,09G725,0.38004,0.30000001,0.5,5,0.75,373.42001,0.3079955158315093,0.017999999,28.096617
2019-07-23,BOEING CO,09G725,0.370727,0.30000001,0.5,5,0.75,373.07001,0.3079941995617939,0.018300001,28.096617
2019-07-24,BOEING CO,09G725,0.427568,0.30000001,0.5,5,0.75,361.42999,0.3095785819495764,0.018200001,28.096617
2019-07-25,BOEING CO,09G725,0.434959,0.30000001,0.5,5,0.75,348.09,0.3114995685309115,0.0185,28.096617
2019-07-26,BOEING CO,09G725,0.437041,0.30000001,0.5,5,0.75,345.0,0.3115585961069149,0.0185,28.096617
2019-07-29,BOEING CO,09G725,0.45031,0.30000001,0.5,5,0.75,340.20999,0.3117296710996323,0.0184,28.096617
2019-07-30,BOEING CO,09G725,0.449097,0.30000001,0.5,5,0.75,347.45999,0.31243276027549,0.0184,28.096617
2019-07-31,BOEING CO,09G725,0.455766,0.30000001,0.5,5,0.75,341.17999,0.3118178613368296,0.0184,28.092623
2019-08-01,BOEING CO,09G725,0.462644,0.30000001,0.5,5,0.75,334.29001,0.3121241560255585,0.016799999,36.134064
2019-08-02,BOEING CO,09G725,0.466902,0.30000001,0.5,5,0.75,339.56,0.3123606438144481,0.0166,36.134064
2019-08-05,BOEING CO,09G725,0.49942,0.30000001,0.5,5,0.75,331.06,0.3132516071495234,0.0155,36.134064
2019-08-06,BOEING CO,09G725,0.48653,0.30000001,0.5,5,0.75,332.45001,0.3132566827402081,0.0153,36.134064
2019-08-07,BOEING CO,09G725,0.4906490000000001,0.30000001,0.5,5,0.75,331.38,0.3132266156750853,0.0152,36.134064
2019-08-08,BOEING CO,09G725,0.4786590000000001,0.30000001,0.5,5,0.75,336.35001,0.3137094148330492,0.0154,36.134064
2019-08-09,BOEING CO,09G725,0.478314,0.30000001,0.5,5,0.75,337.54999,0.3136089174118214,0.015699999,36.134064
2019-08-12,BOEING CO,09G725,0.488537,0.30000001,0.5,5,0.75,332.94,0.3138375940322642,0.0149,36.134064
2019-08-13,BOEING CO,09G725,0.462407,0.30000001,0.5,5,0.75,332.85999,0.313579806874718,0.015699999,36.134064
2019-08-14,BOEING CO,09G725,0.485487,0.30000001,0.5,5,0.75,320.42001,0.3158052668685089,0.0151,36.134064
2019-08-15,BOEING CO,09G725,0.478702,0.30000001,0.5,5,0.75,328.0,0.3166790463400457,0.0142,36.134064
2019-08-16,BOEING CO,09G725,0.472812,0.30000001,0.5,5,0.75,330.45001,0.3159984560458841,0.0142,36.134064
2019-08-19,BOEING CO,09G725,0.452289,0.30000001,0.5,5,0.75,333.78,0.3132484024812104,0.0147,36.134064
2019-08-20,BOEING CO,09G725,0.4539030000000001,0.30000001,0.5,5,0.75,331.75,0.3133077432375397,0.0142,36.134064
2019-08-21,BOEING CO,09G725,0.438554,0.30000001,0.5,5,0.75,339.98999,0.3140393441710714,0.0147,36.134064
2019-08-22,BOEING CO,09G725,0.43307,0.30000001,0.5,5,0.75,354.41,0.3167615629632455,0.015,36.134064
2019-08-23,BOEING CO,09G725,0.444514,0.30000001,0.5,5,0.75,356.01001,0.3166022480327449,0.014,36.134064
2019-08-26,BOEING CO,09G725,0.441431,0.30000001,0.5,5,0.75,359.04001,0.3166147390600154,0.0143,36.134064
2019-08-27,BOEING CO,09G725,0.4370480000000001,0.30000001,0.5,5,0.75,354.73001,0.3168157049293806,0.014,36.134064
2019-08-28,BOEING CO,09G725,0.433017,0.30000001,0.5,5,0.75,359.97,0.31691228214458,0.0137,36.134064
2019-08-29,BOEING CO,09G725,0.417284,0.30000001,0.5,5,0.75,362.73999,0.3169079215931808,0.014,36.134064
2019-08-30,BOEING CO,09G725,0.410371,0.30000001,0.5,5,0.75,364.09,0.316907962965835,0.0139,36.134064
2019-09-03,BOEING CO,09G725,0.414911,0.30000001,0.5,5,0.75,354.42001,0.3179066349804954,0.0135,36.134064
2019-09-04,BOEING CO,09G725,0.4069159999999999,0.30000001,0.5,5,0.75,356.53,0.3177187867751055,0.0132,36.134064
2019-09-05,BOEING CO,09G725,0.397519,0.30000001,0.5,5,0.75,360.29999,0.317733498868519,0.0143,36.134064
2019-09-06,BOEING CO,09G725,0.389456,0.30000001,0.5,5,0.75,363.0,0.3178107322211084,0.0142,36.134064
2019-09-09,BOEING CO,09G725,0.389214,0.30000001,0.5,5,0.75,358.78,0.3177798717530507,0.0149,36.134064
2019-09-10,BOEING CO,09G725,0.393614,0.30000001,0.5,5,0.75,369.48999,0.3190848834201361,0.015799999,36.134064
2019-09-11,BOEING CO,09G725,0.3909400000000001,0.30000001,0.5,5,0.75,382.94,0.3203442881827299,0.016000001,36.134064
2019-09-12,BOEING CO,09G725,0.38291,0.30000001,0.5,5,0.75,375.63,0.3208225892759226,0.0165,36.134064
2019-09-13,BOEING CO,09G725,0.383642,0.30000001,0.5,5,0.75,379.76001,0.320159985658857,0.0175,36.134064
2019-09-16,BOEING CO,09G725,0.385909,0.30000001,0.5,5,0.75,378.85001,0.3201304146180996,0.016899999,36.134064
2019-09-17,BOEING CO,09G725,0.393229,0.30000001,0.5,5,0.75,384.20001,0.320205720507489,0.0166,36.134064
2019-09-18,BOEING CO,09G725,0.395232,0.30000001,0.5,5,0.75,386.41,0.3200493640902297,0.016799999,36.134064
2019-09-19,BOEING CO,09G725,0.3942,0.30000001,0.5,5,0.75,384.44,0.3194168144120227,0.0166,36.134064
2019-09-20,BOEING CO,09G725,0.440787,0.30000001,0.5,5,0.75,379.39001,0.3196820938495369,0.016100001,36.134064
2019-09-23,BOEING CO,09G725,0.446595,0.30000001,0.5,5,0.75,377.03,0.3196996996084394,0.015900001,36.134064
2019-09-24,BOEING CO,09G725,0.453886,0.30000001,0.5,5,0.75,381.64999,0.319671368568656,0.0152,36.134064
2019-09-25,BOEING CO,09G725,0.459368,0.30000001,0.5,5,0.75,386.20001,0.3196594385091845,0.016000001,36.134064
2019-09-26,BOEING CO,09G725,0.460427,0.30000001,0.5,5,0.75,386.89001,0.319651936653814,0.015900001,36.134064
2019-09-27,BOEING CO,09G725,0.459972,0.30000001,0.5,5,0.75,382.85999,0.3197729095851523,0.0156,36.134064
2019-09-30,BOEING CO,09G725,0.457121,0.30000001,0.5,5,0.75,380.47,0.319786317472285,0.0155,36.134064
2019-10-01,BOEING CO,09G725,0.453321,0.30000001,0.5,5,0.75,374.94,0.3199115164760271,0.0151,36.134064
2019-10-02,BOEING CO,09G725,0.474714,0.30000001,0.5,5,0.75,367.35999,0.3193594897778639,0.0143,36.134064
2019-10-03,BOEING CO,09G725,0.476631,0.30000001,0.5,5,0.75,372.07001,0.3194383953671044,0.0134,36.134064
2019-10-04,BOEING CO,09G725,0.452467,0.30000001,0.5,5,0.75,375.70001,0.3192200830983648,0.0134,36.134064
2019-10-07,BOEING CO,09G725,0.45085,0.30000001,0.5,5,0.75,376.54001,0.3191703616908324,0.0138,36.134064
2019-10-08,BOEING CO,09G725,0.454215,0.30000001,0.5,5,0.75,374.10001,0.3191069134655591,0.0136,36.134064
2019-10-09,BOEING CO,09G725,0.448993,0.30000001,0.5,5,0.75,374.95999,0.3191081082968473,0.014,36.134064
2019-10-10,BOEING CO,09G725,0.444748,0.30000001,0.5,5,0.75,371.0,0.3192864741439233,0.0148,36.134064
2019-10-11,BOEING CO,09G725,0.430636,0.30000001,0.5,5,0.75,374.92001,0.3159847122994929,0.015900001,36.134064
2019-10-14,BOEING CO,09G725,0.431567,0.30000001,0.5,5,0.75,373.17999,0.3149602745068238,0.015900001,36.134064
2019-10-15,BOEING CO,09G725,0.415501,0.30000001,0.5,5,0.75,370.95999,0.3149819501246868,0.015900001,36.134064
2019-10-16,BOEING CO,09G725,0.40827,0.30000001,0.5,5,0.75,372.42999,0.3149789751618066,0.015699999,36.134064
2019-10-17,BOEING CO,09G725,0.40269,0.30000001,0.5,5,0.75,369.06,0.3140606161246192,0.015699999,36.134064
2019-10-18,BOEING CO,09G725,0.426028,0.30000001,0.5,5,0.75,344.0,0.321286842473123,0.0156,36.134064
2019-10-21,BOEING CO,09G725,0.463701,0.30000001,0.5,5,0.75,331.06,0.3230492418849844,0.016100001,36.134064
2019-10-22,BOEING CO,09G725,0.472266,0.30000001,0.5,5,0.75,337.0,0.323434056741701,0.016000001,36.134064
2019-10-23,BOEING CO,09G725,0.474049,0.30000001,0.5,5,0.75,340.5,0.323597827830399,0.015799999,36.134064
2019-10-24,BOEING CO,09G725,0.4787879999999999,0.30000001,0.5,5,0.75,344.54999,0.323372548885013,0.015799999,36.134064
2019-10-25,BOEING CO,09G725,0.491742,0.30000001,0.5,5,0.75,339.82999,0.3234093398779818,0.0162,36.134064
2019-10-28,BOEING CO,09G725,0.492895,0.30000001,0.5,5,0.75,340.88,0.3224011276142213,0.0166,36.134064
2019-10-29,BOEING CO,09G725,0.497333,0.30000001,0.5,5,0.75,348.92999,0.3230205582921078,0.0166,36.134064
2019-10-30,BOEING CO,09G725,0.510089,0.30000001,0.5,5,0.75,346.06,0.3162526583787789,0.016100001,36.134064
2019-10-31,BOEING CO,09G725,0.515557,0.30000001,0.5,5,0.75,339.91,0.3139075546135461,0.0151,36.128864
2019-11-01,BOEING CO,09G725,0.504482,0.30000001,0.5,5,0.75,345.19,0.3139736595904624,0.0155,45.986877
2019-11-04,BOEING CO,09G725,0.5019680000000001,0.30000001,0.5,5,0.75,351.09,0.3135886800936088,0.016000001,45.986877
2019-11-05,BOEING CO,09G725,0.500521,0.30000001,0.5,5,0.75,358.29001,0.3138959307479504,0.0166,45.986877
2019-11-06,BOEING CO,09G725,0.50717,0.30000001,0.5,5,0.75,354.19,0.3138982732633896,0.0163,45.986877
2019-11-07,BOEING CO,09G725,0.509716,0.30000001,0.5,5,0.75,357.31,0.3139931800236562,0.0174,45.986877
2019-11-08,BOEING CO,09G725,0.5094650000000001,0.30000001,0.5,5,0.75,351.0,0.3141375075881233,0.0174,45.986877
2019-11-11,BOEING CO,09G725,0.505896,0.30000001,0.5,5,0.75,366.95999,0.3174033698484476,0.0174,45.986877
2019-11-12,BOEING CO,09G725,0.499785,0.30000001,0.5,5,0.75,362.88,0.317579770394554,0.0173,45.986877
2019-11-13,BOEING CO,09G725,0.515227,0.30000001,0.5,5,0.75,362.5,0.3157923520808483,0.016899999,45.986877
2019-11-14,BOEING CO,09G725,0.526967,0.30000001,0.5,5,0.75,367.44,0.3153378249885916,0.0163,45.986877
2019-11-15,BOEING CO,09G725,0.530757,0.30000001,0.5,5,0.75,371.67999,0.3152090829293194,0.0165,45.986877
2019-11-18,BOEING CO,09G725,0.53371,0.30000001,0.5,5,0.75,369.45999,0.3151266056178043,0.0163,45.986877
2019-11-19,BOEING CO,09G725,0.537468,0.30000001,0.5,5,0.75,367.0,0.3147462669337913,0.0163,45.986877
2019-11-20,BOEING CO,09G725,0.547252,0.30000001,0.5,5,0.75,370.91,0.3115979429599748,0.015799999,45.986877
2019-11-21,BOEING CO,09G725,0.549311,0.30000001,0.5,5,0.75,366.44,0.3116722216704687,0.0162,45.986877
2019-11-22,BOEING CO,09G725,0.54849,0.30000001,0.5,5,0.75,371.34,0.3119177935749666,0.0162,45.986877
2019-11-25,BOEING CO,09G725,0.541797,0.30000001,0.5,5,0.75,373.13,0.3114933252975457,0.0162,45.986877
2019-11-26,BOEING CO,09G725,0.5347189999999999,0.30000001,0.5,5,0.75,373.51001,0.3112620233154004,0.015799999,45.986877
2019-11-27,BOEING CO,09G725,0.536802,0.30000001,0.5,5,0.75,368.0,0.3116245795723644,0.0163,45.986877
2019-11-29,BOEING CO,09G725,0.538529,0.30000001,0.5,5,0.75,366.17999,0.3079595486120499,0.0162,45.986877
2019-12-02,BOEING CO,09G725,0.546028,0.30000001,0.5,5,0.75,355.17999,0.3083247586406713,0.0165,45.986877
2019-12-03,BOEING CO,09G725,0.56089,0.30000001,0.5,5,0.75,352.07999,0.3082292142516753,0.0154,45.986877
2019-12-04,BOEING CO,09G725,0.555922,0.30000001,0.5,5,0.75,348.84,0.3060380795007971,0.016000001,45.986877
2019-12-05,BOEING CO,09G725,0.563909,0.30000001,0.5,5,0.75,345.67999,0.302257849756012,0.0162,45.986877
2019-12-06,BOEING CO,09G725,0.55439,0.30000001,0.5,5,0.75,354.09,0.3015727050651723,0.0167,45.986877
2019-12-09,BOEING CO,09G725,0.549115,0.30000001,0.5,5,0.75,351.20999,0.3005070450609691,0.0167,45.986877
2019-12-10,BOEING CO,09G725,0.543165,0.30000001,0.5,5,0.75,347.89999,0.3005343939136209,0.016799999,45.986877
2019-12-11,BOEING CO,09G725,0.540381,0.30000001,0.5,5,0.75,350.0,0.3002660271522277,0.0164,45.986877
2019-12-12,BOEING CO,09G725,0.528076,0.30000001,0.5,5,0.75,346.29001,0.3001498260042236,0.0173,45.986877
2019-12-13,BOEING CO,09G725,0.5223,0.30000001,0.5,5,0.75,341.67001,0.3004385421261646,0.0166,45.986877
2019-12-16,BOEING CO,09G725,0.529292,0.30000001,0.5,5,0.75,327.0,0.3028247933649153,0.017200001,45.986877
2019-12-17,BOEING CO,09G725,0.54074,0.30000001,0.5,5,0.75,327.0,0.3027017469691052,0.017100001,45.986877
2019-12-18,BOEING CO,09G725,0.542213,0.30000001,0.5,5,0.75,330.67999,0.3005759020168475,0.0174,45.986877
2019-12-19,BOEING CO,09G725,0.54542,0.30000001,0.5,5,0.75,333.5,0.2995284417119961,0.0173,45.986877
2019-12-20,BOEING CO,09G725,0.543279,0.30000001,0.5,5,0.75,328.0,0.2992830950053882,0.0173,45.986877
2019-12-23,BOEING CO,09G725,0.532453,0.30000001,0.5,5,0.75,337.54999,0.2993620805141368,0.0175,45.986877
2019-12-24,BOEING CO,09G725,0.5303859999999999,0.30000001,0.5,5,0.75,333.0,0.2976581774269787,0.017200001,45.986877
2019-12-26,BOEING CO,09G725,0.528844,0.30000001,0.5,5,0.75,329.92001,0.2902516365322103,0.017200001,45.986877
2019-12-27,BOEING CO,09G725,0.530749,0.30000001,0.5,5,0.75,330.14001,0.2900864315210843,0.016799999,45.986877
2019-12-30,BOEING CO,09G725,0.532046,0.30000001,0.5,5,0.75,326.39999,0.2903100577331993,0.016799999,45.986877
2019-12-31,BOEING CO,09G725,0.531382,0.30000001,0.5,5,0.75,325.76001,0.2896948459431221,0.016899999,45.986877
2020-01-02,BOEING CO,09G725,0.5232009999999999,0.30000001,0.5,5,0.75,333.32001,0.2905781549149765,0.0167,45.986877
2020-01-03,BOEING CO,09G725,0.533469,0.30000001,0.5,5,0.75,332.76001,0.2877619141806617,0.015900001,45.986877
2020-01-06,BOEING CO,09G725,0.556262,0.30000001,0.5,5,0.75,333.73999,0.2830904236717097,0.016100001,45.986877
2020-01-07,BOEING CO,09G725,0.551586,0.30000001,0.5,5,0.75,337.28,0.2832642447852047,0.0162,45.986877
2020-01-08,BOEING CO,09G725,0.5475479999999999,0.30000001,0.5,5,0.75,331.37,0.2813117607703027,0.0167,45.986877
2020-01-09,BOEING CO,09G725,0.531868,0.30000001,0.5,5,0.75,336.34,0.2815444896533583,0.0165,45.986877
2020-01-10,BOEING CO,09G725,0.532074,0.30000001,0.5,5,0.75,329.92001,0.2810421957409632,0.0163,45.986877
2020-01-13,BOEING CO,09G725,0.525779,0.30000001,0.5,5,0.75,330.22,0.2810425973833409,0.0165,45.986877
2020-01-14,BOEING CO,09G725,0.5442330000000001,0.30000001,0.5,5,0.75,332.35001,0.2810240000750937,0.0163,45.986877
2020-01-15,BOEING CO,09G725,0.555646,0.30000001,0.5,5,0.75,329.79999,0.2810779304130766,0.016000001,45.986877
2020-01-16,BOEING CO,09G725,0.551178,0.30000001,0.5,5,0.75,332.0,0.2811574537530681,0.0163,45.986877
2020-01-17,BOEING CO,09G725,0.565137,0.30000001,0.5,5,0.75,324.14999,0.2814315807467077,0.0163,45.986877
2020-01-21,BOEING CO,09G725,0.612063,0.30000001,0.5,5,0.75,313.37,0.2829139242961549,0.015699999,45.986877
2020-01-22,BOEING CO,09G725,0.6213609999999999,0.30000001,0.5,5,0.75,309.0,0.282640239527979,0.015699999,45.986877
2020-01-23,BOEING CO,09G725,0.704645,0.30000001,0.5,5,0.75,317.79001,0.2840956638601806,0.0155,45.986877
2020-01-24,BOEING CO,09G725,0.677804,0.30000001,0.5,5,0.75,323.04999,0.2845910421658043,0.0151,45.986877
2020-01-27,BOEING CO,09G725,0.692024,0.30000001,0.5,5,0.75,316.60001,0.2847804615064304,0.0144,45.986877
2020-01-28,BOEING CO,09G725,0.672952,0.30000001,0.5,5,0.75,316.56,0.2847636219646202,0.0147,45.986877
2020-01-29,BOEING CO,09G725,0.660685,0.30000001,0.5,5,0.75,322.01999,0.2852502446717146,0.0141,45.986877
2020-01-30,BOEING CO,09G725,0.673678,0.30000001,0.5,5,0.75,323.29999,0.2782458660509274,0.0139,45.986877
2020-01-31,BOEING CO,09G725,0.7071,0.30000001,0.5,5,0.75,318.26999,0.2786097199515623,0.0132,45.957397
2020-02-03,BOEING CO,09G725,0.704253,0.30000001,0.5,5,0.75,316.0,0.2786384782889891,0.0135,50.664829
2020-02-04,BOEING CO,09G725,0.683596,0.30000001,0.5,5,0.75,317.94,0.2775671073561924,0.0142,50.664829
2020-02-05,BOEING CO,09G725,0.673202,0.30000001,0.5,5,0.75,329.54999,0.2779977512362741,0.0146,50.664829
2020-02-06,BOEING CO,09G725,0.671884,0.30000001,0.5,5,0.75,341.42999,0.2803957596032457,0.0145,50.664829
2020-02-07,BOEING CO,09G725,0.68754,0.30000001,0.5,5,0.75,336.75,0.2805629937010507,0.0141,50.664829
2020-02-10,BOEING CO,09G725,0.69124,0.30000001,0.5,5,0.75,344.67001,0.2815915597378682,0.0138,50.664829
2020-02-11,BOEING CO,09G725,0.658566,0.30000001,0.5,5,0.75,344.42001,0.2815847129754838,0.014,50.664829
2020-02-12,BOEING CO,09G725,0.6314690000000001,0.30000001,0.5,5,0.75,347.45001,0.2812116293177441,0.0145,50.664829
2020-02-13,BOEING CO,09G725,0.628427,0.30000001,0.5,5,0.75,342.82001,0.2812975860200445,0.0143,50.664829
2020-02-14,BOEING CO,09G725,0.6280789999999999,0.30000001,0.5,5,0.75,340.48999,0.2813649737921364,0.0142,50.664829
2020-02-18,BOEING CO,09G725,0.6332939999999999,0.30000001,0.5,5,0.75,338.88,0.2806527072961751,0.0139,50.664829
2020-02-19,BOEING CO,09G725,0.620404,0.30000001,0.5,5,0.75,338.29999,0.2806325873797657,0.0141,50.664829
2020-02-20,BOEING CO,09G725,0.610641,0.30000001,0.5,5,0.75,336.28,0.2803672041083604,0.0137,50.664829
2020-02-21,BOEING CO,09G725,0.62709,0.30000001,0.5,5,0.75,330.38,0.280738200233086,0.013,50.664829
2020-02-24,BOEING CO,09G725,0.669891,0.30000001,0.5,5,0.75,317.89999,0.2827027660135266,0.0121,50.664829
2020-02-25,BOEING CO,09G725,0.682648,0.30000001,0.5,5,0.75,304.14001,0.285756746707646,0.0116,50.664829
2020-02-26,BOEING CO,09G725,0.699052,0.30000001,0.5,5,0.75,305.59,0.2858159768121497,0.0114,50.664829
2020-02-27,BOEING CO,09G725,0.7463059999999999,0.30000001,0.5,5,0.75,287.76001,0.2906880955240764,0.0111,50.664829
2020-02-28,BOEING CO,09G725,0.776971,0.30000001,0.5,5,0.75,275.10999,0.2935440277182322,0.0088999998,50.664829
2020-03-02,BOEING CO,09G725,0.79543,0.30000001,0.5,5,0.75,289.26999,0.2982915574981364,0.0088,50.664829
2020-03-03,BOEING CO,09G725,0.8091740000000001,0.30000001,0.5,5,0.75,280.62,0.2991905341828509,0.0077,50.664829
2020-03-04,BOEING CO,09G725,0.788098,0.30000001,0.5,5,0.75,283.12,0.2993354746388209,0.0074999998,50.664829
2020-03-05,BOEING CO,09G725,0.868238,0.30000001,0.5,5,0.75,260.37,0.309357825346088,0.0066999998,50.664829
2020-03-06,BOEING CO,09G725,1.154813,0.30000001,0.5,5,0.75,262.32999,0.3094811352883793,0.0057999999,50.664829
2020-03-09,BOEING CO,09G725,1.732453,0.30000001,0.5,5,0.75,227.17,0.3366094878120921,0.0046000001,50.664829
2020-03-10,BOEING CO,09G725,1.568294,0.30000001,0.5,5,0.75,231.00999,0.3331959515952206,0.0063,50.664829
2020-03-11,BOEING CO,09G725,3.003476,0.30000001,0.5,5,0.75,189.08,0.3738789987108212,0.0066,50.664829
2020-03-12,BOEING CO,09G725,3.857925,0.30000001,0.5,5,0.75,154.84,0.4143349769527132,0.0066,50.664829
2020-03-13,BOEING CO,09G725,3.555365,0.30000001,0.5,5,0.75,170.2,0.4267076333967313,0.0070000002,50.664829
2020-03-16,BOEING CO,09G725,3.956822,0.30000001,0.5,5,0.75,129.61,0.4871750058822766,0.0049000001,50.664829
2020-03-17,BOEING CO,09G725,4.541888,0.30000001,0.5,5,0.75,124.14,0.4884973424742807,0.0066,50.664829
2020-03-18,BOEING CO,09G725,5.577506000000001,0.30000001,0.5,5,0.75,101.89,0.5190034169138192,0.0078999996,50.664829
2020-03-19,BOEING CO,09G725,5.781614,0.30000001,0.5,5,0.75,97.709999,0.5201509566401737,0.0066,50.664829
2020-03-20,BOEING CO,09G725,6.179346,0.30000001,0.5,5,0.75,95.010002,0.5206381264642219,0.0052,50.664829
2020-03-23,BOEING CO,09G725,6.167319,0.30000001,0.5,5,0.75,105.62,0.532951485211146,0.0038000001,50.664829
2020-03-24,BOEING CO,09G725,6.206964999999999,0.30000001,0.5,5,0.75,127.68,0.5733562053724434,0.0052,50.664829
2020-03-25,BOEING CO,09G725,5.675194,0.30000001,0.5,5,0.75,158.73,0.6241508195976624,0.0055999998,50.664829
2020-03-26,BOEING CO,09G725,4.72783,0.30000001,0.5,5,0.75,180.55,0.6395313943557365,0.0055999998,50.664829
2020-03-27,BOEING CO,09G725,4.532874,0.30000001,0.5,5,0.75,162.0,0.6474133602244679,0.0055999998,50.664829
2020-03-30,BOEING CO,09G725,4.477098,0.30000001,0.5,5,0.75,152.28,0.6496216851002524,0.0055999998,50.664829
2020-03-31,BOEING CO,09G725,4.401294,0.30000001,0.5,5,0.75,149.14,0.6492040180389187,0.0055999998,50.56839
2020-04-01,BOEING CO,09G725,4.548103,0.30000001,0.5,5,0.75,130.7,0.6603261095839889,0.0055999998,50.56839
2020-04-02,BOEING CO,09G725,4.572385000000001,0.30000001,0.5,5,0.75,123.27,0.6623763708848421,0.0055999998,50.56839
2020-04-03,BOEING CO,09G725,4.825861,0.30000001,0.5,5,0.75,124.52,0.6617224333169455,0.0055999998,50.56839
2020-04-06,BOEING CO,09G725,4.709433,0.30000001,0.5,5,0.75,148.77,0.6907939688644135,0.0055999998,50.56839
2020-04-07,BOEING CO,09G725,4.388753,0.30000001,0.5,5,0.75,141.58,0.6910350270073762,0.0055999998,50.56839
2020-04-08,BOEING CO,09G725,4.11637,0.30000001,0.5,5,0.75,146.87,0.6921004500853818,0.0055999998,50.56839
2020-04-09,BOEING CO,09G725,3.291970000000001,0.30000001,0.5,5,0.75,151.84,0.6930077820440598,0.0055999998,50.56839
2020-04-13,BOEING CO,09G725,3.2984,0.30000001,0.5,5,0.75,147.33,0.6933367522812386,0.0055999998,50.56839
2020-04-14,BOEING CO,09G725,3.132926,0.30000001,0.5,5,0.75,141.0,0.6939242874975948,0.0055999998,50.56839
2020-04-15,BOEING CO,09G725,3.070166,0.30000001,0.5,5,0.75,145.98,0.6949276491655131,0.0055999998,50.56839
2020-04-16,BOEING CO,09G725,3.129149,0.30000001,0.5,5,0.75,134.24001,0.6989770338909088,0.0055999998,50.56839
2020-04-17,BOEING CO,09G725,2.997568,0.30000001,0.5,5,0.75,154.0,0.7149097144263306,0.0055999998,50.56839
2020-04-20,BOEING CO,09G725,3.073278,0.30000001,0.5,5,0.75,143.61,0.7177926873715352,0.0055999998,50.56839
2020-04-21,BOEING CO,09G725,3.113335,0.30000001,0.5,5,0.75,136.33,0.7193185088728642,0.0055999998,50.56839
2020-04-22,BOEING CO,09G725,3.057239,0.30000001,0.5,5,0.75,134.97,0.7193527832883277,0.0055999998,50.56839
2020-04-23,BOEING CO,09G725,3.057265,0.30000001,0.5,5,0.75,137.74001,0.7197057535536303,0.0055999998,50.56839
2020-04-24,BOEING CO,09G725,3.240529,0.30000001,0.5,5,0.75,128.98,0.7219033143880215,0.0055999998,50.56839
2020-04-27,BOEING CO,09G725,3.356196,0.30000001,0.5,5,0.75,128.67999,0.7219007775584257,0.0055999998,50.56839
2020-04-28,BOEING CO,09G725,3.555287,0.30000001,0.5,5,0.75,131.3,0.7222844714078385,0.0055999998,50.56839
2020-04-29,BOEING CO,09G725,3.603595,0.30000001,0.5,5,0.75,139.0,0.7249209131718425,0.0055999998,50.56839
2020-04-30,BOEING CO,09G725,4.022527,0.30000001,0.5,5,0.75,141.02,0.725129976163299,0.0055999998,50.559517
2020-05-01,BOEING CO,09G725,4.171029,0.30000001,0.5,5,0.75,133.37,0.7269516793157912,0.0055999998,68.979752
2020-05-04,BOEING CO,09G725,4.340768,0.30000001,0.5,5,0.75,131.46001,0.7270240092671485,0.0055999998,68.979752
2020-05-05,BOEING CO,09G725,4.252098,0.30000001,0.5,5,0.75,125.4,0.7282296651956937,0.0055999998,68.979752
2020-05-06,BOEING CO,09G725,4.290479,0.30000001,0.5,5,0.75,121.86,0.7277895947892066,0.0055999998,68.979752
2020-05-07,BOEING CO,09G725,4.284341,0.30000001,0.5,5,0.75,128.64999,0.7301007960220696,0.0055999998,68.979752
2020-05-08,BOEING CO,09G725,4.271939000000001,0.30000001,0.5,5,0.75,133.44,0.7311718328526816,0.0055999998,68.979752
2020-05-11,BOEING CO,09G725,4.262581,0.30000001,0.5,5,0.75,128.91,0.7318223124521562,0.0055999998,68.979752
2020-05-12,BOEING CO,09G725,4.169857,0.30000001,0.5,5,0.75,125.22,0.7308259081361336,0.0055999998,68.979752
2020-05-13,BOEING CO,09G725,4.233424,0.30000001,0.5,5,0.75,121.5,0.7310523865109578,0.0055999998,68.979752
2020-05-14,BOEING CO,09G725,4.248544,0.30000001,0.5,5,0.75,122.52,0.7310660395826806,0.0055999998,68.979752
2020-05-15,BOEING CO,09G725,4.344021,0.30000001,0.5,5,0.75,120.0,0.730786719608044,0.0055999998,68.979752
2020-05-18,BOEING CO,09G725,4.176814,0.30000001,0.5,5,0.75,135.44,0.7425656988473742,0.0055999998,68.979752
2020-05-19,BOEING CO,09G725,4.055799,0.30000001,0.5,5,0.75,130.44,0.7433447352990447,0.0055999998,68.979752
2020-05-20,BOEING CO,09G725,3.90476,0.30000001,0.5,5,0.75,133.32001,0.7435033366146749,0.0055999998,68.979752
2020-05-21,BOEING CO,09G725,3.840329,0.30000001,0.5,5,0.75,139.0,0.7447545428192202,0.0055999998,68.979752
2020-05-22,BOEING CO,09G725,3.840621000000001,0.30000001,0.5,5,0.75,137.53,0.7447877206542988,0.0055999998,68.979752
2020-05-26,BOEING CO,09G725,3.646307,0.30000001,0.5,5,0.75,144.73,0.7466659131039688,0.0055999998,68.979752
2020-05-27,BOEING CO,09G725,3.526014,0.30000001,0.5,5,0.75,149.52,0.7475076304773703,0.0055999998,68.979752
2020-05-28,BOEING CO,09G725,3.326762,0.30000001,0.5,5,0.75,149.82001,0.7473695599159115,0.0055999998,68.979752
2020-05-29,BOEING CO,09G725,3.349496,0.30000001,0.5,5,0.75,145.85001,0.7477447475409406,0.0055999998,68.979752
2020-06-01,BOEING CO,09G725,3.256649,0.30000001,0.5,5,0.75,151.39,0.7485196844324759,0.0055999998,68.979752
2020-06-02,BOEING CO,09G725,3.193693,0.30000001,0.5,5,0.75,153.31,0.7486412253914909,0.0055999998,68.979752
2020-06-03,BOEING CO,09G725,3.005849,0.30000001,0.5,5,0.75,173.16,0.7598787390121987,0.0055999998,68.979752
2020-06-04,BOEING CO,09G725,2.800646,0.30000001,0.5,5,0.75,184.3,0.7626159102169033,0.0055999998,68.979752
2020-06-05,BOEING CO,09G725,2.485564,0.30000001,0.5,5,0.75,205.42999,0.7713638765121752,0.0055999998,68.979752
2020-06-08,BOEING CO,09G725,2.343671,0.30000001,0.5,5,0.75,230.5,0.7810500019158059,0.0055999998,68.979752
2020-06-09,BOEING CO,09G725,2.473444,0.30000001,0.5,5,0.75,216.74001,0.7832914284363889,0.0055999998,68.979752
2020-06-10,BOEING CO,09G725,2.605157,0.30000001,0.5,5,0.75,203.41,0.7855578883974753,0.0055999998,68.979752
2020-06-11,BOEING CO,09G725,2.995994,0.30000001,0.5,5,0.75,170.0,0.8023441348270081,0.0055999998,68.979752
2020-06-12,BOEING CO,09G725,2.93995,0.30000001,0.5,5,0.75,189.50999,0.8107044857346125,0.0055999998,68.979752
2020-06-15,BOEING CO,09G725,2.787303,0.30000001,0.5,5,0.75,190.94,0.8107410996181872,0.0055999998,68.979752
2020-06-16,BOEING CO,09G725,2.315258,0.30000001,0.5,5,0.75,197.77,0.811245038318475,0.0055999998,68.979752
2020-06-17,BOEING CO,09G725,2.322248,0.30000001,0.5,5,0.75,192.53999,0.809783506448366,0.0055999998,68.979752
2020-06-18,BOEING CO,09G725,2.467894,0.30000001,0.5,5,0.75,192.28999,0.8096747478156491,0.0055999998,68.979752
2020-06-19,BOEING CO,09G725,2.496654,0.30000001,0.5,5,0.75,187.02,0.8098857420662378,0.0055999998,68.979752
2020-06-22,BOEING CO,09G725,2.493803,0.30000001,0.5,5,0.75,188.52,0.8099121546215193,0.0055999998,68.979752
2020-06-23,BOEING CO,09G725,2.476275,0.30000001,0.5,5,0.75,187.88,0.8098835717208946,0.0055999998,68.979752
2020-06-24,BOEING CO,09G725,2.598362,0.30000001,0.5,5,0.75,176.69,0.8118944001844042,0.0055999998,68.979752
2020-06-25,BOEING CO,09G725,2.665828,0.30000001,0.5,5,0.75,174.88,0.8117662203166813,0.0055999998,68.979752
2020-06-26,BOEING CO,09G725,2.724064,0.30000001,0.5,5,0.75,170.00999,0.8117208419949641,0.0055999998,68.979752
2020-06-29,BOEING CO,09G725,2.509432,0.30000001,0.5,5,0.75,194.49001,0.8246895001896973,0.0055999998,68.979752
2020-06-30,BOEING CO,09G725,2.444165,0.30000001,0.5,5,0.75,183.3,0.8263854492945771,0.0055999998,68.979752
2020-07-01,BOEING CO,09G725,2.366662,0.30000001,0.5,5,0.75,180.32001,0.8265048671855256,0.0055999998,68.979752
2020-07-02,BOEING CO,09G725,2.309739,0.30000001,0.5,5,0.75,180.81,0.8265120214449008,0.0055999998,68.979752
2020-07-06,BOEING CO,09G725,2.212769,0.30000001,0.5,5,0.75,187.91,0.8274916937794259,0.0055999998,68.979752
2020-07-07,BOEING CO,09G725,2.241728,0.30000001,0.5,5,0.75,178.88,0.8287312431015944,0.0055999998,68.979752
2020-07-08,BOEING CO,09G725,2.25996,0.30000001,0.5,5,0.75,180.08,0.8287418944827627,0.0055999998,68.979752
2020-07-09,BOEING CO,09G725,2.332046,0.30000001,0.5,5,0.75,173.28,0.8295437345145427,0.0055999998,68.979752
2020-07-10,BOEING CO,09G725,2.401125,0.30000001,0.5,5,0.75,178.44,0.8298819196822275,0.0055999998,68.979752
2020-07-13,BOEING CO,09G725,2.384063,0.30000001,0.5,5,0.75,175.64999,0.8297854970713775,0.0055999998,68.979752
2020-07-14,BOEING CO,09G725,2.479695,0.30000001,0.5,5,0.75,179.96001,0.830146704767133,0.0055999998,68.979752
2020-07-15,BOEING CO,09G725,2.50732,0.30000001,0.5,5,0.75,187.94,0.8313937634343853,0.0055999998,68.979752
2020-07-16,BOEING CO,09G725,2.551749,0.30000001,0.5,5,0.75,178.7,0.8325339848260873,0.0055999998,68.979752
2020-07-17,BOEING CO,09G725,2.55257,0.30000001,0.5,5,0.75,175.66,0.8324040169851536,0.0055999998,68.979752
2020-07-20,BOEING CO,09G725,2.552385,0.30000001,0.5,5,0.75,174.42,0.8311188756525693,0.0055999998,68.979752
2020-07-21,BOEING CO,09G725,2.52972,0.30000001,0.5,5,0.75,178.63,0.8314705350228163,0.0055999998,68.979752
2020-07-22,BOEING CO,09G725,2.537198,0.30000001,0.5,5,0.75,179.78999,0.8315090878670761,0.0055999998,68.979752
2020-07-23,BOEING CO,09G725,2.52487,0.30000001,0.5,5,0.75,176.45,0.8311488562503787,0.0055999998,68.979752
2020-07-24,BOEING CO,09G725,2.560962,0.30000001,0.5,5,0.75,173.75999,0.8304990615337197,0.0055999998,68.979752
2020-07-27,BOEING CO,09G725,2.595215,0.30000001,0.5,5,0.75,170.21001,0.8306835695589407,0.0055999998,68.979752
2020-07-28,BOEING CO,09G725,2.647758,0.30000001,0.5,5,0.75,170.84,0.8306031200595394,0.0055999998,68.979752
2020-07-29,BOEING CO,09G725,2.677077,0.30000001,0.5,5,0.75,166.00999,0.8307282609468654,0.0055999998,68.979752
2020-07-30,BOEING CO,09G725,2.764555,0.30000001,0.5,5,0.75,161.95,0.8308785579632941,0.0055999998,68.979752
2020-07-31,BOEING CO,09G725,2.822679,0.30000001,0.5,5,0.75,158.0,0.8309820549888222,0.0055999998,68.9646
2020-08-03,BOEING CO,09G725,2.84404,0.30000001,0.5,5,0.75,162.27,0.8312956363140064,0.0055999998,108.74145
2020-08-04,BOEING CO,09G725,2.834205,0.30000001,0.5,5,0.75,165.07001,0.8311687992209821,0.0055999998,108.74145
2020-08-05,BOEING CO,09G725,2.774548,0.30000001,0.5,5,0.75,174.28,0.833114863595734,0.0055999998,108.74145
2020-08-06,BOEING CO,09G725,2.751619,0.30000001,0.5,5,0.75,172.2,0.8331819547933254,0.0055999998,108.74145
2020-08-07,BOEING CO,09G725,2.760176,0.30000001,0.5,5,0.75,170.02,0.8329583361221681,0.0055999998,108.74145
2020-08-10,BOEING CO,09G725,2.776006,0.30000001,0.5,5,0.75,179.41,0.8348631736898998,0.0055999998,108.74145
2020-08-11,BOEING CO,09G725,2.75526,0.30000001,0.5,5,0.75,180.13,0.8347826599209943,0.0055999998,108.74145
2020-08-12,BOEING CO,09G725,2.774079,0.30000001,0.5,5,0.75,175.44,0.8351561709235538,0.0055999998,108.74145
2020-08-13,BOEING CO,09G725,2.815273,0.30000001,0.5,5,0.75,174.73,0.8343664620109956,0.0055999998,108.74145
2020-08-14,BOEING CO,09G725,2.852179,0.30000001,0.5,5,0.75,178.08,0.8342474509067259,0.0055999998,108.74145
2020-08-17,BOEING CO,09G725,2.857545,0.30000001,0.5,5,0.75,172.00999,0.8348576089564104,0.0055999998,108.74145
2020-08-18,BOEING CO,09G725,2.866169,0.30000001,0.5,5,0.75,170.23,0.8348314261224692,0.0055999998,108.74145
2020-08-19,BOEING CO,09G725,2.878131,0.30000001,0.5,5,0.75,169.27,0.8348285811987937,0.0055999998,108.74145
2020-08-20,BOEING CO,09G725,2.889752,0.30000001,0.5,5,0.75,169.58,0.8344251037463517,0.0055999998,108.74145
2020-08-21,BOEING CO,09G725,2.88544,0.30000001,0.5,5,0.75,167.5,0.8333391685339909,0.0055999998,108.74145
2020-08-24,BOEING CO,09G725,2.857674,0.30000001,0.5,5,0.75,178.27,0.8359195389023336,0.0055999998,108.74145
2020-08-25,BOEING CO,09G725,2.837567,0.30000001,0.5,5,0.75,174.73,0.8360657918480697,0.0055999998,108.74145
2020-08-26,BOEING CO,09G725,2.83655,0.30000001,0.5,5,0.75,171.89999,0.8361284884628897,0.0055999998,108.74145
2020-08-27,BOEING CO,09G725,2.80673,0.30000001,0.5,5,0.75,174.2,0.836103852671195,0.0055999998,108.74145
2020-08-28,BOEING CO,09G725,2.799777,0.30000001,0.5,5,0.75,175.8,0.8361223662783067,0.0055999998,108.74145
2020-08-31,BOEING CO,09G725,2.793477,0.30000001,0.5,5,0.75,171.82001,0.8363737856814045,0.0055999998,108.74145
2020-09-01,BOEING CO,09G725,2.776387,0.30000001,0.5,5,0.75,172.10001,0.8360007972538971,0.0055999998,108.74145
2020-09-02,BOEING CO,09G725,2.741912,0.30000001,0.5,5,0.75,174.78,0.8361426513434661,0.0055999998,108.74145
2020-09-03,BOEING CO,09G725,2.751469,0.30000001,0.5,5,0.75,168.77,0.836704505733308,0.0055999998,108.74145
2020-09-04,BOEING CO,09G725,2.763939,0.30000001,0.5,5,0.75,171.05,0.8367928031852861,0.0055999998,108.74145
2020-09-08,BOEING CO,09G725,2.837373,0.30000001,0.5,5,0.75,161.08,0.8386528272828532,0.0055999998,108.74145
2020-09-09,BOEING CO,09G725,2.888341,0.30000001,0.5,5,0.75,160.78,0.8380551906314538,0.0055999998,108.74145
2020-09-10,BOEING CO,09G725,2.93346,0.30000001,0.5,5,0.75,157.69,0.8373530128291815,0.0055999998,108.74145
2020-09-11,BOEING CO,09G725,2.946574,0.30000001,0.5,5,0.75,160.23,0.8373745325980314,0.0055999998,108.74145
2020-09-14,BOEING CO,09G725,2.919953,0.30000001,0.5,5,0.75,165.35001,0.8379639250129292,0.0055999998,108.74145
2020-09-15,BOEING CO,09G725,2.916121,0.30000001,0.5,5,0.75,163.49001,0.8380159890887328,0.0055999998,108.74145
2020-09-16,BOEING CO,09G725,2.91853,0.30000001,0.5,5,0.75,167.46001,0.838274626871637,0.0055999998,108.74145
2020-09-17,BOEING CO,09G725,2.960898,0.30000001,0.5,5,0.75,167.53,0.8382436269410325,0.0055999998,108.74145
2020-09-18,BOEING CO,09G725,2.967645,0.30000001,0.5,5,0.75,161.14,0.8390205938248122,0.0055999998,108.74145
2020-09-21,BOEING CO,09G725,3.089177,0.30000001,0.5,5,0.75,156.35001,0.8394036636952806,0.0055999998,108.74145
2020-09-22,BOEING CO,09G725,3.094867,0.30000001,0.5,5,0.75,156.8,0.8394077040517244,0.0055999998,108.74145
2020-09-23,BOEING CO,09G725,3.124296,0.30000001,0.5,5,0.75,151.17999,0.8399632235731747,0.0055999998,108.74145
2020-09-24,BOEING CO,09G725,3.156145,0.30000001,0.5,5,0.75,146.05,0.8404391893578265,0.0055999998,108.74145
2020-09-25,BOEING CO,09G725,3.164037,0.30000001,0.5,5,0.75,156.03,0.8434047598399325,0.0055999998,108.74145
2020-09-28,BOEING CO,09G725,3.100524,0.30000001,0.5,5,0.75,166.08,0.8459849882081898,0.0055999998,108.74145
2020-09-29,BOEING CO,09G725,3.123962,0.30000001,0.5,5,0.75,163.60001,0.8460741805541427,0.0055999998,108.74145
2020-09-30,BOEING CO,09G725,3.05228,0.30000001,0.5,5,0.75,165.25999,0.8460633719698437,0.0055999998,108.74145
2020-10-01,BOEING CO,09G725,2.972265,0.30000001,0.5,5,0.75,167.86,0.8460404418565521,0.0055999998,108.74145
2020-10-02,BOEING CO,09G725,2.96502,0.30000001,0.5,5,0.75,168.08,0.8459220114289417,0.0055999998,108.74145
2020-10-05,BOEING CO,09G725,2.843135,0.30000001,0.5,5,0.75,171.2,0.8460886689034234,0.0055999998,108.74145
2020-10-06,BOEING CO,09G725,2.737238,0.30000001,0.5,5,0.75,159.53999,0.8486824057616311,0.0055999998,108.74145
2020-10-07,BOEING CO,09G725,2.701655,0.30000001,0.5,5,0.75,164.61,0.8493394586198939,0.0055999998,108.74145
2020-10-08,BOEING CO,09G725,2.666267,0.30000001,0.5,5,0.75,168.0,0.8496255580629966,0.0055999998,108.74145
2020-10-09,BOEING CO,09G725,2.636272,0.30000001,0.5,5,0.75,167.33,0.849581677900281,0.0055999998,108.74145
2020-10-12,BOEING CO,09G725,2.649648,0.30000001,0.5,5,0.75,167.35001,0.8494954071136592,0.0055999998,108.74145
2020-10-13,BOEING CO,09G725,2.704274,0.30000001,0.5,5,0.75,162.14,0.8499986717600523,0.0055999998,108.74145
2020-10-14,BOEING CO,09G725,2.77061,0.30000001,0.5,5,0.75,163.24001,0.8500320919848018,0.0055999998,108.74145
2020-10-15,BOEING CO,09G725,2.836495,0.30000001,0.5,5,0.75,164.24001,0.8500500462013681,0.0055999998,108.74145
2020-10-16,BOEING CO,09G725,2.677003,0.30000001,0.5,5,0.75,167.35001,0.85027022673855,0.0055999998,108.74145
2020-10-19,BOEING CO,09G725,2.634544,0.30000001,0.5,5,0.75,167.11,0.8476614527032044,0.0055999998,108.74145
2020-10-20,BOEING CO,09G725,2.589196,0.30000001,0.5,5,0.75,167.24001,0.8468814731052792,0.0055999998,108.74145
2020-10-21,BOEING CO,09G725,2.569019,0.30000001,0.5,5,0.75,163.86,0.846873729637601,0.0055999998,108.74145
2020-10-22,BOEING CO,09G725,2.544618,0.30000001,0.5,5,0.75,169.07001,0.8474446860601318,0.0055999998,108.74145
2020-10-23,BOEING CO,09G725,2.489253,0.30000001,0.5,5,0.75,167.36,0.8473867386037096,0.0055999998,108.74145
2020-10-26,BOEING CO,09G725,2.501092,0.30000001,0.5,5,0.75,160.83,0.8481320412261745,0.0055999998,108.74145
2020-10-27,BOEING CO,09G725,2.490781,0.30000001,0.5,5,0.75,155.24001,0.8487701883013611,0.0055999998,108.74145
2020-10-28,BOEING CO,09G725,2.601642,0.30000001,0.5,5,0.75,148.14,0.8495311376060579,0.0055999998,108.74145
2020-10-29,BOEING CO,09G725,2.670464,0.30000001,0.5,5,0.75,148.28999,0.8495122529437126,0.0055999998,108.74145
2020-10-30,BOEING CO,09G725,2.784572,0.30000001,0.5,5,0.75,144.39,0.8497136331260495,0.0055999998,108.72585
2020-11-02,BOEING CO,09G725,2.777002,0.30000001,0.5,5,0.75,148.60001,0.8501052587553335,0.0055999998,107.98186
2020-11-03,BOEING CO,09G725,2.720334,0.30000001,0.5,5,0.75,153.64999,0.8506528268022661,0.0055999998,107.98186
2020-11-04,BOEING CO,09G725,2.696897,0.30000001,0.5,5,0.75,151.63,0.8504333312336689,0.0055999998,107.98186
2020-11-05,BOEING CO,09G725,2.646543,0.30000001,0.5,5,0.75,157.09,0.8512243875468668,0.0055999998,107.98186
2020-11-06,BOEING CO,09G725,2.62897,0.30000001,0.5,5,0.75,157.74001,0.8510877087911165,0.0055999998,107.98186
2020-11-09,BOEING CO,09G725,2.285728,0.30000001,0.5,5,0.75,179.36,0.8621837784642299,0.0055999998,107.98186
2020-11-10,BOEING CO,09G725,2.287381,0.30000001,0.5,5,0.75,188.69,0.8625676075477704,0.0055999998,107.98186
2020-11-11,BOEING CO,09G725,2.285223,0.30000001,0.5,5,0.75,182.14999,0.8631607408853325,0.0055999998,107.98186
2020-11-12,BOEING CO,09G725,2.343155,0.30000001,0.5,5,0.75,176.72,0.8636328617574084,0.0055999998,107.98186
2020-11-13,BOEING CO,09G725,2.33318,0.30000001,0.5,5,0.75,187.11,0.8656001951851678,0.0055999998,107.98186
2020-11-17,BOEING CO,09G725,2.194923,0.30000001,0.5,5,0.75,210.05,0.8703185383111554,0.0055999998,107.98186
2020-11-18,BOEING CO,09G725,2.087772,0.30000001,0.5,5,0.75,203.3,0.8708648315464272,0.0055999998,107.98186
2020-11-19,BOEING CO,09G725,2.07423,0.30000001,0.5,5,0.75,205.67,0.8708795013725489,0.0055999998,107.98186
2020-11-20,BOEING CO,09G725,2.117994,0.30000001,0.5,5,0.75,199.62,0.8712762874466573,0.0055999998,107.98186
2020-11-23,BOEING CO,09G725,2.046883,0.30000001,0.5,5,0.75,211.53,0.8732662449209396,0.0055999998,107.98186
2020-11-24,BOEING CO,09G725,1.951515,0.30000001,0.5,5,0.75,218.49001,0.8738968181615376,0.0055999998,107.98186
2020-11-25,BOEING CO,09G725,1.944932,0.30000001,0.5,5,0.75,217.61,0.8739020673066289,0.0055999998,107.98186
2020-11-27,BOEING CO,09G725,1.925675,0.30000001,0.5,5,0.75,216.5,0.8737977742585369,0.0055999998,107.98186
2020-11-30,BOEING CO,09G725,1.914196,0.30000001,0.5,5,0.75,210.71001,0.8741783829125321,0.0055999998,107.98186
2020-12-01,BOEING CO,09G725,1.850922,0.30000001,0.5,5,0.75,213.00999,0.8737540970972869,0.0055999998,107.98186
2020-12-02,BOEING CO,09G725,1.764337,0.30000001,0.5,5,0.75,223.85001,0.8752233357427798,0.0055999998,107.98186
2020-12-03,BOEING CO,09G725,1.604083,0.30000001,0.5,5,0.75,237.2,0.8772227450333018,0.0055999998,107.98186
2020-12-04,BOEING CO,09G725,1.439032,0.30000001,0.5,5,0.75,232.71001,0.8773798397960983,0.0055999998,107.98186
2020-12-07,BOEING CO,09G725,1.388083,0.30000001,0.5,5,0.75,238.17,0.8773580600381575,0.0055999998,107.98186
2020-12-08,BOEING CO,09G725,1.398893,0.30000001,0.5,5,0.75,236.57001,0.8773454471398584,0.0055999998,107.98186
2020-12-09,BOEING CO,09G725,1.398174,0.30000001,0.5,5,0.75,232.06,0.8775011711393335,0.0055999998,107.98186
2020-12-10,BOEING CO,09G725,1.422549,0.30000001,0.5,5,0.75,234.42999,0.8775408078706985,0.0055999998,107.98186
2020-12-11,BOEING CO,09G725,1.445062,0.30000001,0.5,5,0.75,230.33,0.8776500728409629,0.0055999998,107.98186
2020-12-14,BOEING CO,09G725,1.442133,0.30000001,0.5,5,0.75,228.62,0.8775792330243964,0.0055999998,107.98186
2020-12-15,BOEING CO,09G725,1.437464,0.30000001,0.5,5,0.75,229.5,0.8765275222927331,0.0055999998,107.98186
2020-12-16,BOEING CO,09G725,1.447113,0.30000001,0.5,5,0.75,225.87,0.8766724331323887,0.0055999998,107.98186
2020-12-17,BOEING CO,09G725,1.455072,0.30000001,0.5,5,0.75,221.24001,0.8768412994030916,0.0055999998,107.98186
2020-12-18,BOEING CO,09G725,1.493617,0.30000001,0.5,5,0.75,219.75,0.8768246458008406,0.0055999998,107.98186
2020-12-21,BOEING CO,09G725,1.584699,0.30000001,0.5,5,0.75,219.31,0.8766715102658978,0.0055999998,107.98186
2020-12-22,BOEING CO,09G725,1.585555,0.30000001,0.5,5,0.75,218.78,0.8761869268695587,0.0055999998,107.98186
2020-12-23,BOEING CO,09G725,1.578994,0.30000001,0.5,5,0.75,219.69,0.8760948550882399,0.0055999998,107.98186
2020-12-24,BOEING CO,09G725,1.573541,0.30000001,0.5,5,0.75,217.14999,0.8761213593054142,0.0055999998,107.98186
2020-12-28,BOEING CO,09G725,1.587706,0.30000001,0.5,5,0.75,216.09,0.8761339134126059,0.0055999998,107.98186
2020-12-29,BOEING CO,09G725,1.584025,0.30000001,0.5,5,0.75,216.25,0.8760615790490789,0.0055999998,107.98186
2020-12-30,BOEING CO,09G725,1.588725,0.30000001,0.5,5,0.75,216.67,0.8760618205199043,0.0055999998,107.98186
2020-12-31,BOEING CO,09G725,1.579392,0.30000001,0.5,5,0.75,214.06,0.8758314978473141,0.0055999998,107.98186
